[2026-05-28 18:36:08] local.ERROR: Database file at path [kabaddi_counter] does not exist. Ensure this is an absolute path to the database. (Connection: sqlite, Database: kabaddi_counter, SQL: select exists (select 1 from "main".sqlite_master where name = 'migrations' and type = 'table') as "exists") {"exception":"[object] (Illuminate\\Database\\QueryException(code: 0): Database file at path [kabaddi_counter] does not exist. Ensure this is an absolute path to the database. (Connection: sqlite, Database: kabaddi_counter, SQL: select exists (select 1 from \"main\".sqlite_master where name = 'migrations' and type = 'table') as \"exists\") at D:/ANDROID/kabaddi-counter-viewModel/backend_laravel/vendor/laravel/framework/src/Illuminate/Database/Connection.php:841)
[stacktrace]
#0 D:/ANDROID/kabaddi-counter-viewModel/backend_laravel/vendor/laravel/framework/src/Illuminate/Database/Connection.php(797): Illuminate/Database/Connection->runQueryCallback()
#1 D:/ANDROID/kabaddi-counter-viewModel/backend_laravel/vendor/laravel/framework/src/Illuminate/Database/Connection.php(412): Illuminate/Database/Connection->run()
#2 D:/ANDROID/kabaddi-counter-viewModel/backend_laravel/vendor/laravel/framework/src/Illuminate/Database/Connection.php(357): Illuminate/Database/Connection->select()
#3 D:/ANDROID/kabaddi-counter-viewModel/backend_laravel/vendor/laravel/framework/src/Illuminate/Database/Connection.php(374): Illuminate/Database/Connection->selectOne()
#4 D:/ANDROID/kabaddi-counter-viewModel/backend_laravel/vendor/laravel/framework/src/Illuminate/Database/Schema/Builder.php(176): Illuminate/Database/Connection->scalar()
#5 D:/ANDROID/kabaddi-counter-viewModel/backend_laravel/vendor/laravel/framework/src/Illuminate/Database/Migrations/DatabaseMigrationRepository.php(185): Illuminate/Database/Schema/Builder->hasTable()
#6 D:/ANDROID/kabaddi-counter-viewModel/backend_laravel/vendor/laravel/framework/src/Illuminate/Database/Migrations/Migrator.php(758): Illuminate/Database/Migrations/DatabaseMigrationRepository->repositoryExists()
#7 D:/ANDROID/kabaddi-counter-viewModel/backend_laravel/vendor/laravel/framework/src/Illuminate/Database/Console/Migrations/MigrateCommand.php(166): Illuminate/Database/Migrations/Migrator->repositoryExists()
#8 D:/ANDROID/kabaddi-counter-viewModel/backend_laravel/vendor/laravel/framework/src/Illuminate/Support/helpers.php(328): Illuminate/Database/Console/Migrations/MigrateCommand->Illuminate/Database/Console/Migrations/{closure}()
#9 D:/ANDROID/kabaddi-counter-viewModel/backend_laravel/vendor/laravel/framework/src/Illuminate/Database/Console/Migrations/MigrateCommand.php(166): retry()
#10 D:/ANDROID/kabaddi-counter-viewModel/backend_laravel/vendor/laravel/framework/src/Illuminate/Database/Console/Migrations/MigrateCommand.php(142): Illuminate/Database/Console/Migrations/MigrateCommand->repositoryExists()
#11 D:/ANDROID/kabaddi-counter-viewModel/backend_laravel/vendor/laravel/framework/src/Illuminate/Database/Console/Migrations/MigrateCommand.php(112): Illuminate/Database/Console/Migrations/MigrateCommand->prepareDatabase()
#12 D:/ANDROID/kabaddi-counter-viewModel/backend_laravel/vendor/laravel/framework/src/Illuminate/Database/Migrations/Migrator.php(671): Illuminate/Database/Console/Migrations/MigrateCommand->Illuminate/Database/Console/Migrations/{closure}()
#13 D:/ANDROID/kabaddi-counter-viewModel/backend_laravel/vendor/laravel/framework/src/Illuminate/Database/Console/Migrations/MigrateCommand.php(111): Illuminate/Database/Migrations/Migrator->usingConnection()
#14 D:/ANDROID/kabaddi-counter-viewModel/backend_laravel/vendor/laravel/framework/src/Illuminate/Database/Console/Migrations/MigrateCommand.php(90): Illuminate/Database/Console/Migrations/MigrateCommand->runMigrations()
#15 D:/ANDROID/kabaddi-counter-viewModel/backend_laravel/vendor/laravel/framework/src/Illuminate/Container/BoundMethod.php(36): Illuminate/Database/Console/Migrations/MigrateCommand->handle()
#16 D:/ANDROID/kabaddi-counter-viewModel/backend_laravel/vendor/laravel/framework/src/Illuminate/Container/Util.php(43): Illuminate/Container/BoundMethod::Illuminate/Container/{closure}()
#17 D:/ANDROID/kabaddi-counter-viewModel/backend_laravel/vendor/laravel/framework/src/Illuminate/Container/BoundMethod.php(96): Illuminate/Container/Util::unwrapIfClosure()
#18 D:/ANDROID/kabaddi-counter-viewModel/backend_laravel/vendor/laravel/framework/src/Illuminate/Container/BoundMethod.php(35): Illuminate/Container/BoundMethod::callBoundMethod()
#19 D:/ANDROID/kabaddi-counter-viewModel/backend_laravel/vendor/laravel/framework/src/Illuminate/Container/Container.php(799): Illuminate/Container/BoundMethod::call()
#20 D:/ANDROID/kabaddi-counter-viewModel/backend_laravel/vendor/laravel/framework/src/Illuminate/Console/Command.php(280): Illuminate/Container/Container->call()
#21 D:/ANDROID/kabaddi-counter-viewModel/backend_laravel/vendor/symfony/console/Command/Command.php(341): Illuminate/Console/Command->execute()
#22 D:/ANDROID/kabaddi-counter-viewModel/backend_laravel/vendor/laravel/framework/src/Illuminate/Console/Command.php(249): Symfony/Component/Console/Command/Command->run()
#23 D:/ANDROID/kabaddi-counter-viewModel/backend_laravel/vendor/symfony/console/Application.php(1117): Illuminate/Console/Command->run()
#24 D:/ANDROID/kabaddi-counter-viewModel/backend_laravel/vendor/symfony/console/Application.php(356): Symfony/Component/Console/Application->doRunCommand()
#25 D:/ANDROID/kabaddi-counter-viewModel/backend_laravel/vendor/symfony/console/Application.php(195): Symfony/Component/Console/Application->doRun()
#26 D:/ANDROID/kabaddi-counter-viewModel/backend_laravel/vendor/laravel/framework/src/Illuminate/Foundation/Console/Kernel.php(198): Symfony/Component/Console/Application->run()
#27 D:/ANDROID/kabaddi-counter-viewModel/backend_laravel/vendor/laravel/framework/src/Illuminate/Foundation/Application.php(1235): Illuminate/Foundation/Console/Kernel->handle()
#28 D:/ANDROID/kabaddi-counter-viewModel/backend_laravel/artisan(16): Illuminate/Foundation/Application->handleCommand()
#29 {main}

[previous exception] [object] (Illuminate\\Database\\SQLiteDatabaseDoesNotExistException(code: 0): Database file at path [kabaddi_counter] does not exist. Ensure this is an absolute path to the database. at D:/ANDROID/kabaddi-counter-viewModel/backend_laravel/vendor/laravel/framework/src/Illuminate/Database/Connectors/SQLiteConnector.php:61)
[stacktrace]
#0 D:/ANDROID/kabaddi-counter-viewModel/backend_laravel/vendor/laravel/framework/src/Illuminate/Database/Connectors/SQLiteConnector.php(19): Illuminate/Database/Connectors/SQLiteConnector->parseDatabasePath()
#1 D:/ANDROID/kabaddi-counter-viewModel/backend_laravel/vendor/laravel/framework/src/Illuminate/Database/Connectors/ConnectionFactory.php(227): Illuminate/Database/Connectors/SQLiteConnector->connect()
#2 [internal function]: Illuminate/Database/Connectors/ConnectionFactory->Illuminate/Database/Connectors/{closure}()
#3 D:/ANDROID/kabaddi-counter-viewModel/backend_laravel/vendor/laravel/framework/src/Illuminate/Database/Connection.php(1279): call_user_func()
#4 D:/ANDROID/kabaddi-counter-viewModel/backend_laravel/vendor/laravel/framework/src/Illuminate/Database/Connection.php(1317): Illuminate/Database/Connection->getPdo()
#5 D:/ANDROID/kabaddi-counter-viewModel/backend_laravel/vendor/laravel/framework/src/Illuminate/Database/Connection.php(528): Illuminate/Database/Connection->getReadPdo()
#6 D:/ANDROID/kabaddi-counter-viewModel/backend_laravel/vendor/laravel/framework/src/Illuminate/Database/Connection.php(421): Illuminate/Database/Connection->getPdoForSelect()
#7 D:/ANDROID/kabaddi-counter-viewModel/backend_laravel/vendor/laravel/framework/src/Illuminate/Database/Connection.php(830): Illuminate/Database/Connection->Illuminate/Database/{closure}()
#8 D:/ANDROID/kabaddi-counter-viewModel/backend_laravel/vendor/laravel/framework/src/Illuminate/Database/Connection.php(797): Illuminate/Database/Connection->runQueryCallback()
#9 D:/ANDROID/kabaddi-counter-viewModel/backend_laravel/vendor/laravel/framework/src/Illuminate/Database/Connection.php(412): Illuminate/Database/Connection->run()
#10 D:/ANDROID/kabaddi-counter-viewModel/backend_laravel/vendor/laravel/framework/src/Illuminate/Database/Connection.php(357): Illuminate/Database/Connection->select()
#11 D:/ANDROID/kabaddi-counter-viewModel/backend_laravel/vendor/laravel/framework/src/Illuminate/Database/Connection.php(374): Illuminate/Database/Connection->selectOne()
#12 D:/ANDROID/kabaddi-counter-viewModel/backend_laravel/vendor/laravel/framework/src/Illuminate/Database/Schema/Builder.php(176): Illuminate/Database/Connection->scalar()
#13 D:/ANDROID/kabaddi-counter-viewModel/backend_laravel/vendor/laravel/framework/src/Illuminate/Database/Migrations/DatabaseMigrationRepository.php(185): Illuminate/Database/Schema/Builder->hasTable()
#14 D:/ANDROID/kabaddi-counter-viewModel/backend_laravel/vendor/laravel/framework/src/Illuminate/Database/Migrations/Migrator.php(758): Illuminate/Database/Migrations/DatabaseMigrationRepository->repositoryExists()
#15 D:/ANDROID/kabaddi-counter-viewModel/backend_laravel/vendor/laravel/framework/src/Illuminate/Database/Console/Migrations/MigrateCommand.php(166): Illuminate/Database/Migrations/Migrator->repositoryExists()
#16 D:/ANDROID/kabaddi-counter-viewModel/backend_laravel/vendor/laravel/framework/src/Illuminate/Support/helpers.php(328): Illuminate/Database/Console/Migrations/MigrateCommand->Illuminate/Database/Console/Migrations/{closure}()
#17 D:/ANDROID/kabaddi-counter-viewModel/backend_laravel/vendor/laravel/framework/src/Illuminate/Database/Console/Migrations/MigrateCommand.php(166): retry()
#18 D:/ANDROID/kabaddi-counter-viewModel/backend_laravel/vendor/laravel/framework/src/Illuminate/Database/Console/Migrations/MigrateCommand.php(142): Illuminate/Database/Console/Migrations/MigrateCommand->repositoryExists()
#19 D:/ANDROID/kabaddi-counter-viewModel/backend_laravel/vendor/laravel/framework/src/Illuminate/Database/Console/Migrations/MigrateCommand.php(112): Illuminate/Database/Console/Migrations/MigrateCommand->prepareDatabase()
#20 D:/ANDROID/kabaddi-counter-viewModel/backend_laravel/vendor/laravel/framework/src/Illuminate/Database/Migrations/Migrator.php(671): Illuminate/Database/Console/Migrations/MigrateCommand->Illuminate/Database/Console/Migrations/{closure}()
#21 D:/ANDROID/kabaddi-counter-viewModel/backend_laravel/vendor/laravel/framework/src/Illuminate/Database/Console/Migrations/MigrateCommand.php(111): Illuminate/Database/Migrations/Migrator->usingConnection()
#22 D:/ANDROID/kabaddi-counter-viewModel/backend_laravel/vendor/laravel/framework/src/Illuminate/Database/Console/Migrations/MigrateCommand.php(90): Illuminate/Database/Console/Migrations/MigrateCommand->runMigrations()
#23 D:/ANDROID/kabaddi-counter-viewModel/backend_laravel/vendor/laravel/framework/src/Illuminate/Container/BoundMethod.php(36): Illuminate/Database/Console/Migrations/MigrateCommand->handle()
#24 D:/ANDROID/kabaddi-counter-viewModel/backend_laravel/vendor/laravel/framework/src/Illuminate/Container/Util.php(43): Illuminate/Container/BoundMethod::Illuminate/Container/{closure}()
#25 D:/ANDROID/kabaddi-counter-viewModel/backend_laravel/vendor/laravel/framework/src/Illuminate/Container/BoundMethod.php(96): Illuminate/Container/Util::unwrapIfClosure()
#26 D:/ANDROID/kabaddi-counter-viewModel/backend_laravel/vendor/laravel/framework/src/Illuminate/Container/BoundMethod.php(35): Illuminate/Container/BoundMethod::callBoundMethod()
#27 D:/ANDROID/kabaddi-counter-viewModel/backend_laravel/vendor/laravel/framework/src/Illuminate/Container/Container.php(799): Illuminate/Container/BoundMethod::call()
#28 D:/ANDROID/kabaddi-counter-viewModel/backend_laravel/vendor/laravel/framework/src/Illuminate/Console/Command.php(280): Illuminate/Container/Container->call()
#29 D:/ANDROID/kabaddi-counter-viewModel/backend_laravel/vendor/symfony/console/Command/Command.php(341): Illuminate/Console/Command->execute()
#30 D:/ANDROID/kabaddi-counter-viewModel/backend_laravel/vendor/laravel/framework/src/Illuminate/Console/Command.php(249): Symfony/Component/Console/Command/Command->run()
#31 D:/ANDROID/kabaddi-counter-viewModel/backend_laravel/vendor/symfony/console/Application.php(1117): Illuminate/Console/Command->run()
#32 D:/ANDROID/kabaddi-counter-viewModel/backend_laravel/vendor/symfony/console/Application.php(356): Symfony/Component/Console/Application->doRunCommand()
#33 D:/ANDROID/kabaddi-counter-viewModel/backend_laravel/vendor/symfony/console/Application.php(195): Symfony/Component/Console/Application->doRun()
#34 D:/ANDROID/kabaddi-counter-viewModel/backend_laravel/vendor/laravel/framework/src/Illuminate/Foundation/Console/Kernel.php(198): Symfony/Component/Console/Application->run()
#35 D:/ANDROID/kabaddi-counter-viewModel/backend_laravel/vendor/laravel/framework/src/Illuminate/Foundation/Application.php(1235): Illuminate/Foundation/Console/Kernel->handle()
#36 D:/ANDROID/kabaddi-counter-viewModel/backend_laravel/artisan(16): Illuminate/Foundation/Application->handleCommand()
#37 {main}
"} 
[2026-05-28 18:36:11] local.ERROR: could not find driver (Connection: mysql, Host: 127.0.0.1, Port: 3306, Database: kabaddi_counter, SQL: select exists (select 1 from information_schema.tables where table_schema = schema() and table_name = 'migrations' and table_type in ('BASE TABLE', 'SYSTEM VERSIONED')) as `exists`) {"exception":"[object] (Illuminate\\Database\\QueryException(code: 0): could not find driver (Connection: mysql, Host: 127.0.0.1, Port: 3306, Database: kabaddi_counter, SQL: select exists (select 1 from information_schema.tables where table_schema = schema() and table_name = 'migrations' and table_type in ('BASE TABLE', 'SYSTEM VERSIONED')) as `exists`) at D:/ANDROID/kabaddi-counter-viewModel/backend_laravel/vendor/laravel/framework/src/Illuminate/Database/Connection.php:841)
[stacktrace]
#0 D:/ANDROID/kabaddi-counter-viewModel/backend_laravel/vendor/laravel/framework/src/Illuminate/Database/Connection.php(797): Illuminate/Database/Connection->runQueryCallback()
#1 D:/ANDROID/kabaddi-counter-viewModel/backend_laravel/vendor/laravel/framework/src/Illuminate/Database/Connection.php(412): Illuminate/Database/Connection->run()
#2 D:/ANDROID/kabaddi-counter-viewModel/backend_laravel/vendor/laravel/framework/src/Illuminate/Database/Connection.php(357): Illuminate/Database/Connection->select()
#3 D:/ANDROID/kabaddi-counter-viewModel/backend_laravel/vendor/laravel/framework/src/Illuminate/Database/Connection.php(374): Illuminate/Database/Connection->selectOne()
#4 D:/ANDROID/kabaddi-counter-viewModel/backend_laravel/vendor/laravel/framework/src/Illuminate/Database/Schema/Builder.php(176): Illuminate/Database/Connection->scalar()
#5 D:/ANDROID/kabaddi-counter-viewModel/backend_laravel/vendor/laravel/framework/src/Illuminate/Database/Migrations/DatabaseMigrationRepository.php(185): Illuminate/Database/Schema/Builder->hasTable()
#6 D:/ANDROID/kabaddi-counter-viewModel/backend_laravel/vendor/laravel/framework/src/Illuminate/Database/Migrations/Migrator.php(758): Illuminate/Database/Migrations/DatabaseMigrationRepository->repositoryExists()
#7 D:/ANDROID/kabaddi-counter-viewModel/backend_laravel/vendor/laravel/framework/src/Illuminate/Database/Console/Migrations/MigrateCommand.php(166): Illuminate/Database/Migrations/Migrator->repositoryExists()
#8 D:/ANDROID/kabaddi-counter-viewModel/backend_laravel/vendor/laravel/framework/src/Illuminate/Support/helpers.php(328): Illuminate/Database/Console/Migrations/MigrateCommand->Illuminate/Database/Console/Migrations/{closure}()
#9 D:/ANDROID/kabaddi-counter-viewModel/backend_laravel/vendor/laravel/framework/src/Illuminate/Database/Console/Migrations/MigrateCommand.php(166): retry()
#10 D:/ANDROID/kabaddi-counter-viewModel/backend_laravel/vendor/laravel/framework/src/Illuminate/Database/Console/Migrations/MigrateCommand.php(142): Illuminate/Database/Console/Migrations/MigrateCommand->repositoryExists()
#11 D:/ANDROID/kabaddi-counter-viewModel/backend_laravel/vendor/laravel/framework/src/Illuminate/Database/Console/Migrations/MigrateCommand.php(112): Illuminate/Database/Console/Migrations/MigrateCommand->prepareDatabase()
#12 D:/ANDROID/kabaddi-counter-viewModel/backend_laravel/vendor/laravel/framework/src/Illuminate/Database/Migrations/Migrator.php(671): Illuminate/Database/Console/Migrations/MigrateCommand->Illuminate/Database/Console/Migrations/{closure}()
#13 D:/ANDROID/kabaddi-counter-viewModel/backend_laravel/vendor/laravel/framework/src/Illuminate/Database/Console/Migrations/MigrateCommand.php(111): Illuminate/Database/Migrations/Migrator->usingConnection()
#14 D:/ANDROID/kabaddi-counter-viewModel/backend_laravel/vendor/laravel/framework/src/Illuminate/Database/Console/Migrations/MigrateCommand.php(90): Illuminate/Database/Console/Migrations/MigrateCommand->runMigrations()
#15 D:/ANDROID/kabaddi-counter-viewModel/backend_laravel/vendor/laravel/framework/src/Illuminate/Container/BoundMethod.php(36): Illuminate/Database/Console/Migrations/MigrateCommand->handle()
#16 D:/ANDROID/kabaddi-counter-viewModel/backend_laravel/vendor/laravel/framework/src/Illuminate/Container/Util.php(43): Illuminate/Container/BoundMethod::Illuminate/Container/{closure}()
#17 D:/ANDROID/kabaddi-counter-viewModel/backend_laravel/vendor/laravel/framework/src/Illuminate/Container/BoundMethod.php(96): Illuminate/Container/Util::unwrapIfClosure()
#18 D:/ANDROID/kabaddi-counter-viewModel/backend_laravel/vendor/laravel/framework/src/Illuminate/Container/BoundMethod.php(35): Illuminate/Container/BoundMethod::callBoundMethod()
#19 D:/ANDROID/kabaddi-counter-viewModel/backend_laravel/vendor/laravel/framework/src/Illuminate/Container/Container.php(799): Illuminate/Container/BoundMethod::call()
#20 D:/ANDROID/kabaddi-counter-viewModel/backend_laravel/vendor/laravel/framework/src/Illuminate/Console/Command.php(280): Illuminate/Container/Container->call()
#21 D:/ANDROID/kabaddi-counter-viewModel/backend_laravel/vendor/symfony/console/Command/Command.php(341): Illuminate/Console/Command->execute()
#22 D:/ANDROID/kabaddi-counter-viewModel/backend_laravel/vendor/laravel/framework/src/Illuminate/Console/Command.php(249): Symfony/Component/Console/Command/Command->run()
#23 D:/ANDROID/kabaddi-counter-viewModel/backend_laravel/vendor/symfony/console/Application.php(1117): Illuminate/Console/Command->run()
#24 D:/ANDROID/kabaddi-counter-viewModel/backend_laravel/vendor/symfony/console/Application.php(356): Symfony/Component/Console/Application->doRunCommand()
#25 D:/ANDROID/kabaddi-counter-viewModel/backend_laravel/vendor/symfony/console/Application.php(195): Symfony/Component/Console/Application->doRun()
#26 D:/ANDROID/kabaddi-counter-viewModel/backend_laravel/vendor/laravel/framework/src/Illuminate/Foundation/Console/Kernel.php(198): Symfony/Component/Console/Application->run()
#27 D:/ANDROID/kabaddi-counter-viewModel/backend_laravel/vendor/laravel/framework/src/Illuminate/Foundation/Application.php(1235): Illuminate/Foundation/Console/Kernel->handle()
#28 D:/ANDROID/kabaddi-counter-viewModel/backend_laravel/artisan(16): Illuminate/Foundation/Application->handleCommand()
#29 {main}

[previous exception] [object] (PDOException(code: 0): could not find driver at D:/ANDROID/kabaddi-counter-viewModel/backend_laravel/vendor/laravel/framework/src/Illuminate/Database/Connectors/Connector.php:66)
[stacktrace]
#0 D:/ANDROID/kabaddi-counter-viewModel/backend_laravel/vendor/laravel/framework/src/Illuminate/Database/Connectors/Connector.php(66): PDO->__construct()
#1 D:/ANDROID/kabaddi-counter-viewModel/backend_laravel/vendor/laravel/framework/src/Illuminate/Database/Connectors/Connector.php(44): Illuminate/Database/Connectors/Connector->createPdoConnection()
#2 D:/ANDROID/kabaddi-counter-viewModel/backend_laravel/vendor/laravel/framework/src/Illuminate/Database/Connectors/MySqlConnector.php(24): Illuminate/Database/Connectors/Connector->createConnection()
#3 D:/ANDROID/kabaddi-counter-viewModel/backend_laravel/vendor/laravel/framework/src/Illuminate/Database/Connectors/ConnectionFactory.php(188): Illuminate/Database/Connectors/MySqlConnector->connect()
#4 [internal function]: Illuminate/Database/Connectors/ConnectionFactory->Illuminate/Database/Connectors/{closure}()
#5 D:/ANDROID/kabaddi-counter-viewModel/backend_laravel/vendor/laravel/framework/src/Illuminate/Database/Connection.php(1279): call_user_func()
#6 D:/ANDROID/kabaddi-counter-viewModel/backend_laravel/vendor/laravel/framework/src/Illuminate/Database/Connection.php(1317): Illuminate/Database/Connection->getPdo()
#7 D:/ANDROID/kabaddi-counter-viewModel/backend_laravel/vendor/laravel/framework/src/Illuminate/Database/Connection.php(528): Illuminate/Database/Connection->getReadPdo()
#8 D:/ANDROID/kabaddi-counter-viewModel/backend_laravel/vendor/laravel/framework/src/Illuminate/Database/Connection.php(421): Illuminate/Database/Connection->getPdoForSelect()
#9 D:/ANDROID/kabaddi-counter-viewModel/backend_laravel/vendor/laravel/framework/src/Illuminate/Database/Connection.php(830): Illuminate/Database/Connection->Illuminate/Database/{closure}()
#10 D:/ANDROID/kabaddi-counter-viewModel/backend_laravel/vendor/laravel/framework/src/Illuminate/Database/Connection.php(797): Illuminate/Database/Connection->runQueryCallback()
#11 D:/ANDROID/kabaddi-counter-viewModel/backend_laravel/vendor/laravel/framework/src/Illuminate/Database/Connection.php(412): Illuminate/Database/Connection->run()
#12 D:/ANDROID/kabaddi-counter-viewModel/backend_laravel/vendor/laravel/framework/src/Illuminate/Database/Connection.php(357): Illuminate/Database/Connection->select()
#13 D:/ANDROID/kabaddi-counter-viewModel/backend_laravel/vendor/laravel/framework/src/Illuminate/Database/Connection.php(374): Illuminate/Database/Connection->selectOne()
#14 D:/ANDROID/kabaddi-counter-viewModel/backend_laravel/vendor/laravel/framework/src/Illuminate/Database/Schema/Builder.php(176): Illuminate/Database/Connection->scalar()
#15 D:/ANDROID/kabaddi-counter-viewModel/backend_laravel/vendor/laravel/framework/src/Illuminate/Database/Migrations/DatabaseMigrationRepository.php(185): Illuminate/Database/Schema/Builder->hasTable()
#16 D:/ANDROID/kabaddi-counter-viewModel/backend_laravel/vendor/laravel/framework/src/Illuminate/Database/Migrations/Migrator.php(758): Illuminate/Database/Migrations/DatabaseMigrationRepository->repositoryExists()
#17 D:/ANDROID/kabaddi-counter-viewModel/backend_laravel/vendor/laravel/framework/src/Illuminate/Database/Console/Migrations/MigrateCommand.php(166): Illuminate/Database/Migrations/Migrator->repositoryExists()
#18 D:/ANDROID/kabaddi-counter-viewModel/backend_laravel/vendor/laravel/framework/src/Illuminate/Support/helpers.php(328): Illuminate/Database/Console/Migrations/MigrateCommand->Illuminate/Database/Console/Migrations/{closure}()
#19 D:/ANDROID/kabaddi-counter-viewModel/backend_laravel/vendor/laravel/framework/src/Illuminate/Database/Console/Migrations/MigrateCommand.php(166): retry()
#20 D:/ANDROID/kabaddi-counter-viewModel/backend_laravel/vendor/laravel/framework/src/Illuminate/Database/Console/Migrations/MigrateCommand.php(142): Illuminate/Database/Console/Migrations/MigrateCommand->repositoryExists()
#21 D:/ANDROID/kabaddi-counter-viewModel/backend_laravel/vendor/laravel/framework/src/Illuminate/Database/Console/Migrations/MigrateCommand.php(112): Illuminate/Database/Console/Migrations/MigrateCommand->prepareDatabase()
#22 D:/ANDROID/kabaddi-counter-viewModel/backend_laravel/vendor/laravel/framework/src/Illuminate/Database/Migrations/Migrator.php(671): Illuminate/Database/Console/Migrations/MigrateCommand->Illuminate/Database/Console/Migrations/{closure}()
#23 D:/ANDROID/kabaddi-counter-viewModel/backend_laravel/vendor/laravel/framework/src/Illuminate/Database/Console/Migrations/MigrateCommand.php(111): Illuminate/Database/Migrations/Migrator->usingConnection()
#24 D:/ANDROID/kabaddi-counter-viewModel/backend_laravel/vendor/laravel/framework/src/Illuminate/Database/Console/Migrations/MigrateCommand.php(90): Illuminate/Database/Console/Migrations/MigrateCommand->runMigrations()
#25 D:/ANDROID/kabaddi-counter-viewModel/backend_laravel/vendor/laravel/framework/src/Illuminate/Container/BoundMethod.php(36): Illuminate/Database/Console/Migrations/MigrateCommand->handle()
#26 D:/ANDROID/kabaddi-counter-viewModel/backend_laravel/vendor/laravel/framework/src/Illuminate/Container/Util.php(43): Illuminate/Container/BoundMethod::Illuminate/Container/{closure}()
#27 D:/ANDROID/kabaddi-counter-viewModel/backend_laravel/vendor/laravel/framework/src/Illuminate/Container/BoundMethod.php(96): Illuminate/Container/Util::unwrapIfClosure()
#28 D:/ANDROID/kabaddi-counter-viewModel/backend_laravel/vendor/laravel/framework/src/Illuminate/Container/BoundMethod.php(35): Illuminate/Container/BoundMethod::callBoundMethod()
#29 D:/ANDROID/kabaddi-counter-viewModel/backend_laravel/vendor/laravel/framework/src/Illuminate/Container/Container.php(799): Illuminate/Container/BoundMethod::call()
#30 D:/ANDROID/kabaddi-counter-viewModel/backend_laravel/vendor/laravel/framework/src/Illuminate/Console/Command.php(280): Illuminate/Container/Container->call()
#31 D:/ANDROID/kabaddi-counter-viewModel/backend_laravel/vendor/symfony/console/Command/Command.php(341): Illuminate/Console/Command->execute()
#32 D:/ANDROID/kabaddi-counter-viewModel/backend_laravel/vendor/laravel/framework/src/Illuminate/Console/Command.php(249): Symfony/Component/Console/Command/Command->run()
#33 D:/ANDROID/kabaddi-counter-viewModel/backend_laravel/vendor/symfony/console/Application.php(1117): Illuminate/Console/Command->run()
#34 D:/ANDROID/kabaddi-counter-viewModel/backend_laravel/vendor/symfony/console/Application.php(356): Symfony/Component/Console/Application->doRunCommand()
#35 D:/ANDROID/kabaddi-counter-viewModel/backend_laravel/vendor/symfony/console/Application.php(195): Symfony/Component/Console/Application->doRun()
#36 D:/ANDROID/kabaddi-counter-viewModel/backend_laravel/vendor/laravel/framework/src/Illuminate/Foundation/Console/Kernel.php(198): Symfony/Component/Console/Application->run()
#37 D:/ANDROID/kabaddi-counter-viewModel/backend_laravel/vendor/laravel/framework/src/Illuminate/Foundation/Application.php(1235): Illuminate/Foundation/Console/Kernel->handle()
#38 D:/ANDROID/kabaddi-counter-viewModel/backend_laravel/artisan(16): Illuminate/Foundation/Application->handleCommand()
#39 {main}
"} 
[2026-05-28 18:37:02] local.ERROR: could not find driver (Connection: mysql, Host: 127.0.0.1, Port: 3306, Database: kabaddi_counter, SQL: select exists (select 1 from information_schema.tables where table_schema = schema() and table_name = 'migrations' and table_type in ('BASE TABLE', 'SYSTEM VERSIONED')) as `exists`) {"exception":"[object] (Illuminate\\Database\\QueryException(code: 0): could not find driver (Connection: mysql, Host: 127.0.0.1, Port: 3306, Database: kabaddi_counter, SQL: select exists (select 1 from information_schema.tables where table_schema = schema() and table_name = 'migrations' and table_type in ('BASE TABLE', 'SYSTEM VERSIONED')) as `exists`) at D:/ANDROID/kabaddi-counter-viewModel/backend_laravel/vendor/laravel/framework/src/Illuminate/Database/Connection.php:841)
[stacktrace]
#0 D:/ANDROID/kabaddi-counter-viewModel/backend_laravel/vendor/laravel/framework/src/Illuminate/Database/Connection.php(797): Illuminate/Database/Connection->runQueryCallback()
#1 D:/ANDROID/kabaddi-counter-viewModel/backend_laravel/vendor/laravel/framework/src/Illuminate/Database/Connection.php(412): Illuminate/Database/Connection->run()
#2 D:/ANDROID/kabaddi-counter-viewModel/backend_laravel/vendor/laravel/framework/src/Illuminate/Database/Connection.php(357): Illuminate/Database/Connection->select()
#3 D:/ANDROID/kabaddi-counter-viewModel/backend_laravel/vendor/laravel/framework/src/Illuminate/Database/Connection.php(374): Illuminate/Database/Connection->selectOne()
#4 D:/ANDROID/kabaddi-counter-viewModel/backend_laravel/vendor/laravel/framework/src/Illuminate/Database/Schema/Builder.php(176): Illuminate/Database/Connection->scalar()
#5 D:/ANDROID/kabaddi-counter-viewModel/backend_laravel/vendor/laravel/framework/src/Illuminate/Database/Migrations/DatabaseMigrationRepository.php(185): Illuminate/Database/Schema/Builder->hasTable()
#6 D:/ANDROID/kabaddi-counter-viewModel/backend_laravel/vendor/laravel/framework/src/Illuminate/Database/Migrations/Migrator.php(758): Illuminate/Database/Migrations/DatabaseMigrationRepository->repositoryExists()
#7 D:/ANDROID/kabaddi-counter-viewModel/backend_laravel/vendor/laravel/framework/src/Illuminate/Database/Console/Migrations/MigrateCommand.php(166): Illuminate/Database/Migrations/Migrator->repositoryExists()
#8 D:/ANDROID/kabaddi-counter-viewModel/backend_laravel/vendor/laravel/framework/src/Illuminate/Support/helpers.php(328): Illuminate/Database/Console/Migrations/MigrateCommand->Illuminate/Database/Console/Migrations/{closure}()
#9 D:/ANDROID/kabaddi-counter-viewModel/backend_laravel/vendor/laravel/framework/src/Illuminate/Database/Console/Migrations/MigrateCommand.php(166): retry()
#10 D:/ANDROID/kabaddi-counter-viewModel/backend_laravel/vendor/laravel/framework/src/Illuminate/Database/Console/Migrations/MigrateCommand.php(142): Illuminate/Database/Console/Migrations/MigrateCommand->repositoryExists()
#11 D:/ANDROID/kabaddi-counter-viewModel/backend_laravel/vendor/laravel/framework/src/Illuminate/Database/Console/Migrations/MigrateCommand.php(112): Illuminate/Database/Console/Migrations/MigrateCommand->prepareDatabase()
#12 D:/ANDROID/kabaddi-counter-viewModel/backend_laravel/vendor/laravel/framework/src/Illuminate/Database/Migrations/Migrator.php(671): Illuminate/Database/Console/Migrations/MigrateCommand->Illuminate/Database/Console/Migrations/{closure}()
#13 D:/ANDROID/kabaddi-counter-viewModel/backend_laravel/vendor/laravel/framework/src/Illuminate/Database/Console/Migrations/MigrateCommand.php(111): Illuminate/Database/Migrations/Migrator->usingConnection()
#14 D:/ANDROID/kabaddi-counter-viewModel/backend_laravel/vendor/laravel/framework/src/Illuminate/Database/Console/Migrations/MigrateCommand.php(90): Illuminate/Database/Console/Migrations/MigrateCommand->runMigrations()
#15 D:/ANDROID/kabaddi-counter-viewModel/backend_laravel/vendor/laravel/framework/src/Illuminate/Container/BoundMethod.php(36): Illuminate/Database/Console/Migrations/MigrateCommand->handle()
#16 D:/ANDROID/kabaddi-counter-viewModel/backend_laravel/vendor/laravel/framework/src/Illuminate/Container/Util.php(43): Illuminate/Container/BoundMethod::Illuminate/Container/{closure}()
#17 D:/ANDROID/kabaddi-counter-viewModel/backend_laravel/vendor/laravel/framework/src/Illuminate/Container/BoundMethod.php(96): Illuminate/Container/Util::unwrapIfClosure()
#18 D:/ANDROID/kabaddi-counter-viewModel/backend_laravel/vendor/laravel/framework/src/Illuminate/Container/BoundMethod.php(35): Illuminate/Container/BoundMethod::callBoundMethod()
#19 D:/ANDROID/kabaddi-counter-viewModel/backend_laravel/vendor/laravel/framework/src/Illuminate/Container/Container.php(799): Illuminate/Container/BoundMethod::call()
#20 D:/ANDROID/kabaddi-counter-viewModel/backend_laravel/vendor/laravel/framework/src/Illuminate/Console/Command.php(280): Illuminate/Container/Container->call()
#21 D:/ANDROID/kabaddi-counter-viewModel/backend_laravel/vendor/symfony/console/Command/Command.php(341): Illuminate/Console/Command->execute()
#22 D:/ANDROID/kabaddi-counter-viewModel/backend_laravel/vendor/laravel/framework/src/Illuminate/Console/Command.php(249): Symfony/Component/Console/Command/Command->run()
#23 D:/ANDROID/kabaddi-counter-viewModel/backend_laravel/vendor/symfony/console/Application.php(1117): Illuminate/Console/Command->run()
#24 D:/ANDROID/kabaddi-counter-viewModel/backend_laravel/vendor/symfony/console/Application.php(356): Symfony/Component/Console/Application->doRunCommand()
#25 D:/ANDROID/kabaddi-counter-viewModel/backend_laravel/vendor/symfony/console/Application.php(195): Symfony/Component/Console/Application->doRun()
#26 D:/ANDROID/kabaddi-counter-viewModel/backend_laravel/vendor/laravel/framework/src/Illuminate/Foundation/Console/Kernel.php(198): Symfony/Component/Console/Application->run()
#27 D:/ANDROID/kabaddi-counter-viewModel/backend_laravel/vendor/laravel/framework/src/Illuminate/Foundation/Application.php(1235): Illuminate/Foundation/Console/Kernel->handle()
#28 D:/ANDROID/kabaddi-counter-viewModel/backend_laravel/artisan(16): Illuminate/Foundation/Application->handleCommand()
#29 {main}

[previous exception] [object] (PDOException(code: 0): could not find driver at D:/ANDROID/kabaddi-counter-viewModel/backend_laravel/vendor/laravel/framework/src/Illuminate/Database/Connectors/Connector.php:66)
[stacktrace]
#0 D:/ANDROID/kabaddi-counter-viewModel/backend_laravel/vendor/laravel/framework/src/Illuminate/Database/Connectors/Connector.php(66): PDO->__construct()
#1 D:/ANDROID/kabaddi-counter-viewModel/backend_laravel/vendor/laravel/framework/src/Illuminate/Database/Connectors/Connector.php(44): Illuminate/Database/Connectors/Connector->createPdoConnection()
#2 D:/ANDROID/kabaddi-counter-viewModel/backend_laravel/vendor/laravel/framework/src/Illuminate/Database/Connectors/MySqlConnector.php(24): Illuminate/Database/Connectors/Connector->createConnection()
#3 D:/ANDROID/kabaddi-counter-viewModel/backend_laravel/vendor/laravel/framework/src/Illuminate/Database/Connectors/ConnectionFactory.php(188): Illuminate/Database/Connectors/MySqlConnector->connect()
#4 [internal function]: Illuminate/Database/Connectors/ConnectionFactory->Illuminate/Database/Connectors/{closure}()
#5 D:/ANDROID/kabaddi-counter-viewModel/backend_laravel/vendor/laravel/framework/src/Illuminate/Database/Connection.php(1279): call_user_func()
#6 D:/ANDROID/kabaddi-counter-viewModel/backend_laravel/vendor/laravel/framework/src/Illuminate/Database/Connection.php(1317): Illuminate/Database/Connection->getPdo()
#7 D:/ANDROID/kabaddi-counter-viewModel/backend_laravel/vendor/laravel/framework/src/Illuminate/Database/Connection.php(528): Illuminate/Database/Connection->getReadPdo()
#8 D:/ANDROID/kabaddi-counter-viewModel/backend_laravel/vendor/laravel/framework/src/Illuminate/Database/Connection.php(421): Illuminate/Database/Connection->getPdoForSelect()
#9 D:/ANDROID/kabaddi-counter-viewModel/backend_laravel/vendor/laravel/framework/src/Illuminate/Database/Connection.php(830): Illuminate/Database/Connection->Illuminate/Database/{closure}()
#10 D:/ANDROID/kabaddi-counter-viewModel/backend_laravel/vendor/laravel/framework/src/Illuminate/Database/Connection.php(797): Illuminate/Database/Connection->runQueryCallback()
#11 D:/ANDROID/kabaddi-counter-viewModel/backend_laravel/vendor/laravel/framework/src/Illuminate/Database/Connection.php(412): Illuminate/Database/Connection->run()
#12 D:/ANDROID/kabaddi-counter-viewModel/backend_laravel/vendor/laravel/framework/src/Illuminate/Database/Connection.php(357): Illuminate/Database/Connection->select()
#13 D:/ANDROID/kabaddi-counter-viewModel/backend_laravel/vendor/laravel/framework/src/Illuminate/Database/Connection.php(374): Illuminate/Database/Connection->selectOne()
#14 D:/ANDROID/kabaddi-counter-viewModel/backend_laravel/vendor/laravel/framework/src/Illuminate/Database/Schema/Builder.php(176): Illuminate/Database/Connection->scalar()
#15 D:/ANDROID/kabaddi-counter-viewModel/backend_laravel/vendor/laravel/framework/src/Illuminate/Database/Migrations/DatabaseMigrationRepository.php(185): Illuminate/Database/Schema/Builder->hasTable()
#16 D:/ANDROID/kabaddi-counter-viewModel/backend_laravel/vendor/laravel/framework/src/Illuminate/Database/Migrations/Migrator.php(758): Illuminate/Database/Migrations/DatabaseMigrationRepository->repositoryExists()
#17 D:/ANDROID/kabaddi-counter-viewModel/backend_laravel/vendor/laravel/framework/src/Illuminate/Database/Console/Migrations/MigrateCommand.php(166): Illuminate/Database/Migrations/Migrator->repositoryExists()
#18 D:/ANDROID/kabaddi-counter-viewModel/backend_laravel/vendor/laravel/framework/src/Illuminate/Support/helpers.php(328): Illuminate/Database/Console/Migrations/MigrateCommand->Illuminate/Database/Console/Migrations/{closure}()
#19 D:/ANDROID/kabaddi-counter-viewModel/backend_laravel/vendor/laravel/framework/src/Illuminate/Database/Console/Migrations/MigrateCommand.php(166): retry()
#20 D:/ANDROID/kabaddi-counter-viewModel/backend_laravel/vendor/laravel/framework/src/Illuminate/Database/Console/Migrations/MigrateCommand.php(142): Illuminate/Database/Console/Migrations/MigrateCommand->repositoryExists()
#21 D:/ANDROID/kabaddi-counter-viewModel/backend_laravel/vendor/laravel/framework/src/Illuminate/Database/Console/Migrations/MigrateCommand.php(112): Illuminate/Database/Console/Migrations/MigrateCommand->prepareDatabase()
#22 D:/ANDROID/kabaddi-counter-viewModel/backend_laravel/vendor/laravel/framework/src/Illuminate/Database/Migrations/Migrator.php(671): Illuminate/Database/Console/Migrations/MigrateCommand->Illuminate/Database/Console/Migrations/{closure}()
#23 D:/ANDROID/kabaddi-counter-viewModel/backend_laravel/vendor/laravel/framework/src/Illuminate/Database/Console/Migrations/MigrateCommand.php(111): Illuminate/Database/Migrations/Migrator->usingConnection()
#24 D:/ANDROID/kabaddi-counter-viewModel/backend_laravel/vendor/laravel/framework/src/Illuminate/Database/Console/Migrations/MigrateCommand.php(90): Illuminate/Database/Console/Migrations/MigrateCommand->runMigrations()
#25 D:/ANDROID/kabaddi-counter-viewModel/backend_laravel/vendor/laravel/framework/src/Illuminate/Container/BoundMethod.php(36): Illuminate/Database/Console/Migrations/MigrateCommand->handle()
#26 D:/ANDROID/kabaddi-counter-viewModel/backend_laravel/vendor/laravel/framework/src/Illuminate/Container/Util.php(43): Illuminate/Container/BoundMethod::Illuminate/Container/{closure}()
#27 D:/ANDROID/kabaddi-counter-viewModel/backend_laravel/vendor/laravel/framework/src/Illuminate/Container/BoundMethod.php(96): Illuminate/Container/Util::unwrapIfClosure()
#28 D:/ANDROID/kabaddi-counter-viewModel/backend_laravel/vendor/laravel/framework/src/Illuminate/Container/BoundMethod.php(35): Illuminate/Container/BoundMethod::callBoundMethod()
#29 D:/ANDROID/kabaddi-counter-viewModel/backend_laravel/vendor/laravel/framework/src/Illuminate/Container/Container.php(799): Illuminate/Container/BoundMethod::call()
#30 D:/ANDROID/kabaddi-counter-viewModel/backend_laravel/vendor/laravel/framework/src/Illuminate/Console/Command.php(280): Illuminate/Container/Container->call()
#31 D:/ANDROID/kabaddi-counter-viewModel/backend_laravel/vendor/symfony/console/Command/Command.php(341): Illuminate/Console/Command->execute()
#32 D:/ANDROID/kabaddi-counter-viewModel/backend_laravel/vendor/laravel/framework/src/Illuminate/Console/Command.php(249): Symfony/Component/Console/Command/Command->run()
#33 D:/ANDROID/kabaddi-counter-viewModel/backend_laravel/vendor/symfony/console/Application.php(1117): Illuminate/Console/Command->run()
#34 D:/ANDROID/kabaddi-counter-viewModel/backend_laravel/vendor/symfony/console/Application.php(356): Symfony/Component/Console/Application->doRunCommand()
#35 D:/ANDROID/kabaddi-counter-viewModel/backend_laravel/vendor/symfony/console/Application.php(195): Symfony/Component/Console/Application->doRun()
#36 D:/ANDROID/kabaddi-counter-viewModel/backend_laravel/vendor/laravel/framework/src/Illuminate/Foundation/Console/Kernel.php(198): Symfony/Component/Console/Application->run()
#37 D:/ANDROID/kabaddi-counter-viewModel/backend_laravel/vendor/laravel/framework/src/Illuminate/Foundation/Application.php(1235): Illuminate/Foundation/Console/Kernel->handle()
#38 D:/ANDROID/kabaddi-counter-viewModel/backend_laravel/artisan(16): Illuminate/Foundation/Application->handleCommand()
#39 {main}
"} 
[2026-05-29 05:44:23] local.ERROR: Call to undefined method App\Http\Controllers\Api\MatchController::subscribe() {"exception":"[object] (Error(code: 0): Call to undefined method App\\Http\\Controllers\\Api\\MatchController::subscribe() at D:/ANDROID/kabaddi-counter-viewModel/backend_laravel/vendor/laravel/framework/src/Illuminate/Routing/ControllerDispatcher.php:46)
[stacktrace]
#0 D:/ANDROID/kabaddi-counter-viewModel/backend_laravel/vendor/laravel/framework/src/Illuminate/Routing/Route.php(269): Illuminate/Routing/ControllerDispatcher->dispatch()
#1 D:/ANDROID/kabaddi-counter-viewModel/backend_laravel/vendor/laravel/framework/src/Illuminate/Routing/Route.php(215): Illuminate/Routing/Route->runController()
#2 D:/ANDROID/kabaddi-counter-viewModel/backend_laravel/vendor/laravel/framework/src/Illuminate/Routing/Router.php(822): Illuminate/Routing/Route->run()
#3 D:/ANDROID/kabaddi-counter-viewModel/backend_laravel/vendor/laravel/framework/src/Illuminate/Pipeline/Pipeline.php(180): Illuminate/Routing/Router->Illuminate/Routing/{closure}()
#4 D:/ANDROID/kabaddi-counter-viewModel/backend_laravel/vendor/laravel/framework/src/Illuminate/Routing/Middleware/SubstituteBindings.php(52): Illuminate/Pipeline/Pipeline->Illuminate/Pipeline/{closure}()
#5 D:/ANDROID/kabaddi-counter-viewModel/backend_laravel/vendor/laravel/framework/src/Illuminate/Pipeline/Pipeline.php(219): Illuminate/Routing/Middleware/SubstituteBindings->handle()
#6 D:/ANDROID/kabaddi-counter-viewModel/backend_laravel/vendor/laravel/framework/src/Illuminate/Pipeline/Pipeline.php(137): Illuminate/Pipeline/Pipeline->Illuminate/Pipeline/{closure}()
#7 D:/ANDROID/kabaddi-counter-viewModel/backend_laravel/vendor/laravel/framework/src/Illuminate/Routing/Router.php(821): Illuminate/Pipeline/Pipeline->then()
#8 D:/ANDROID/kabaddi-counter-viewModel/backend_laravel/vendor/laravel/framework/src/Illuminate/Routing/Router.php(800): Illuminate/Routing/Router->runRouteWithinStack()
#9 D:/ANDROID/kabaddi-counter-viewModel/backend_laravel/vendor/laravel/framework/src/Illuminate/Routing/Router.php(764): Illuminate/Routing/Router->runRoute()
#10 D:/ANDROID/kabaddi-counter-viewModel/backend_laravel/vendor/laravel/framework/src/Illuminate/Routing/Router.php(753): Illuminate/Routing/Router->dispatchToRoute()
#11 D:/ANDROID/kabaddi-counter-viewModel/backend_laravel/vendor/laravel/framework/src/Illuminate/Foundation/Http/Kernel.php(200): Illuminate/Routing/Router->dispatch()
#12 D:/ANDROID/kabaddi-counter-viewModel/backend_laravel/vendor/laravel/framework/src/Illuminate/Pipeline/Pipeline.php(180): Illuminate/Foundation/Http/Kernel->Illuminate/Foundation/Http/{closure}()
#13 D:/ANDROID/kabaddi-counter-viewModel/backend_laravel/vendor/laravel/framework/src/Illuminate/Foundation/Http/Middleware/TransformsRequest.php(21): Illuminate/Pipeline/Pipeline->Illuminate/Pipeline/{closure}()
#14 D:/ANDROID/kabaddi-counter-viewModel/backend_laravel/vendor/laravel/framework/src/Illuminate/Foundation/Http/Middleware/ConvertEmptyStringsToNull.php(31): Illuminate/Foundation/Http/Middleware/TransformsRequest->handle()
#15 D:/ANDROID/kabaddi-counter-viewModel/backend_laravel/vendor/laravel/framework/src/Illuminate/Pipeline/Pipeline.php(219): Illuminate/Foundation/Http/Middleware/ConvertEmptyStringsToNull->handle()
#16 D:/ANDROID/kabaddi-counter-viewModel/backend_laravel/vendor/laravel/framework/src/Illuminate/Foundation/Http/Middleware/TransformsRequest.php(21): Illuminate/Pipeline/Pipeline->Illuminate/Pipeline/{closure}()
#17 D:/ANDROID/kabaddi-counter-viewModel/backend_laravel/vendor/laravel/framework/src/Illuminate/Foundation/Http/Middleware/TrimStrings.php(51): Illuminate/Foundation/Http/Middleware/TransformsRequest->handle()
#18 D:/ANDROID/kabaddi-counter-viewModel/backend_laravel/vendor/laravel/framework/src/Illuminate/Pipeline/Pipeline.php(219): Illuminate/Foundation/Http/Middleware/TrimStrings->handle()
#19 D:/ANDROID/kabaddi-counter-viewModel/backend_laravel/vendor/laravel/framework/src/Illuminate/Http/Middleware/ValidatePostSize.php(27): Illuminate/Pipeline/Pipeline->Illuminate/Pipeline/{closure}()
#20 D:/ANDROID/kabaddi-counter-viewModel/backend_laravel/vendor/laravel/framework/src/Illuminate/Pipeline/Pipeline.php(219): Illuminate/Http/Middleware/ValidatePostSize->handle()
#21 D:/ANDROID/kabaddi-counter-viewModel/backend_laravel/vendor/laravel/framework/src/Illuminate/Foundation/Http/Middleware/PreventRequestsDuringMaintenance.php(109): Illuminate/Pipeline/Pipeline->Illuminate/Pipeline/{closure}()
#22 D:/ANDROID/kabaddi-counter-viewModel/backend_laravel/vendor/laravel/framework/src/Illuminate/Pipeline/Pipeline.php(219): Illuminate/Foundation/Http/Middleware/PreventRequestsDuringMaintenance->handle()
#23 D:/ANDROID/kabaddi-counter-viewModel/backend_laravel/vendor/laravel/framework/src/Illuminate/Http/Middleware/HandleCors.php(74): Illuminate/Pipeline/Pipeline->Illuminate/Pipeline/{closure}()
#24 D:/ANDROID/kabaddi-counter-viewModel/backend_laravel/vendor/laravel/framework/src/Illuminate/Pipeline/Pipeline.php(219): Illuminate/Http/Middleware/HandleCors->handle()
#25 D:/ANDROID/kabaddi-counter-viewModel/backend_laravel/vendor/laravel/framework/src/Illuminate/Http/Middleware/TrustProxies.php(58): Illuminate/Pipeline/Pipeline->Illuminate/Pipeline/{closure}()
#26 D:/ANDROID/kabaddi-counter-viewModel/backend_laravel/vendor/laravel/framework/src/Illuminate/Pipeline/Pipeline.php(219): Illuminate/Http/Middleware/TrustProxies->handle()
#27 D:/ANDROID/kabaddi-counter-viewModel/backend_laravel/vendor/laravel/framework/src/Illuminate/Foundation/Http/Middleware/InvokeDeferredCallbacks.php(22): Illuminate/Pipeline/Pipeline->Illuminate/Pipeline/{closure}()
#28 D:/ANDROID/kabaddi-counter-viewModel/backend_laravel/vendor/laravel/framework/src/Illuminate/Pipeline/Pipeline.php(219): Illuminate/Foundation/Http/Middleware/InvokeDeferredCallbacks->handle()
#29 D:/ANDROID/kabaddi-counter-viewModel/backend_laravel/vendor/laravel/framework/src/Illuminate/Http/Middleware/ValidatePathEncoding.php(28): Illuminate/Pipeline/Pipeline->Illuminate/Pipeline/{closure}()
#30 D:/ANDROID/kabaddi-counter-viewModel/backend_laravel/vendor/laravel/framework/src/Illuminate/Pipeline/Pipeline.php(219): Illuminate/Http/Middleware/ValidatePathEncoding->handle()
#31 D:/ANDROID/kabaddi-counter-viewModel/backend_laravel/vendor/laravel/framework/src/Illuminate/Pipeline/Pipeline.php(137): Illuminate/Pipeline/Pipeline->Illuminate/Pipeline/{closure}()
#32 D:/ANDROID/kabaddi-counter-viewModel/backend_laravel/vendor/laravel/framework/src/Illuminate/Foundation/Http/Kernel.php(175): Illuminate/Pipeline/Pipeline->then()
#33 D:/ANDROID/kabaddi-counter-viewModel/backend_laravel/vendor/laravel/framework/src/Illuminate/Foundation/Http/Kernel.php(144): Illuminate/Foundation/Http/Kernel->sendRequestThroughRouter()
#34 D:/ANDROID/kabaddi-counter-viewModel/backend_laravel/vendor/laravel/framework/src/Illuminate/Foundation/Application.php(1220): Illuminate/Foundation/Http/Kernel->handle()
#35 D:/ANDROID/kabaddi-counter-viewModel/backend_laravel/public/index.php(20): Illuminate/Foundation/Application->handleRequest()
#36 D:/ANDROID/kabaddi-counter-viewModel/backend_laravel/vendor/laravel/framework/src/Illuminate/Foundation/resources/server.php(23): require_once('...')
#37 {main}
"} 
[2026-05-31 10:15:53] local.ERROR: Class "App\Http\Controllers\Api\Controller" not found {"exception":"[object] (Error(code: 0): Class \"App\\Http\\Controllers\\Api\\Controller\" not found at D:/ANDROID/kabaddi-counter-viewModel/backend_laravel/app/Http/Controllers/Api/ScoreLogController.php:8)
[stacktrace]
#0 D:/ANDROID/kabaddi-counter-viewModel/backend_laravel/vendor/composer/ClassLoader.php(576): include()
#1 D:/ANDROID/kabaddi-counter-viewModel/backend_laravel/vendor/composer/ClassLoader.php(427): Composer/Autoload/{closure}()
#2 [internal function]: Composer/Autoload/ClassLoader->loadClass()
#3 D:/ANDROID/kabaddi-counter-viewModel/backend_laravel/vendor/laravel/framework/src/Illuminate/Routing/Route.php(1175): ReflectionClass->__construct()
#4 D:/ANDROID/kabaddi-counter-viewModel/backend_laravel/vendor/laravel/framework/src/Illuminate/Routing/Route.php(1125): Illuminate/Routing/Route->attributeProvidedControllerMiddleware()
#5 D:/ANDROID/kabaddi-counter-viewModel/backend_laravel/vendor/laravel/framework/src/Illuminate/Routing/Route.php(1062): Illuminate/Routing/Route->controllerMiddleware()
#6 D:/ANDROID/kabaddi-counter-viewModel/backend_laravel/vendor/laravel/framework/src/Illuminate/Routing/Router.php(834): Illuminate/Routing/Route->gatherMiddleware()
#7 D:/ANDROID/kabaddi-counter-viewModel/backend_laravel/vendor/laravel/framework/src/Illuminate/Routing/Router.php(816): Illuminate/Routing/Router->gatherRouteMiddleware()
#8 D:/ANDROID/kabaddi-counter-viewModel/backend_laravel/vendor/laravel/framework/src/Illuminate/Routing/Router.php(800): Illuminate/Routing/Router->runRouteWithinStack()
#9 D:/ANDROID/kabaddi-counter-viewModel/backend_laravel/vendor/laravel/framework/src/Illuminate/Routing/Router.php(764): Illuminate/Routing/Router->runRoute()
#10 D:/ANDROID/kabaddi-counter-viewModel/backend_laravel/vendor/laravel/framework/src/Illuminate/Routing/Router.php(753): Illuminate/Routing/Router->dispatchToRoute()
#11 D:/ANDROID/kabaddi-counter-viewModel/backend_laravel/vendor/laravel/framework/src/Illuminate/Foundation/Http/Kernel.php(200): Illuminate/Routing/Router->dispatch()
#12 D:/ANDROID/kabaddi-counter-viewModel/backend_laravel/vendor/laravel/framework/src/Illuminate/Pipeline/Pipeline.php(180): Illuminate/Foundation/Http/Kernel->Illuminate/Foundation/Http/{closure}()
#13 D:/ANDROID/kabaddi-counter-viewModel/backend_laravel/vendor/laravel/framework/src/Illuminate/Foundation/Http/Middleware/TransformsRequest.php(21): Illuminate/Pipeline/Pipeline->Illuminate/Pipeline/{closure}()
#14 D:/ANDROID/kabaddi-counter-viewModel/backend_laravel/vendor/laravel/framework/src/Illuminate/Foundation/Http/Middleware/ConvertEmptyStringsToNull.php(31): Illuminate/Foundation/Http/Middleware/TransformsRequest->handle()
#15 D:/ANDROID/kabaddi-counter-viewModel/backend_laravel/vendor/laravel/framework/src/Illuminate/Pipeline/Pipeline.php(219): Illuminate/Foundation/Http/Middleware/ConvertEmptyStringsToNull->handle()
#16 D:/ANDROID/kabaddi-counter-viewModel/backend_laravel/vendor/laravel/framework/src/Illuminate/Foundation/Http/Middleware/TransformsRequest.php(21): Illuminate/Pipeline/Pipeline->Illuminate/Pipeline/{closure}()
#17 D:/ANDROID/kabaddi-counter-viewModel/backend_laravel/vendor/laravel/framework/src/Illuminate/Foundation/Http/Middleware/TrimStrings.php(51): Illuminate/Foundation/Http/Middleware/TransformsRequest->handle()
#18 D:/ANDROID/kabaddi-counter-viewModel/backend_laravel/vendor/laravel/framework/src/Illuminate/Pipeline/Pipeline.php(219): Illuminate/Foundation/Http/Middleware/TrimStrings->handle()
#19 D:/ANDROID/kabaddi-counter-viewModel/backend_laravel/vendor/laravel/framework/src/Illuminate/Http/Middleware/ValidatePostSize.php(27): Illuminate/Pipeline/Pipeline->Illuminate/Pipeline/{closure}()
#20 D:/ANDROID/kabaddi-counter-viewModel/backend_laravel/vendor/laravel/framework/src/Illuminate/Pipeline/Pipeline.php(219): Illuminate/Http/Middleware/ValidatePostSize->handle()
#21 D:/ANDROID/kabaddi-counter-viewModel/backend_laravel/vendor/laravel/framework/src/Illuminate/Foundation/Http/Middleware/PreventRequestsDuringMaintenance.php(109): Illuminate/Pipeline/Pipeline->Illuminate/Pipeline/{closure}()
#22 D:/ANDROID/kabaddi-counter-viewModel/backend_laravel/vendor/laravel/framework/src/Illuminate/Pipeline/Pipeline.php(219): Illuminate/Foundation/Http/Middleware/PreventRequestsDuringMaintenance->handle()
#23 D:/ANDROID/kabaddi-counter-viewModel/backend_laravel/vendor/laravel/framework/src/Illuminate/Http/Middleware/HandleCors.php(74): Illuminate/Pipeline/Pipeline->Illuminate/Pipeline/{closure}()
#24 D:/ANDROID/kabaddi-counter-viewModel/backend_laravel/vendor/laravel/framework/src/Illuminate/Pipeline/Pipeline.php(219): Illuminate/Http/Middleware/HandleCors->handle()
#25 D:/ANDROID/kabaddi-counter-viewModel/backend_laravel/vendor/laravel/framework/src/Illuminate/Http/Middleware/TrustProxies.php(58): Illuminate/Pipeline/Pipeline->Illuminate/Pipeline/{closure}()
#26 D:/ANDROID/kabaddi-counter-viewModel/backend_laravel/vendor/laravel/framework/src/Illuminate/Pipeline/Pipeline.php(219): Illuminate/Http/Middleware/TrustProxies->handle()
#27 D:/ANDROID/kabaddi-counter-viewModel/backend_laravel/vendor/laravel/framework/src/Illuminate/Foundation/Http/Middleware/InvokeDeferredCallbacks.php(22): Illuminate/Pipeline/Pipeline->Illuminate/Pipeline/{closure}()
#28 D:/ANDROID/kabaddi-counter-viewModel/backend_laravel/vendor/laravel/framework/src/Illuminate/Pipeline/Pipeline.php(219): Illuminate/Foundation/Http/Middleware/InvokeDeferredCallbacks->handle()
#29 D:/ANDROID/kabaddi-counter-viewModel/backend_laravel/vendor/laravel/framework/src/Illuminate/Http/Middleware/ValidatePathEncoding.php(28): Illuminate/Pipeline/Pipeline->Illuminate/Pipeline/{closure}()
#30 D:/ANDROID/kabaddi-counter-viewModel/backend_laravel/vendor/laravel/framework/src/Illuminate/Pipeline/Pipeline.php(219): Illuminate/Http/Middleware/ValidatePathEncoding->handle()
#31 D:/ANDROID/kabaddi-counter-viewModel/backend_laravel/vendor/laravel/framework/src/Illuminate/Pipeline/Pipeline.php(137): Illuminate/Pipeline/Pipeline->Illuminate/Pipeline/{closure}()
#32 D:/ANDROID/kabaddi-counter-viewModel/backend_laravel/vendor/laravel/framework/src/Illuminate/Foundation/Http/Kernel.php(175): Illuminate/Pipeline/Pipeline->then()
#33 D:/ANDROID/kabaddi-counter-viewModel/backend_laravel/vendor/laravel/framework/src/Illuminate/Foundation/Http/Kernel.php(144): Illuminate/Foundation/Http/Kernel->sendRequestThroughRouter()
#34 D:/ANDROID/kabaddi-counter-viewModel/backend_laravel/vendor/laravel/framework/src/Illuminate/Foundation/Application.php(1220): Illuminate/Foundation/Http/Kernel->handle()
#35 D:/ANDROID/kabaddi-counter-viewModel/backend_laravel/public/index.php(20): Illuminate/Foundation/Application->handleRequest()
#36 D:/ANDROID/kabaddi-counter-viewModel/backend_laravel/vendor/laravel/framework/src/Illuminate/Foundation/resources/server.php(23): require_once('...')
#37 {main}
"} 
[2026-05-31 10:16:42] local.ERROR: Class "App\Http\Controllers\Api\Controller" not found {"exception":"[object] (Error(code: 0): Class \"App\\Http\\Controllers\\Api\\Controller\" not found at D:/ANDROID/kabaddi-counter-viewModel/backend_laravel/app/Http/Controllers/Api/ScoreLogController.php:8)
[stacktrace]
#0 D:/ANDROID/kabaddi-counter-viewModel/backend_laravel/vendor/composer/ClassLoader.php(576): include()
#1 D:/ANDROID/kabaddi-counter-viewModel/backend_laravel/vendor/composer/ClassLoader.php(427): Composer/Autoload/{closure}()
#2 [internal function]: Composer/Autoload/ClassLoader->loadClass()
#3 D:/ANDROID/kabaddi-counter-viewModel/backend_laravel/vendor/laravel/framework/src/Illuminate/Routing/Route.php(1175): ReflectionClass->__construct()
#4 D:/ANDROID/kabaddi-counter-viewModel/backend_laravel/vendor/laravel/framework/src/Illuminate/Routing/Route.php(1125): Illuminate/Routing/Route->attributeProvidedControllerMiddleware()
#5 D:/ANDROID/kabaddi-counter-viewModel/backend_laravel/vendor/laravel/framework/src/Illuminate/Routing/Route.php(1062): Illuminate/Routing/Route->controllerMiddleware()
#6 D:/ANDROID/kabaddi-counter-viewModel/backend_laravel/vendor/laravel/framework/src/Illuminate/Routing/Router.php(834): Illuminate/Routing/Route->gatherMiddleware()
#7 D:/ANDROID/kabaddi-counter-viewModel/backend_laravel/vendor/laravel/framework/src/Illuminate/Routing/Router.php(816): Illuminate/Routing/Router->gatherRouteMiddleware()
#8 D:/ANDROID/kabaddi-counter-viewModel/backend_laravel/vendor/laravel/framework/src/Illuminate/Routing/Router.php(800): Illuminate/Routing/Router->runRouteWithinStack()
#9 D:/ANDROID/kabaddi-counter-viewModel/backend_laravel/vendor/laravel/framework/src/Illuminate/Routing/Router.php(764): Illuminate/Routing/Router->runRoute()
#10 D:/ANDROID/kabaddi-counter-viewModel/backend_laravel/vendor/laravel/framework/src/Illuminate/Routing/Router.php(753): Illuminate/Routing/Router->dispatchToRoute()
#11 D:/ANDROID/kabaddi-counter-viewModel/backend_laravel/vendor/laravel/framework/src/Illuminate/Foundation/Http/Kernel.php(200): Illuminate/Routing/Router->dispatch()
#12 D:/ANDROID/kabaddi-counter-viewModel/backend_laravel/vendor/laravel/framework/src/Illuminate/Pipeline/Pipeline.php(180): Illuminate/Foundation/Http/Kernel->Illuminate/Foundation/Http/{closure}()
#13 D:/ANDROID/kabaddi-counter-viewModel/backend_laravel/vendor/laravel/framework/src/Illuminate/Foundation/Http/Middleware/TransformsRequest.php(21): Illuminate/Pipeline/Pipeline->Illuminate/Pipeline/{closure}()
#14 D:/ANDROID/kabaddi-counter-viewModel/backend_laravel/vendor/laravel/framework/src/Illuminate/Foundation/Http/Middleware/ConvertEmptyStringsToNull.php(31): Illuminate/Foundation/Http/Middleware/TransformsRequest->handle()
#15 D:/ANDROID/kabaddi-counter-viewModel/backend_laravel/vendor/laravel/framework/src/Illuminate/Pipeline/Pipeline.php(219): Illuminate/Foundation/Http/Middleware/ConvertEmptyStringsToNull->handle()
#16 D:/ANDROID/kabaddi-counter-viewModel/backend_laravel/vendor/laravel/framework/src/Illuminate/Foundation/Http/Middleware/TransformsRequest.php(21): Illuminate/Pipeline/Pipeline->Illuminate/Pipeline/{closure}()
#17 D:/ANDROID/kabaddi-counter-viewModel/backend_laravel/vendor/laravel/framework/src/Illuminate/Foundation/Http/Middleware/TrimStrings.php(51): Illuminate/Foundation/Http/Middleware/TransformsRequest->handle()
#18 D:/ANDROID/kabaddi-counter-viewModel/backend_laravel/vendor/laravel/framework/src/Illuminate/Pipeline/Pipeline.php(219): Illuminate/Foundation/Http/Middleware/TrimStrings->handle()
#19 D:/ANDROID/kabaddi-counter-viewModel/backend_laravel/vendor/laravel/framework/src/Illuminate/Http/Middleware/ValidatePostSize.php(27): Illuminate/Pipeline/Pipeline->Illuminate/Pipeline/{closure}()
#20 D:/ANDROID/kabaddi-counter-viewModel/backend_laravel/vendor/laravel/framework/src/Illuminate/Pipeline/Pipeline.php(219): Illuminate/Http/Middleware/ValidatePostSize->handle()
#21 D:/ANDROID/kabaddi-counter-viewModel/backend_laravel/vendor/laravel/framework/src/Illuminate/Foundation/Http/Middleware/PreventRequestsDuringMaintenance.php(109): Illuminate/Pipeline/Pipeline->Illuminate/Pipeline/{closure}()
#22 D:/ANDROID/kabaddi-counter-viewModel/backend_laravel/vendor/laravel/framework/src/Illuminate/Pipeline/Pipeline.php(219): Illuminate/Foundation/Http/Middleware/PreventRequestsDuringMaintenance->handle()
#23 D:/ANDROID/kabaddi-counter-viewModel/backend_laravel/vendor/laravel/framework/src/Illuminate/Http/Middleware/HandleCors.php(74): Illuminate/Pipeline/Pipeline->Illuminate/Pipeline/{closure}()
#24 D:/ANDROID/kabaddi-counter-viewModel/backend_laravel/vendor/laravel/framework/src/Illuminate/Pipeline/Pipeline.php(219): Illuminate/Http/Middleware/HandleCors->handle()
#25 D:/ANDROID/kabaddi-counter-viewModel/backend_laravel/vendor/laravel/framework/src/Illuminate/Http/Middleware/TrustProxies.php(58): Illuminate/Pipeline/Pipeline->Illuminate/Pipeline/{closure}()
#26 D:/ANDROID/kabaddi-counter-viewModel/backend_laravel/vendor/laravel/framework/src/Illuminate/Pipeline/Pipeline.php(219): Illuminate/Http/Middleware/TrustProxies->handle()
#27 D:/ANDROID/kabaddi-counter-viewModel/backend_laravel/vendor/laravel/framework/src/Illuminate/Foundation/Http/Middleware/InvokeDeferredCallbacks.php(22): Illuminate/Pipeline/Pipeline->Illuminate/Pipeline/{closure}()
#28 D:/ANDROID/kabaddi-counter-viewModel/backend_laravel/vendor/laravel/framework/src/Illuminate/Pipeline/Pipeline.php(219): Illuminate/Foundation/Http/Middleware/InvokeDeferredCallbacks->handle()
#29 D:/ANDROID/kabaddi-counter-viewModel/backend_laravel/vendor/laravel/framework/src/Illuminate/Http/Middleware/ValidatePathEncoding.php(28): Illuminate/Pipeline/Pipeline->Illuminate/Pipeline/{closure}()
#30 D:/ANDROID/kabaddi-counter-viewModel/backend_laravel/vendor/laravel/framework/src/Illuminate/Pipeline/Pipeline.php(219): Illuminate/Http/Middleware/ValidatePathEncoding->handle()
#31 D:/ANDROID/kabaddi-counter-viewModel/backend_laravel/vendor/laravel/framework/src/Illuminate/Pipeline/Pipeline.php(137): Illuminate/Pipeline/Pipeline->Illuminate/Pipeline/{closure}()
#32 D:/ANDROID/kabaddi-counter-viewModel/backend_laravel/vendor/laravel/framework/src/Illuminate/Foundation/Http/Kernel.php(175): Illuminate/Pipeline/Pipeline->then()
#33 D:/ANDROID/kabaddi-counter-viewModel/backend_laravel/vendor/laravel/framework/src/Illuminate/Foundation/Http/Kernel.php(144): Illuminate/Foundation/Http/Kernel->sendRequestThroughRouter()
#34 D:/ANDROID/kabaddi-counter-viewModel/backend_laravel/vendor/laravel/framework/src/Illuminate/Foundation/Application.php(1220): Illuminate/Foundation/Http/Kernel->handle()
#35 D:/ANDROID/kabaddi-counter-viewModel/backend_laravel/public/index.php(20): Illuminate/Foundation/Application->handleRequest()
#36 D:/ANDROID/kabaddi-counter-viewModel/backend_laravel/vendor/laravel/framework/src/Illuminate/Foundation/resources/server.php(23): require_once('...')
#37 {main}
"} 
[2026-05-31 10:16:47] local.ERROR: Class "App\Http\Controllers\Api\Controller" not found {"exception":"[object] (Error(code: 0): Class \"App\\Http\\Controllers\\Api\\Controller\" not found at D:/ANDROID/kabaddi-counter-viewModel/backend_laravel/app/Http/Controllers/Api/ScoreLogController.php:8)
[stacktrace]
#0 D:/ANDROID/kabaddi-counter-viewModel/backend_laravel/vendor/composer/ClassLoader.php(576): include()
#1 D:/ANDROID/kabaddi-counter-viewModel/backend_laravel/vendor/composer/ClassLoader.php(427): Composer/Autoload/{closure}()
#2 [internal function]: Composer/Autoload/ClassLoader->loadClass()
#3 D:/ANDROID/kabaddi-counter-viewModel/backend_laravel/vendor/laravel/framework/src/Illuminate/Routing/Route.php(1175): ReflectionClass->__construct()
#4 D:/ANDROID/kabaddi-counter-viewModel/backend_laravel/vendor/laravel/framework/src/Illuminate/Routing/Route.php(1125): Illuminate/Routing/Route->attributeProvidedControllerMiddleware()
#5 D:/ANDROID/kabaddi-counter-viewModel/backend_laravel/vendor/laravel/framework/src/Illuminate/Routing/Route.php(1062): Illuminate/Routing/Route->controllerMiddleware()
#6 D:/ANDROID/kabaddi-counter-viewModel/backend_laravel/vendor/laravel/framework/src/Illuminate/Routing/Router.php(834): Illuminate/Routing/Route->gatherMiddleware()
#7 D:/ANDROID/kabaddi-counter-viewModel/backend_laravel/vendor/laravel/framework/src/Illuminate/Routing/Router.php(816): Illuminate/Routing/Router->gatherRouteMiddleware()
#8 D:/ANDROID/kabaddi-counter-viewModel/backend_laravel/vendor/laravel/framework/src/Illuminate/Routing/Router.php(800): Illuminate/Routing/Router->runRouteWithinStack()
#9 D:/ANDROID/kabaddi-counter-viewModel/backend_laravel/vendor/laravel/framework/src/Illuminate/Routing/Router.php(764): Illuminate/Routing/Router->runRoute()
#10 D:/ANDROID/kabaddi-counter-viewModel/backend_laravel/vendor/laravel/framework/src/Illuminate/Routing/Router.php(753): Illuminate/Routing/Router->dispatchToRoute()
#11 D:/ANDROID/kabaddi-counter-viewModel/backend_laravel/vendor/laravel/framework/src/Illuminate/Foundation/Http/Kernel.php(200): Illuminate/Routing/Router->dispatch()
#12 D:/ANDROID/kabaddi-counter-viewModel/backend_laravel/vendor/laravel/framework/src/Illuminate/Pipeline/Pipeline.php(180): Illuminate/Foundation/Http/Kernel->Illuminate/Foundation/Http/{closure}()
#13 D:/ANDROID/kabaddi-counter-viewModel/backend_laravel/vendor/laravel/framework/src/Illuminate/Foundation/Http/Middleware/TransformsRequest.php(21): Illuminate/Pipeline/Pipeline->Illuminate/Pipeline/{closure}()
#14 D:/ANDROID/kabaddi-counter-viewModel/backend_laravel/vendor/laravel/framework/src/Illuminate/Foundation/Http/Middleware/ConvertEmptyStringsToNull.php(31): Illuminate/Foundation/Http/Middleware/TransformsRequest->handle()
#15 D:/ANDROID/kabaddi-counter-viewModel/backend_laravel/vendor/laravel/framework/src/Illuminate/Pipeline/Pipeline.php(219): Illuminate/Foundation/Http/Middleware/ConvertEmptyStringsToNull->handle()
#16 D:/ANDROID/kabaddi-counter-viewModel/backend_laravel/vendor/laravel/framework/src/Illuminate/Foundation/Http/Middleware/TransformsRequest.php(21): Illuminate/Pipeline/Pipeline->Illuminate/Pipeline/{closure}()
#17 D:/ANDROID/kabaddi-counter-viewModel/backend_laravel/vendor/laravel/framework/src/Illuminate/Foundation/Http/Middleware/TrimStrings.php(51): Illuminate/Foundation/Http/Middleware/TransformsRequest->handle()
#18 D:/ANDROID/kabaddi-counter-viewModel/backend_laravel/vendor/laravel/framework/src/Illuminate/Pipeline/Pipeline.php(219): Illuminate/Foundation/Http/Middleware/TrimStrings->handle()
#19 D:/ANDROID/kabaddi-counter-viewModel/backend_laravel/vendor/laravel/framework/src/Illuminate/Http/Middleware/ValidatePostSize.php(27): Illuminate/Pipeline/Pipeline->Illuminate/Pipeline/{closure}()
#20 D:/ANDROID/kabaddi-counter-viewModel/backend_laravel/vendor/laravel/framework/src/Illuminate/Pipeline/Pipeline.php(219): Illuminate/Http/Middleware/ValidatePostSize->handle()
#21 D:/ANDROID/kabaddi-counter-viewModel/backend_laravel/vendor/laravel/framework/src/Illuminate/Foundation/Http/Middleware/PreventRequestsDuringMaintenance.php(109): Illuminate/Pipeline/Pipeline->Illuminate/Pipeline/{closure}()
#22 D:/ANDROID/kabaddi-counter-viewModel/backend_laravel/vendor/laravel/framework/src/Illuminate/Pipeline/Pipeline.php(219): Illuminate/Foundation/Http/Middleware/PreventRequestsDuringMaintenance->handle()
#23 D:/ANDROID/kabaddi-counter-viewModel/backend_laravel/vendor/laravel/framework/src/Illuminate/Http/Middleware/HandleCors.php(74): Illuminate/Pipeline/Pipeline->Illuminate/Pipeline/{closure}()
#24 D:/ANDROID/kabaddi-counter-viewModel/backend_laravel/vendor/laravel/framework/src/Illuminate/Pipeline/Pipeline.php(219): Illuminate/Http/Middleware/HandleCors->handle()
#25 D:/ANDROID/kabaddi-counter-viewModel/backend_laravel/vendor/laravel/framework/src/Illuminate/Http/Middleware/TrustProxies.php(58): Illuminate/Pipeline/Pipeline->Illuminate/Pipeline/{closure}()
#26 D:/ANDROID/kabaddi-counter-viewModel/backend_laravel/vendor/laravel/framework/src/Illuminate/Pipeline/Pipeline.php(219): Illuminate/Http/Middleware/TrustProxies->handle()
#27 D:/ANDROID/kabaddi-counter-viewModel/backend_laravel/vendor/laravel/framework/src/Illuminate/Foundation/Http/Middleware/InvokeDeferredCallbacks.php(22): Illuminate/Pipeline/Pipeline->Illuminate/Pipeline/{closure}()
#28 D:/ANDROID/kabaddi-counter-viewModel/backend_laravel/vendor/laravel/framework/src/Illuminate/Pipeline/Pipeline.php(219): Illuminate/Foundation/Http/Middleware/InvokeDeferredCallbacks->handle()
#29 D:/ANDROID/kabaddi-counter-viewModel/backend_laravel/vendor/laravel/framework/src/Illuminate/Http/Middleware/ValidatePathEncoding.php(28): Illuminate/Pipeline/Pipeline->Illuminate/Pipeline/{closure}()
#30 D:/ANDROID/kabaddi-counter-viewModel/backend_laravel/vendor/laravel/framework/src/Illuminate/Pipeline/Pipeline.php(219): Illuminate/Http/Middleware/ValidatePathEncoding->handle()
#31 D:/ANDROID/kabaddi-counter-viewModel/backend_laravel/vendor/laravel/framework/src/Illuminate/Pipeline/Pipeline.php(137): Illuminate/Pipeline/Pipeline->Illuminate/Pipeline/{closure}()
#32 D:/ANDROID/kabaddi-counter-viewModel/backend_laravel/vendor/laravel/framework/src/Illuminate/Foundation/Http/Kernel.php(175): Illuminate/Pipeline/Pipeline->then()
#33 D:/ANDROID/kabaddi-counter-viewModel/backend_laravel/vendor/laravel/framework/src/Illuminate/Foundation/Http/Kernel.php(144): Illuminate/Foundation/Http/Kernel->sendRequestThroughRouter()
#34 D:/ANDROID/kabaddi-counter-viewModel/backend_laravel/vendor/laravel/framework/src/Illuminate/Foundation/Application.php(1220): Illuminate/Foundation/Http/Kernel->handle()
#35 D:/ANDROID/kabaddi-counter-viewModel/backend_laravel/public/index.php(20): Illuminate/Foundation/Application->handleRequest()
#36 D:/ANDROID/kabaddi-counter-viewModel/backend_laravel/vendor/laravel/framework/src/Illuminate/Foundation/resources/server.php(23): require_once('...')
#37 {main}
"} 
[2026-05-31 10:17:32] local.ERROR: Class "App\Http\Controllers\Api\Controller" not found {"exception":"[object] (Error(code: 0): Class \"App\\Http\\Controllers\\Api\\Controller\" not found at D:/ANDROID/kabaddi-counter-viewModel/backend_laravel/app/Http/Controllers/Api/ScoreLogController.php:8)
[stacktrace]
#0 D:/ANDROID/kabaddi-counter-viewModel/backend_laravel/vendor/composer/ClassLoader.php(576): include()
#1 D:/ANDROID/kabaddi-counter-viewModel/backend_laravel/vendor/composer/ClassLoader.php(427): Composer/Autoload/{closure}()
#2 [internal function]: Composer/Autoload/ClassLoader->loadClass()
#3 D:/ANDROID/kabaddi-counter-viewModel/backend_laravel/vendor/laravel/framework/src/Illuminate/Routing/Route.php(1175): ReflectionClass->__construct()
#4 D:/ANDROID/kabaddi-counter-viewModel/backend_laravel/vendor/laravel/framework/src/Illuminate/Routing/Route.php(1125): Illuminate/Routing/Route->attributeProvidedControllerMiddleware()
#5 D:/ANDROID/kabaddi-counter-viewModel/backend_laravel/vendor/laravel/framework/src/Illuminate/Routing/Route.php(1062): Illuminate/Routing/Route->controllerMiddleware()
#6 D:/ANDROID/kabaddi-counter-viewModel/backend_laravel/vendor/laravel/framework/src/Illuminate/Routing/Router.php(834): Illuminate/Routing/Route->gatherMiddleware()
#7 D:/ANDROID/kabaddi-counter-viewModel/backend_laravel/vendor/laravel/framework/src/Illuminate/Routing/Router.php(816): Illuminate/Routing/Router->gatherRouteMiddleware()
#8 D:/ANDROID/kabaddi-counter-viewModel/backend_laravel/vendor/laravel/framework/src/Illuminate/Routing/Router.php(800): Illuminate/Routing/Router->runRouteWithinStack()
#9 D:/ANDROID/kabaddi-counter-viewModel/backend_laravel/vendor/laravel/framework/src/Illuminate/Routing/Router.php(764): Illuminate/Routing/Router->runRoute()
#10 D:/ANDROID/kabaddi-counter-viewModel/backend_laravel/vendor/laravel/framework/src/Illuminate/Routing/Router.php(753): Illuminate/Routing/Router->dispatchToRoute()
#11 D:/ANDROID/kabaddi-counter-viewModel/backend_laravel/vendor/laravel/framework/src/Illuminate/Foundation/Http/Kernel.php(200): Illuminate/Routing/Router->dispatch()
#12 D:/ANDROID/kabaddi-counter-viewModel/backend_laravel/vendor/laravel/framework/src/Illuminate/Pipeline/Pipeline.php(180): Illuminate/Foundation/Http/Kernel->Illuminate/Foundation/Http/{closure}()
#13 D:/ANDROID/kabaddi-counter-viewModel/backend_laravel/vendor/laravel/framework/src/Illuminate/Foundation/Http/Middleware/TransformsRequest.php(21): Illuminate/Pipeline/Pipeline->Illuminate/Pipeline/{closure}()
#14 D:/ANDROID/kabaddi-counter-viewModel/backend_laravel/vendor/laravel/framework/src/Illuminate/Foundation/Http/Middleware/ConvertEmptyStringsToNull.php(31): Illuminate/Foundation/Http/Middleware/TransformsRequest->handle()
#15 D:/ANDROID/kabaddi-counter-viewModel/backend_laravel/vendor/laravel/framework/src/Illuminate/Pipeline/Pipeline.php(219): Illuminate/Foundation/Http/Middleware/ConvertEmptyStringsToNull->handle()
#16 D:/ANDROID/kabaddi-counter-viewModel/backend_laravel/vendor/laravel/framework/src/Illuminate/Foundation/Http/Middleware/TransformsRequest.php(21): Illuminate/Pipeline/Pipeline->Illuminate/Pipeline/{closure}()
#17 D:/ANDROID/kabaddi-counter-viewModel/backend_laravel/vendor/laravel/framework/src/Illuminate/Foundation/Http/Middleware/TrimStrings.php(51): Illuminate/Foundation/Http/Middleware/TransformsRequest->handle()
#18 D:/ANDROID/kabaddi-counter-viewModel/backend_laravel/vendor/laravel/framework/src/Illuminate/Pipeline/Pipeline.php(219): Illuminate/Foundation/Http/Middleware/TrimStrings->handle()
#19 D:/ANDROID/kabaddi-counter-viewModel/backend_laravel/vendor/laravel/framework/src/Illuminate/Http/Middleware/ValidatePostSize.php(27): Illuminate/Pipeline/Pipeline->Illuminate/Pipeline/{closure}()
#20 D:/ANDROID/kabaddi-counter-viewModel/backend_laravel/vendor/laravel/framework/src/Illuminate/Pipeline/Pipeline.php(219): Illuminate/Http/Middleware/ValidatePostSize->handle()
#21 D:/ANDROID/kabaddi-counter-viewModel/backend_laravel/vendor/laravel/framework/src/Illuminate/Foundation/Http/Middleware/PreventRequestsDuringMaintenance.php(109): Illuminate/Pipeline/Pipeline->Illuminate/Pipeline/{closure}()
#22 D:/ANDROID/kabaddi-counter-viewModel/backend_laravel/vendor/laravel/framework/src/Illuminate/Pipeline/Pipeline.php(219): Illuminate/Foundation/Http/Middleware/PreventRequestsDuringMaintenance->handle()
#23 D:/ANDROID/kabaddi-counter-viewModel/backend_laravel/vendor/laravel/framework/src/Illuminate/Http/Middleware/HandleCors.php(74): Illuminate/Pipeline/Pipeline->Illuminate/Pipeline/{closure}()
#24 D:/ANDROID/kabaddi-counter-viewModel/backend_laravel/vendor/laravel/framework/src/Illuminate/Pipeline/Pipeline.php(219): Illuminate/Http/Middleware/HandleCors->handle()
#25 D:/ANDROID/kabaddi-counter-viewModel/backend_laravel/vendor/laravel/framework/src/Illuminate/Http/Middleware/TrustProxies.php(58): Illuminate/Pipeline/Pipeline->Illuminate/Pipeline/{closure}()
#26 D:/ANDROID/kabaddi-counter-viewModel/backend_laravel/vendor/laravel/framework/src/Illuminate/Pipeline/Pipeline.php(219): Illuminate/Http/Middleware/TrustProxies->handle()
#27 D:/ANDROID/kabaddi-counter-viewModel/backend_laravel/vendor/laravel/framework/src/Illuminate/Foundation/Http/Middleware/InvokeDeferredCallbacks.php(22): Illuminate/Pipeline/Pipeline->Illuminate/Pipeline/{closure}()
#28 D:/ANDROID/kabaddi-counter-viewModel/backend_laravel/vendor/laravel/framework/src/Illuminate/Pipeline/Pipeline.php(219): Illuminate/Foundation/Http/Middleware/InvokeDeferredCallbacks->handle()
#29 D:/ANDROID/kabaddi-counter-viewModel/backend_laravel/vendor/laravel/framework/src/Illuminate/Http/Middleware/ValidatePathEncoding.php(28): Illuminate/Pipeline/Pipeline->Illuminate/Pipeline/{closure}()
#30 D:/ANDROID/kabaddi-counter-viewModel/backend_laravel/vendor/laravel/framework/src/Illuminate/Pipeline/Pipeline.php(219): Illuminate/Http/Middleware/ValidatePathEncoding->handle()
#31 D:/ANDROID/kabaddi-counter-viewModel/backend_laravel/vendor/laravel/framework/src/Illuminate/Pipeline/Pipeline.php(137): Illuminate/Pipeline/Pipeline->Illuminate/Pipeline/{closure}()
#32 D:/ANDROID/kabaddi-counter-viewModel/backend_laravel/vendor/laravel/framework/src/Illuminate/Foundation/Http/Kernel.php(175): Illuminate/Pipeline/Pipeline->then()
#33 D:/ANDROID/kabaddi-counter-viewModel/backend_laravel/vendor/laravel/framework/src/Illuminate/Foundation/Http/Kernel.php(144): Illuminate/Foundation/Http/Kernel->sendRequestThroughRouter()
#34 D:/ANDROID/kabaddi-counter-viewModel/backend_laravel/vendor/laravel/framework/src/Illuminate/Foundation/Application.php(1220): Illuminate/Foundation/Http/Kernel->handle()
#35 D:/ANDROID/kabaddi-counter-viewModel/backend_laravel/public/index.php(20): Illuminate/Foundation/Application->handleRequest()
#36 D:/ANDROID/kabaddi-counter-viewModel/backend_laravel/vendor/laravel/framework/src/Illuminate/Foundation/resources/server.php(23): require_once('...')
#37 {main}
"} 
[2026-05-31 10:23:31] local.ERROR: Class "App\Http\Controllers\Api\Controller" not found {"exception":"[object] (Error(code: 0): Class \"App\\Http\\Controllers\\Api\\Controller\" not found at D:/ANDROID/kabaddi-counter-viewModel/backend_laravel/app/Http/Controllers/Api/ScoreLogController.php:8)
[stacktrace]
#0 D:/ANDROID/kabaddi-counter-viewModel/backend_laravel/vendor/composer/ClassLoader.php(576): include()
#1 D:/ANDROID/kabaddi-counter-viewModel/backend_laravel/vendor/composer/ClassLoader.php(427): Composer/Autoload/{closure}()
#2 [internal function]: Composer/Autoload/ClassLoader->loadClass()
#3 D:/ANDROID/kabaddi-counter-viewModel/backend_laravel/vendor/laravel/framework/src/Illuminate/Routing/Route.php(1175): ReflectionClass->__construct()
#4 D:/ANDROID/kabaddi-counter-viewModel/backend_laravel/vendor/laravel/framework/src/Illuminate/Routing/Route.php(1125): Illuminate/Routing/Route->attributeProvidedControllerMiddleware()
#5 D:/ANDROID/kabaddi-counter-viewModel/backend_laravel/vendor/laravel/framework/src/Illuminate/Routing/Route.php(1062): Illuminate/Routing/Route->controllerMiddleware()
#6 D:/ANDROID/kabaddi-counter-viewModel/backend_laravel/vendor/laravel/framework/src/Illuminate/Routing/Router.php(834): Illuminate/Routing/Route->gatherMiddleware()
#7 D:/ANDROID/kabaddi-counter-viewModel/backend_laravel/vendor/laravel/framework/src/Illuminate/Routing/Router.php(816): Illuminate/Routing/Router->gatherRouteMiddleware()
#8 D:/ANDROID/kabaddi-counter-viewModel/backend_laravel/vendor/laravel/framework/src/Illuminate/Routing/Router.php(800): Illuminate/Routing/Router->runRouteWithinStack()
#9 D:/ANDROID/kabaddi-counter-viewModel/backend_laravel/vendor/laravel/framework/src/Illuminate/Routing/Router.php(764): Illuminate/Routing/Router->runRoute()
#10 D:/ANDROID/kabaddi-counter-viewModel/backend_laravel/vendor/laravel/framework/src/Illuminate/Routing/Router.php(753): Illuminate/Routing/Router->dispatchToRoute()
#11 D:/ANDROID/kabaddi-counter-viewModel/backend_laravel/vendor/laravel/framework/src/Illuminate/Foundation/Http/Kernel.php(200): Illuminate/Routing/Router->dispatch()
#12 D:/ANDROID/kabaddi-counter-viewModel/backend_laravel/vendor/laravel/framework/src/Illuminate/Pipeline/Pipeline.php(180): Illuminate/Foundation/Http/Kernel->Illuminate/Foundation/Http/{closure}()
#13 D:/ANDROID/kabaddi-counter-viewModel/backend_laravel/vendor/laravel/framework/src/Illuminate/Foundation/Http/Middleware/TransformsRequest.php(21): Illuminate/Pipeline/Pipeline->Illuminate/Pipeline/{closure}()
#14 D:/ANDROID/kabaddi-counter-viewModel/backend_laravel/vendor/laravel/framework/src/Illuminate/Foundation/Http/Middleware/ConvertEmptyStringsToNull.php(31): Illuminate/Foundation/Http/Middleware/TransformsRequest->handle()
#15 D:/ANDROID/kabaddi-counter-viewModel/backend_laravel/vendor/laravel/framework/src/Illuminate/Pipeline/Pipeline.php(219): Illuminate/Foundation/Http/Middleware/ConvertEmptyStringsToNull->handle()
#16 D:/ANDROID/kabaddi-counter-viewModel/backend_laravel/vendor/laravel/framework/src/Illuminate/Foundation/Http/Middleware/TransformsRequest.php(21): Illuminate/Pipeline/Pipeline->Illuminate/Pipeline/{closure}()
#17 D:/ANDROID/kabaddi-counter-viewModel/backend_laravel/vendor/laravel/framework/src/Illuminate/Foundation/Http/Middleware/TrimStrings.php(51): Illuminate/Foundation/Http/Middleware/TransformsRequest->handle()
#18 D:/ANDROID/kabaddi-counter-viewModel/backend_laravel/vendor/laravel/framework/src/Illuminate/Pipeline/Pipeline.php(219): Illuminate/Foundation/Http/Middleware/TrimStrings->handle()
#19 D:/ANDROID/kabaddi-counter-viewModel/backend_laravel/vendor/laravel/framework/src/Illuminate/Http/Middleware/ValidatePostSize.php(27): Illuminate/Pipeline/Pipeline->Illuminate/Pipeline/{closure}()
#20 D:/ANDROID/kabaddi-counter-viewModel/backend_laravel/vendor/laravel/framework/src/Illuminate/Pipeline/Pipeline.php(219): Illuminate/Http/Middleware/ValidatePostSize->handle()
#21 D:/ANDROID/kabaddi-counter-viewModel/backend_laravel/vendor/laravel/framework/src/Illuminate/Foundation/Http/Middleware/PreventRequestsDuringMaintenance.php(109): Illuminate/Pipeline/Pipeline->Illuminate/Pipeline/{closure}()
#22 D:/ANDROID/kabaddi-counter-viewModel/backend_laravel/vendor/laravel/framework/src/Illuminate/Pipeline/Pipeline.php(219): Illuminate/Foundation/Http/Middleware/PreventRequestsDuringMaintenance->handle()
#23 D:/ANDROID/kabaddi-counter-viewModel/backend_laravel/vendor/laravel/framework/src/Illuminate/Http/Middleware/HandleCors.php(74): Illuminate/Pipeline/Pipeline->Illuminate/Pipeline/{closure}()
#24 D:/ANDROID/kabaddi-counter-viewModel/backend_laravel/vendor/laravel/framework/src/Illuminate/Pipeline/Pipeline.php(219): Illuminate/Http/Middleware/HandleCors->handle()
#25 D:/ANDROID/kabaddi-counter-viewModel/backend_laravel/vendor/laravel/framework/src/Illuminate/Http/Middleware/TrustProxies.php(58): Illuminate/Pipeline/Pipeline->Illuminate/Pipeline/{closure}()
#26 D:/ANDROID/kabaddi-counter-viewModel/backend_laravel/vendor/laravel/framework/src/Illuminate/Pipeline/Pipeline.php(219): Illuminate/Http/Middleware/TrustProxies->handle()
#27 D:/ANDROID/kabaddi-counter-viewModel/backend_laravel/vendor/laravel/framework/src/Illuminate/Foundation/Http/Middleware/InvokeDeferredCallbacks.php(22): Illuminate/Pipeline/Pipeline->Illuminate/Pipeline/{closure}()
#28 D:/ANDROID/kabaddi-counter-viewModel/backend_laravel/vendor/laravel/framework/src/Illuminate/Pipeline/Pipeline.php(219): Illuminate/Foundation/Http/Middleware/InvokeDeferredCallbacks->handle()
#29 D:/ANDROID/kabaddi-counter-viewModel/backend_laravel/vendor/laravel/framework/src/Illuminate/Http/Middleware/ValidatePathEncoding.php(28): Illuminate/Pipeline/Pipeline->Illuminate/Pipeline/{closure}()
#30 D:/ANDROID/kabaddi-counter-viewModel/backend_laravel/vendor/laravel/framework/src/Illuminate/Pipeline/Pipeline.php(219): Illuminate/Http/Middleware/ValidatePathEncoding->handle()
#31 D:/ANDROID/kabaddi-counter-viewModel/backend_laravel/vendor/laravel/framework/src/Illuminate/Pipeline/Pipeline.php(137): Illuminate/Pipeline/Pipeline->Illuminate/Pipeline/{closure}()
#32 D:/ANDROID/kabaddi-counter-viewModel/backend_laravel/vendor/laravel/framework/src/Illuminate/Foundation/Http/Kernel.php(175): Illuminate/Pipeline/Pipeline->then()
#33 D:/ANDROID/kabaddi-counter-viewModel/backend_laravel/vendor/laravel/framework/src/Illuminate/Foundation/Http/Kernel.php(144): Illuminate/Foundation/Http/Kernel->sendRequestThroughRouter()
#34 D:/ANDROID/kabaddi-counter-viewModel/backend_laravel/vendor/laravel/framework/src/Illuminate/Foundation/Application.php(1220): Illuminate/Foundation/Http/Kernel->handle()
#35 D:/ANDROID/kabaddi-counter-viewModel/backend_laravel/public/index.php(20): Illuminate/Foundation/Application->handleRequest()
#36 D:/ANDROID/kabaddi-counter-viewModel/backend_laravel/vendor/laravel/framework/src/Illuminate/Foundation/resources/server.php(23): require_once('...')
#37 {main}
"} 
[2026-05-31 10:23:59] local.ERROR: Class "App\Http\Controllers\Api\Controller" not found {"exception":"[object] (Error(code: 0): Class \"App\\Http\\Controllers\\Api\\Controller\" not found at D:/ANDROID/kabaddi-counter-viewModel/backend_laravel/app/Http/Controllers/Api/ScoreLogController.php:8)
[stacktrace]
#0 D:/ANDROID/kabaddi-counter-viewModel/backend_laravel/vendor/composer/ClassLoader.php(576): include()
#1 D:/ANDROID/kabaddi-counter-viewModel/backend_laravel/vendor/composer/ClassLoader.php(427): Composer/Autoload/{closure}()
#2 [internal function]: Composer/Autoload/ClassLoader->loadClass()
#3 D:/ANDROID/kabaddi-counter-viewModel/backend_laravel/vendor/laravel/framework/src/Illuminate/Routing/Route.php(1175): ReflectionClass->__construct()
#4 D:/ANDROID/kabaddi-counter-viewModel/backend_laravel/vendor/laravel/framework/src/Illuminate/Routing/Route.php(1125): Illuminate/Routing/Route->attributeProvidedControllerMiddleware()
#5 D:/ANDROID/kabaddi-counter-viewModel/backend_laravel/vendor/laravel/framework/src/Illuminate/Routing/Route.php(1062): Illuminate/Routing/Route->controllerMiddleware()
#6 D:/ANDROID/kabaddi-counter-viewModel/backend_laravel/vendor/laravel/framework/src/Illuminate/Routing/Router.php(834): Illuminate/Routing/Route->gatherMiddleware()
#7 D:/ANDROID/kabaddi-counter-viewModel/backend_laravel/vendor/laravel/framework/src/Illuminate/Routing/Router.php(816): Illuminate/Routing/Router->gatherRouteMiddleware()
#8 D:/ANDROID/kabaddi-counter-viewModel/backend_laravel/vendor/laravel/framework/src/Illuminate/Routing/Router.php(800): Illuminate/Routing/Router->runRouteWithinStack()
#9 D:/ANDROID/kabaddi-counter-viewModel/backend_laravel/vendor/laravel/framework/src/Illuminate/Routing/Router.php(764): Illuminate/Routing/Router->runRoute()
#10 D:/ANDROID/kabaddi-counter-viewModel/backend_laravel/vendor/laravel/framework/src/Illuminate/Routing/Router.php(753): Illuminate/Routing/Router->dispatchToRoute()
#11 D:/ANDROID/kabaddi-counter-viewModel/backend_laravel/vendor/laravel/framework/src/Illuminate/Foundation/Http/Kernel.php(200): Illuminate/Routing/Router->dispatch()
#12 D:/ANDROID/kabaddi-counter-viewModel/backend_laravel/vendor/laravel/framework/src/Illuminate/Pipeline/Pipeline.php(180): Illuminate/Foundation/Http/Kernel->Illuminate/Foundation/Http/{closure}()
#13 D:/ANDROID/kabaddi-counter-viewModel/backend_laravel/vendor/laravel/framework/src/Illuminate/Foundation/Http/Middleware/TransformsRequest.php(21): Illuminate/Pipeline/Pipeline->Illuminate/Pipeline/{closure}()
#14 D:/ANDROID/kabaddi-counter-viewModel/backend_laravel/vendor/laravel/framework/src/Illuminate/Foundation/Http/Middleware/ConvertEmptyStringsToNull.php(31): Illuminate/Foundation/Http/Middleware/TransformsRequest->handle()
#15 D:/ANDROID/kabaddi-counter-viewModel/backend_laravel/vendor/laravel/framework/src/Illuminate/Pipeline/Pipeline.php(219): Illuminate/Foundation/Http/Middleware/ConvertEmptyStringsToNull->handle()
#16 D:/ANDROID/kabaddi-counter-viewModel/backend_laravel/vendor/laravel/framework/src/Illuminate/Foundation/Http/Middleware/TransformsRequest.php(21): Illuminate/Pipeline/Pipeline->Illuminate/Pipeline/{closure}()
#17 D:/ANDROID/kabaddi-counter-viewModel/backend_laravel/vendor/laravel/framework/src/Illuminate/Foundation/Http/Middleware/TrimStrings.php(51): Illuminate/Foundation/Http/Middleware/TransformsRequest->handle()
#18 D:/ANDROID/kabaddi-counter-viewModel/backend_laravel/vendor/laravel/framework/src/Illuminate/Pipeline/Pipeline.php(219): Illuminate/Foundation/Http/Middleware/TrimStrings->handle()
#19 D:/ANDROID/kabaddi-counter-viewModel/backend_laravel/vendor/laravel/framework/src/Illuminate/Http/Middleware/ValidatePostSize.php(27): Illuminate/Pipeline/Pipeline->Illuminate/Pipeline/{closure}()
#20 D:/ANDROID/kabaddi-counter-viewModel/backend_laravel/vendor/laravel/framework/src/Illuminate/Pipeline/Pipeline.php(219): Illuminate/Http/Middleware/ValidatePostSize->handle()
#21 D:/ANDROID/kabaddi-counter-viewModel/backend_laravel/vendor/laravel/framework/src/Illuminate/Foundation/Http/Middleware/PreventRequestsDuringMaintenance.php(109): Illuminate/Pipeline/Pipeline->Illuminate/Pipeline/{closure}()
#22 D:/ANDROID/kabaddi-counter-viewModel/backend_laravel/vendor/laravel/framework/src/Illuminate/Pipeline/Pipeline.php(219): Illuminate/Foundation/Http/Middleware/PreventRequestsDuringMaintenance->handle()
#23 D:/ANDROID/kabaddi-counter-viewModel/backend_laravel/vendor/laravel/framework/src/Illuminate/Http/Middleware/HandleCors.php(74): Illuminate/Pipeline/Pipeline->Illuminate/Pipeline/{closure}()
#24 D:/ANDROID/kabaddi-counter-viewModel/backend_laravel/vendor/laravel/framework/src/Illuminate/Pipeline/Pipeline.php(219): Illuminate/Http/Middleware/HandleCors->handle()
#25 D:/ANDROID/kabaddi-counter-viewModel/backend_laravel/vendor/laravel/framework/src/Illuminate/Http/Middleware/TrustProxies.php(58): Illuminate/Pipeline/Pipeline->Illuminate/Pipeline/{closure}()
#26 D:/ANDROID/kabaddi-counter-viewModel/backend_laravel/vendor/laravel/framework/src/Illuminate/Pipeline/Pipeline.php(219): Illuminate/Http/Middleware/TrustProxies->handle()
#27 D:/ANDROID/kabaddi-counter-viewModel/backend_laravel/vendor/laravel/framework/src/Illuminate/Foundation/Http/Middleware/InvokeDeferredCallbacks.php(22): Illuminate/Pipeline/Pipeline->Illuminate/Pipeline/{closure}()
#28 D:/ANDROID/kabaddi-counter-viewModel/backend_laravel/vendor/laravel/framework/src/Illuminate/Pipeline/Pipeline.php(219): Illuminate/Foundation/Http/Middleware/InvokeDeferredCallbacks->handle()
#29 D:/ANDROID/kabaddi-counter-viewModel/backend_laravel/vendor/laravel/framework/src/Illuminate/Http/Middleware/ValidatePathEncoding.php(28): Illuminate/Pipeline/Pipeline->Illuminate/Pipeline/{closure}()
#30 D:/ANDROID/kabaddi-counter-viewModel/backend_laravel/vendor/laravel/framework/src/Illuminate/Pipeline/Pipeline.php(219): Illuminate/Http/Middleware/ValidatePathEncoding->handle()
#31 D:/ANDROID/kabaddi-counter-viewModel/backend_laravel/vendor/laravel/framework/src/Illuminate/Pipeline/Pipeline.php(137): Illuminate/Pipeline/Pipeline->Illuminate/Pipeline/{closure}()
#32 D:/ANDROID/kabaddi-counter-viewModel/backend_laravel/vendor/laravel/framework/src/Illuminate/Foundation/Http/Kernel.php(175): Illuminate/Pipeline/Pipeline->then()
#33 D:/ANDROID/kabaddi-counter-viewModel/backend_laravel/vendor/laravel/framework/src/Illuminate/Foundation/Http/Kernel.php(144): Illuminate/Foundation/Http/Kernel->sendRequestThroughRouter()
#34 D:/ANDROID/kabaddi-counter-viewModel/backend_laravel/vendor/laravel/framework/src/Illuminate/Foundation/Application.php(1220): Illuminate/Foundation/Http/Kernel->handle()
#35 D:/ANDROID/kabaddi-counter-viewModel/backend_laravel/public/index.php(20): Illuminate/Foundation/Application->handleRequest()
#36 D:/ANDROID/kabaddi-counter-viewModel/backend_laravel/vendor/laravel/framework/src/Illuminate/Foundation/resources/server.php(23): require_once('...')
#37 {main}
"} 
[2026-05-31 10:30:37] local.ERROR: SQLSTATE[23000]: Integrity constraint violation: 1048 Column 'score_b' cannot be null (Connection: mysql, Host: 127.0.0.1, Port: 3306, Database: kabaddi_counter, SQL: insert into `score_logs` (`match_id`, `team`, `points`, `score_a`, `score_b`, `updated_at`, `created_at`) values (3, Amerika, 1, 1, ?, 2026-05-31 10:30:37, 2026-05-31 10:30:37)) {"exception":"[object] (Illuminate\\Database\\QueryException(code: 23000): SQLSTATE[23000]: Integrity constraint violation: 1048 Column 'score_b' cannot be null (Connection: mysql, Host: 127.0.0.1, Port: 3306, Database: kabaddi_counter, SQL: insert into `score_logs` (`match_id`, `team`, `points`, `score_a`, `score_b`, `updated_at`, `created_at`) values (3, Amerika, 1, 1, ?, 2026-05-31 10:30:37, 2026-05-31 10:30:37)) at D:/ANDROID/kabaddi-counter-viewModel/backend_laravel/vendor/laravel/framework/src/Illuminate/Database/Connection.php:841)
[stacktrace]
#0 D:/ANDROID/kabaddi-counter-viewModel/backend_laravel/vendor/laravel/framework/src/Illuminate/Database/Connection.php(797): Illuminate/Database/Connection->runQueryCallback()
#1 D:/ANDROID/kabaddi-counter-viewModel/backend_laravel/vendor/laravel/framework/src/Illuminate/Database/MySqlConnection.php(42): Illuminate/Database/Connection->run()
#2 D:/ANDROID/kabaddi-counter-viewModel/backend_laravel/vendor/laravel/framework/src/Illuminate/Database/Query/Processors/MySqlProcessor.php(35): Illuminate/Database/MySqlConnection->insert()
#3 D:/ANDROID/kabaddi-counter-viewModel/backend_laravel/vendor/laravel/framework/src/Illuminate/Database/Query/Builder.php(4251): Illuminate/Database/Query/Processors/MySqlProcessor->processInsertGetId()
#4 D:/ANDROID/kabaddi-counter-viewModel/backend_laravel/vendor/laravel/framework/src/Illuminate/Database/Eloquent/Builder.php(2271): Illuminate/Database/Query/Builder->insertGetId()
#5 D:/ANDROID/kabaddi-counter-viewModel/backend_laravel/vendor/laravel/framework/src/Illuminate/Database/Eloquent/Model.php(1660): Illuminate/Database/Eloquent/Builder->__call()
#6 D:/ANDROID/kabaddi-counter-viewModel/backend_laravel/vendor/laravel/framework/src/Illuminate/Database/Eloquent/Model.php(1576): Illuminate/Database/Eloquent/Model->insertAndSetId()
#7 D:/ANDROID/kabaddi-counter-viewModel/backend_laravel/vendor/laravel/framework/src/Illuminate/Database/Eloquent/Model.php(1380): Illuminate/Database/Eloquent/Model->performInsert()
#8 D:/ANDROID/kabaddi-counter-viewModel/backend_laravel/vendor/laravel/framework/src/Illuminate/Database/Eloquent/Builder.php(1225): Illuminate/Database/Eloquent/Model->save()
#9 D:/ANDROID/kabaddi-counter-viewModel/backend_laravel/vendor/laravel/framework/src/Illuminate/Support/helpers.php(393): Illuminate/Database/Eloquent/Builder->Illuminate/Database/Eloquent/{closure}()
#10 D:/ANDROID/kabaddi-counter-viewModel/backend_laravel/vendor/laravel/framework/src/Illuminate/Database/Eloquent/Builder.php(1224): tap()
#11 D:/ANDROID/kabaddi-counter-viewModel/backend_laravel/vendor/laravel/framework/src/Illuminate/Support/Traits/ForwardsCalls.php(23): Illuminate/Database/Eloquent/Builder->create()
#12 D:/ANDROID/kabaddi-counter-viewModel/backend_laravel/vendor/laravel/framework/src/Illuminate/Database/Eloquent/Model.php(2807): Illuminate/Database/Eloquent/Model->forwardCallTo()
#13 D:/ANDROID/kabaddi-counter-viewModel/backend_laravel/vendor/laravel/framework/src/Illuminate/Database/Eloquent/Model.php(2823): Illuminate/Database/Eloquent/Model->__call()
#14 D:/ANDROID/kabaddi-counter-viewModel/backend_laravel/app/Http/Controllers/Api/MatchController.php(106): Illuminate/Database/Eloquent/Model::__callStatic()
#15 D:/ANDROID/kabaddi-counter-viewModel/backend_laravel/vendor/laravel/framework/src/Illuminate/Routing/ControllerDispatcher.php(46): App/Http/Controllers/Api/MatchController->updateScore()
#16 D:/ANDROID/kabaddi-counter-viewModel/backend_laravel/vendor/laravel/framework/src/Illuminate/Routing/Route.php(269): Illuminate/Routing/ControllerDispatcher->dispatch()
#17 D:/ANDROID/kabaddi-counter-viewModel/backend_laravel/vendor/laravel/framework/src/Illuminate/Routing/Route.php(215): Illuminate/Routing/Route->runController()
#18 D:/ANDROID/kabaddi-counter-viewModel/backend_laravel/vendor/laravel/framework/src/Illuminate/Routing/Router.php(822): Illuminate/Routing/Route->run()
#19 D:/ANDROID/kabaddi-counter-viewModel/backend_laravel/vendor/laravel/framework/src/Illuminate/Pipeline/Pipeline.php(180): Illuminate/Routing/Router->Illuminate/Routing/{closure}()
#20 D:/ANDROID/kabaddi-counter-viewModel/backend_laravel/vendor/laravel/framework/src/Illuminate/Routing/Middleware/SubstituteBindings.php(52): Illuminate/Pipeline/Pipeline->Illuminate/Pipeline/{closure}()
#21 D:/ANDROID/kabaddi-counter-viewModel/backend_laravel/vendor/laravel/framework/src/Illuminate/Pipeline/Pipeline.php(219): Illuminate/Routing/Middleware/SubstituteBindings->handle()
#22 D:/ANDROID/kabaddi-counter-viewModel/backend_laravel/vendor/laravel/framework/src/Illuminate/Pipeline/Pipeline.php(137): Illuminate/Pipeline/Pipeline->Illuminate/Pipeline/{closure}()
#23 D:/ANDROID/kabaddi-counter-viewModel/backend_laravel/vendor/laravel/framework/src/Illuminate/Routing/Router.php(821): Illuminate/Pipeline/Pipeline->then()
#24 D:/ANDROID/kabaddi-counter-viewModel/backend_laravel/vendor/laravel/framework/src/Illuminate/Routing/Router.php(800): Illuminate/Routing/Router->runRouteWithinStack()
#25 D:/ANDROID/kabaddi-counter-viewModel/backend_laravel/vendor/laravel/framework/src/Illuminate/Routing/Router.php(764): Illuminate/Routing/Router->runRoute()
#26 D:/ANDROID/kabaddi-counter-viewModel/backend_laravel/vendor/laravel/framework/src/Illuminate/Routing/Router.php(753): Illuminate/Routing/Router->dispatchToRoute()
#27 D:/ANDROID/kabaddi-counter-viewModel/backend_laravel/vendor/laravel/framework/src/Illuminate/Foundation/Http/Kernel.php(200): Illuminate/Routing/Router->dispatch()
#28 D:/ANDROID/kabaddi-counter-viewModel/backend_laravel/vendor/laravel/framework/src/Illuminate/Pipeline/Pipeline.php(180): Illuminate/Foundation/Http/Kernel->Illuminate/Foundation/Http/{closure}()
#29 D:/ANDROID/kabaddi-counter-viewModel/backend_laravel/vendor/laravel/framework/src/Illuminate/Foundation/Http/Middleware/TransformsRequest.php(21): Illuminate/Pipeline/Pipeline->Illuminate/Pipeline/{closure}()
#30 D:/ANDROID/kabaddi-counter-viewModel/backend_laravel/vendor/laravel/framework/src/Illuminate/Foundation/Http/Middleware/ConvertEmptyStringsToNull.php(31): Illuminate/Foundation/Http/Middleware/TransformsRequest->handle()
#31 D:/ANDROID/kabaddi-counter-viewModel/backend_laravel/vendor/laravel/framework/src/Illuminate/Pipeline/Pipeline.php(219): Illuminate/Foundation/Http/Middleware/ConvertEmptyStringsToNull->handle()
#32 D:/ANDROID/kabaddi-counter-viewModel/backend_laravel/vendor/laravel/framework/src/Illuminate/Foundation/Http/Middleware/TransformsRequest.php(21): Illuminate/Pipeline/Pipeline->Illuminate/Pipeline/{closure}()
#33 D:/ANDROID/kabaddi-counter-viewModel/backend_laravel/vendor/laravel/framework/src/Illuminate/Foundation/Http/Middleware/TrimStrings.php(51): Illuminate/Foundation/Http/Middleware/TransformsRequest->handle()
#34 D:/ANDROID/kabaddi-counter-viewModel/backend_laravel/vendor/laravel/framework/src/Illuminate/Pipeline/Pipeline.php(219): Illuminate/Foundation/Http/Middleware/TrimStrings->handle()
#35 D:/ANDROID/kabaddi-counter-viewModel/backend_laravel/vendor/laravel/framework/src/Illuminate/Http/Middleware/ValidatePostSize.php(27): Illuminate/Pipeline/Pipeline->Illuminate/Pipeline/{closure}()
#36 D:/ANDROID/kabaddi-counter-viewModel/backend_laravel/vendor/laravel/framework/src/Illuminate/Pipeline/Pipeline.php(219): Illuminate/Http/Middleware/ValidatePostSize->handle()
#37 D:/ANDROID/kabaddi-counter-viewModel/backend_laravel/vendor/laravel/framework/src/Illuminate/Foundation/Http/Middleware/PreventRequestsDuringMaintenance.php(109): Illuminate/Pipeline/Pipeline->Illuminate/Pipeline/{closure}()
#38 D:/ANDROID/kabaddi-counter-viewModel/backend_laravel/vendor/laravel/framework/src/Illuminate/Pipeline/Pipeline.php(219): Illuminate/Foundation/Http/Middleware/PreventRequestsDuringMaintenance->handle()
#39 D:/ANDROID/kabaddi-counter-viewModel/backend_laravel/vendor/laravel/framework/src/Illuminate/Http/Middleware/HandleCors.php(74): Illuminate/Pipeline/Pipeline->Illuminate/Pipeline/{closure}()
#40 D:/ANDROID/kabaddi-counter-viewModel/backend_laravel/vendor/laravel/framework/src/Illuminate/Pipeline/Pipeline.php(219): Illuminate/Http/Middleware/HandleCors->handle()
#41 D:/ANDROID/kabaddi-counter-viewModel/backend_laravel/vendor/laravel/framework/src/Illuminate/Http/Middleware/TrustProxies.php(58): Illuminate/Pipeline/Pipeline->Illuminate/Pipeline/{closure}()
#42 D:/ANDROID/kabaddi-counter-viewModel/backend_laravel/vendor/laravel/framework/src/Illuminate/Pipeline/Pipeline.php(219): Illuminate/Http/Middleware/TrustProxies->handle()
#43 D:/ANDROID/kabaddi-counter-viewModel/backend_laravel/vendor/laravel/framework/src/Illuminate/Foundation/Http/Middleware/InvokeDeferredCallbacks.php(22): Illuminate/Pipeline/Pipeline->Illuminate/Pipeline/{closure}()
#44 D:/ANDROID/kabaddi-counter-viewModel/backend_laravel/vendor/laravel/framework/src/Illuminate/Pipeline/Pipeline.php(219): Illuminate/Foundation/Http/Middleware/InvokeDeferredCallbacks->handle()
#45 D:/ANDROID/kabaddi-counter-viewModel/backend_laravel/vendor/laravel/framework/src/Illuminate/Http/Middleware/ValidatePathEncoding.php(28): Illuminate/Pipeline/Pipeline->Illuminate/Pipeline/{closure}()
#46 D:/ANDROID/kabaddi-counter-viewModel/backend_laravel/vendor/laravel/framework/src/Illuminate/Pipeline/Pipeline.php(219): Illuminate/Http/Middleware/ValidatePathEncoding->handle()
#47 D:/ANDROID/kabaddi-counter-viewModel/backend_laravel/vendor/laravel/framework/src/Illuminate/Pipeline/Pipeline.php(137): Illuminate/Pipeline/Pipeline->Illuminate/Pipeline/{closure}()
#48 D:/ANDROID/kabaddi-counter-viewModel/backend_laravel/vendor/laravel/framework/src/Illuminate/Foundation/Http/Kernel.php(175): Illuminate/Pipeline/Pipeline->then()
#49 D:/ANDROID/kabaddi-counter-viewModel/backend_laravel/vendor/laravel/framework/src/Illuminate/Foundation/Http/Kernel.php(144): Illuminate/Foundation/Http/Kernel->sendRequestThroughRouter()
#50 D:/ANDROID/kabaddi-counter-viewModel/backend_laravel/vendor/laravel/framework/src/Illuminate/Foundation/Application.php(1220): Illuminate/Foundation/Http/Kernel->handle()
#51 D:/ANDROID/kabaddi-counter-viewModel/backend_laravel/public/index.php(20): Illuminate/Foundation/Application->handleRequest()
#52 D:/ANDROID/kabaddi-counter-viewModel/backend_laravel/vendor/laravel/framework/src/Illuminate/Foundation/resources/server.php(23): require_once('...')
#53 {main}

[previous exception] [object] (PDOException(code: 23000): SQLSTATE[23000]: Integrity constraint violation: 1048 Column 'score_b' cannot be null at D:/ANDROID/kabaddi-counter-viewModel/backend_laravel/vendor/laravel/framework/src/Illuminate/Database/MySqlConnection.php:53)
[stacktrace]
#0 D:/ANDROID/kabaddi-counter-viewModel/backend_laravel/vendor/laravel/framework/src/Illuminate/Database/MySqlConnection.php(53): PDOStatement->execute()
#1 D:/ANDROID/kabaddi-counter-viewModel/backend_laravel/vendor/laravel/framework/src/Illuminate/Database/Connection.php(830): Illuminate/Database/MySqlConnection->Illuminate/Database/{closure}()
#2 D:/ANDROID/kabaddi-counter-viewModel/backend_laravel/vendor/laravel/framework/src/Illuminate/Database/Connection.php(797): Illuminate/Database/Connection->runQueryCallback()
#3 D:/ANDROID/kabaddi-counter-viewModel/backend_laravel/vendor/laravel/framework/src/Illuminate/Database/MySqlConnection.php(42): Illuminate/Database/Connection->run()
#4 D:/ANDROID/kabaddi-counter-viewModel/backend_laravel/vendor/laravel/framework/src/Illuminate/Database/Query/Processors/MySqlProcessor.php(35): Illuminate/Database/MySqlConnection->insert()
#5 D:/ANDROID/kabaddi-counter-viewModel/backend_laravel/vendor/laravel/framework/src/Illuminate/Database/Query/Builder.php(4251): Illuminate/Database/Query/Processors/MySqlProcessor->processInsertGetId()
#6 D:/ANDROID/kabaddi-counter-viewModel/backend_laravel/vendor/laravel/framework/src/Illuminate/Database/Eloquent/Builder.php(2271): Illuminate/Database/Query/Builder->insertGetId()
#7 D:/ANDROID/kabaddi-counter-viewModel/backend_laravel/vendor/laravel/framework/src/Illuminate/Database/Eloquent/Model.php(1660): Illuminate/Database/Eloquent/Builder->__call()
#8 D:/ANDROID/kabaddi-counter-viewModel/backend_laravel/vendor/laravel/framework/src/Illuminate/Database/Eloquent/Model.php(1576): Illuminate/Database/Eloquent/Model->insertAndSetId()
#9 D:/ANDROID/kabaddi-counter-viewModel/backend_laravel/vendor/laravel/framework/src/Illuminate/Database/Eloquent/Model.php(1380): Illuminate/Database/Eloquent/Model->performInsert()
#10 D:/ANDROID/kabaddi-counter-viewModel/backend_laravel/vendor/laravel/framework/src/Illuminate/Database/Eloquent/Builder.php(1225): Illuminate/Database/Eloquent/Model->save()
#11 D:/ANDROID/kabaddi-counter-viewModel/backend_laravel/vendor/laravel/framework/src/Illuminate/Support/helpers.php(393): Illuminate/Database/Eloquent/Builder->Illuminate/Database/Eloquent/{closure}()
#12 D:/ANDROID/kabaddi-counter-viewModel/backend_laravel/vendor/laravel/framework/src/Illuminate/Database/Eloquent/Builder.php(1224): tap()
#13 D:/ANDROID/kabaddi-counter-viewModel/backend_laravel/vendor/laravel/framework/src/Illuminate/Support/Traits/ForwardsCalls.php(23): Illuminate/Database/Eloquent/Builder->create()
#14 D:/ANDROID/kabaddi-counter-viewModel/backend_laravel/vendor/laravel/framework/src/Illuminate/Database/Eloquent/Model.php(2807): Illuminate/Database/Eloquent/Model->forwardCallTo()
#15 D:/ANDROID/kabaddi-counter-viewModel/backend_laravel/vendor/laravel/framework/src/Illuminate/Database/Eloquent/Model.php(2823): Illuminate/Database/Eloquent/Model->__call()
#16 D:/ANDROID/kabaddi-counter-viewModel/backend_laravel/app/Http/Controllers/Api/MatchController.php(106): Illuminate/Database/Eloquent/Model::__callStatic()
#17 D:/ANDROID/kabaddi-counter-viewModel/backend_laravel/vendor/laravel/framework/src/Illuminate/Routing/ControllerDispatcher.php(46): App/Http/Controllers/Api/MatchController->updateScore()
#18 D:/ANDROID/kabaddi-counter-viewModel/backend_laravel/vendor/laravel/framework/src/Illuminate/Routing/Route.php(269): Illuminate/Routing/ControllerDispatcher->dispatch()
#19 D:/ANDROID/kabaddi-counter-viewModel/backend_laravel/vendor/laravel/framework/src/Illuminate/Routing/Route.php(215): Illuminate/Routing/Route->runController()
#20 D:/ANDROID/kabaddi-counter-viewModel/backend_laravel/vendor/laravel/framework/src/Illuminate/Routing/Router.php(822): Illuminate/Routing/Route->run()
#21 D:/ANDROID/kabaddi-counter-viewModel/backend_laravel/vendor/laravel/framework/src/Illuminate/Pipeline/Pipeline.php(180): Illuminate/Routing/Router->Illuminate/Routing/{closure}()
#22 D:/ANDROID/kabaddi-counter-viewModel/backend_laravel/vendor/laravel/framework/src/Illuminate/Routing/Middleware/SubstituteBindings.php(52): Illuminate/Pipeline/Pipeline->Illuminate/Pipeline/{closure}()
#23 D:/ANDROID/kabaddi-counter-viewModel/backend_laravel/vendor/laravel/framework/src/Illuminate/Pipeline/Pipeline.php(219): Illuminate/Routing/Middleware/SubstituteBindings->handle()
#24 D:/ANDROID/kabaddi-counter-viewModel/backend_laravel/vendor/laravel/framework/src/Illuminate/Pipeline/Pipeline.php(137): Illuminate/Pipeline/Pipeline->Illuminate/Pipeline/{closure}()
#25 D:/ANDROID/kabaddi-counter-viewModel/backend_laravel/vendor/laravel/framework/src/Illuminate/Routing/Router.php(821): Illuminate/Pipeline/Pipeline->then()
#26 D:/ANDROID/kabaddi-counter-viewModel/backend_laravel/vendor/laravel/framework/src/Illuminate/Routing/Router.php(800): Illuminate/Routing/Router->runRouteWithinStack()
#27 D:/ANDROID/kabaddi-counter-viewModel/backend_laravel/vendor/laravel/framework/src/Illuminate/Routing/Router.php(764): Illuminate/Routing/Router->runRoute()
#28 D:/ANDROID/kabaddi-counter-viewModel/backend_laravel/vendor/laravel/framework/src/Illuminate/Routing/Router.php(753): Illuminate/Routing/Router->dispatchToRoute()
#29 D:/ANDROID/kabaddi-counter-viewModel/backend_laravel/vendor/laravel/framework/src/Illuminate/Foundation/Http/Kernel.php(200): Illuminate/Routing/Router->dispatch()
#30 D:/ANDROID/kabaddi-counter-viewModel/backend_laravel/vendor/laravel/framework/src/Illuminate/Pipeline/Pipeline.php(180): Illuminate/Foundation/Http/Kernel->Illuminate/Foundation/Http/{closure}()
#31 D:/ANDROID/kabaddi-counter-viewModel/backend_laravel/vendor/laravel/framework/src/Illuminate/Foundation/Http/Middleware/TransformsRequest.php(21): Illuminate/Pipeline/Pipeline->Illuminate/Pipeline/{closure}()
#32 D:/ANDROID/kabaddi-counter-viewModel/backend_laravel/vendor/laravel/framework/src/Illuminate/Foundation/Http/Middleware/ConvertEmptyStringsToNull.php(31): Illuminate/Foundation/Http/Middleware/TransformsRequest->handle()
#33 D:/ANDROID/kabaddi-counter-viewModel/backend_laravel/vendor/laravel/framework/src/Illuminate/Pipeline/Pipeline.php(219): Illuminate/Foundation/Http/Middleware/ConvertEmptyStringsToNull->handle()
#34 D:/ANDROID/kabaddi-counter-viewModel/backend_laravel/vendor/laravel/framework/src/Illuminate/Foundation/Http/Middleware/TransformsRequest.php(21): Illuminate/Pipeline/Pipeline->Illuminate/Pipeline/{closure}()
#35 D:/ANDROID/kabaddi-counter-viewModel/backend_laravel/vendor/laravel/framework/src/Illuminate/Foundation/Http/Middleware/TrimStrings.php(51): Illuminate/Foundation/Http/Middleware/TransformsRequest->handle()
#36 D:/ANDROID/kabaddi-counter-viewModel/backend_laravel/vendor/laravel/framework/src/Illuminate/Pipeline/Pipeline.php(219): Illuminate/Foundation/Http/Middleware/TrimStrings->handle()
#37 D:/ANDROID/kabaddi-counter-viewModel/backend_laravel/vendor/laravel/framework/src/Illuminate/Http/Middleware/ValidatePostSize.php(27): Illuminate/Pipeline/Pipeline->Illuminate/Pipeline/{closure}()
#38 D:/ANDROID/kabaddi-counter-viewModel/backend_laravel/vendor/laravel/framework/src/Illuminate/Pipeline/Pipeline.php(219): Illuminate/Http/Middleware/ValidatePostSize->handle()
#39 D:/ANDROID/kabaddi-counter-viewModel/backend_laravel/vendor/laravel/framework/src/Illuminate/Foundation/Http/Middleware/PreventRequestsDuringMaintenance.php(109): Illuminate/Pipeline/Pipeline->Illuminate/Pipeline/{closure}()
#40 D:/ANDROID/kabaddi-counter-viewModel/backend_laravel/vendor/laravel/framework/src/Illuminate/Pipeline/Pipeline.php(219): Illuminate/Foundation/Http/Middleware/PreventRequestsDuringMaintenance->handle()
#41 D:/ANDROID/kabaddi-counter-viewModel/backend_laravel/vendor/laravel/framework/src/Illuminate/Http/Middleware/HandleCors.php(74): Illuminate/Pipeline/Pipeline->Illuminate/Pipeline/{closure}()
#42 D:/ANDROID/kabaddi-counter-viewModel/backend_laravel/vendor/laravel/framework/src/Illuminate/Pipeline/Pipeline.php(219): Illuminate/Http/Middleware/HandleCors->handle()
#43 D:/ANDROID/kabaddi-counter-viewModel/backend_laravel/vendor/laravel/framework/src/Illuminate/Http/Middleware/TrustProxies.php(58): Illuminate/Pipeline/Pipeline->Illuminate/Pipeline/{closure}()
#44 D:/ANDROID/kabaddi-counter-viewModel/backend_laravel/vendor/laravel/framework/src/Illuminate/Pipeline/Pipeline.php(219): Illuminate/Http/Middleware/TrustProxies->handle()
#45 D:/ANDROID/kabaddi-counter-viewModel/backend_laravel/vendor/laravel/framework/src/Illuminate/Foundation/Http/Middleware/InvokeDeferredCallbacks.php(22): Illuminate/Pipeline/Pipeline->Illuminate/Pipeline/{closure}()
#46 D:/ANDROID/kabaddi-counter-viewModel/backend_laravel/vendor/laravel/framework/src/Illuminate/Pipeline/Pipeline.php(219): Illuminate/Foundation/Http/Middleware/InvokeDeferredCallbacks->handle()
#47 D:/ANDROID/kabaddi-counter-viewModel/backend_laravel/vendor/laravel/framework/src/Illuminate/Http/Middleware/ValidatePathEncoding.php(28): Illuminate/Pipeline/Pipeline->Illuminate/Pipeline/{closure}()
#48 D:/ANDROID/kabaddi-counter-viewModel/backend_laravel/vendor/laravel/framework/src/Illuminate/Pipeline/Pipeline.php(219): Illuminate/Http/Middleware/ValidatePathEncoding->handle()
#49 D:/ANDROID/kabaddi-counter-viewModel/backend_laravel/vendor/laravel/framework/src/Illuminate/Pipeline/Pipeline.php(137): Illuminate/Pipeline/Pipeline->Illuminate/Pipeline/{closure}()
#50 D:/ANDROID/kabaddi-counter-viewModel/backend_laravel/vendor/laravel/framework/src/Illuminate/Foundation/Http/Kernel.php(175): Illuminate/Pipeline/Pipeline->then()
#51 D:/ANDROID/kabaddi-counter-viewModel/backend_laravel/vendor/laravel/framework/src/Illuminate/Foundation/Http/Kernel.php(144): Illuminate/Foundation/Http/Kernel->sendRequestThroughRouter()
#52 D:/ANDROID/kabaddi-counter-viewModel/backend_laravel/vendor/laravel/framework/src/Illuminate/Foundation/Application.php(1220): Illuminate/Foundation/Http/Kernel->handle()
#53 D:/ANDROID/kabaddi-counter-viewModel/backend_laravel/public/index.php(20): Illuminate/Foundation/Application->handleRequest()
#54 D:/ANDROID/kabaddi-counter-viewModel/backend_laravel/vendor/laravel/framework/src/Illuminate/Foundation/resources/server.php(23): require_once('...')
#55 {main}
"} 
[2026-05-31 10:34:39] local.ERROR: Class "App\Http\Controllers\Api\Controller" not found {"exception":"[object] (Error(code: 0): Class \"App\\Http\\Controllers\\Api\\Controller\" not found at D:/ANDROID/kabaddi-counter-viewModel/backend_laravel/app/Http/Controllers/Api/ScoreLogController.php:8)
[stacktrace]
#0 D:/ANDROID/kabaddi-counter-viewModel/backend_laravel/vendor/composer/ClassLoader.php(576): include()
#1 D:/ANDROID/kabaddi-counter-viewModel/backend_laravel/vendor/composer/ClassLoader.php(427): Composer/Autoload/{closure}()
#2 [internal function]: Composer/Autoload/ClassLoader->loadClass()
#3 D:/ANDROID/kabaddi-counter-viewModel/backend_laravel/vendor/laravel/framework/src/Illuminate/Routing/Route.php(1175): ReflectionClass->__construct()
#4 D:/ANDROID/kabaddi-counter-viewModel/backend_laravel/vendor/laravel/framework/src/Illuminate/Routing/Route.php(1125): Illuminate/Routing/Route->attributeProvidedControllerMiddleware()
#5 D:/ANDROID/kabaddi-counter-viewModel/backend_laravel/vendor/laravel/framework/src/Illuminate/Routing/Route.php(1062): Illuminate/Routing/Route->controllerMiddleware()
#6 D:/ANDROID/kabaddi-counter-viewModel/backend_laravel/vendor/laravel/framework/src/Illuminate/Routing/Router.php(834): Illuminate/Routing/Route->gatherMiddleware()
#7 D:/ANDROID/kabaddi-counter-viewModel/backend_laravel/vendor/laravel/framework/src/Illuminate/Routing/Router.php(816): Illuminate/Routing/Router->gatherRouteMiddleware()
#8 D:/ANDROID/kabaddi-counter-viewModel/backend_laravel/vendor/laravel/framework/src/Illuminate/Routing/Router.php(800): Illuminate/Routing/Router->runRouteWithinStack()
#9 D:/ANDROID/kabaddi-counter-viewModel/backend_laravel/vendor/laravel/framework/src/Illuminate/Routing/Router.php(764): Illuminate/Routing/Router->runRoute()
#10 D:/ANDROID/kabaddi-counter-viewModel/backend_laravel/vendor/laravel/framework/src/Illuminate/Routing/Router.php(753): Illuminate/Routing/Router->dispatchToRoute()
#11 D:/ANDROID/kabaddi-counter-viewModel/backend_laravel/vendor/laravel/framework/src/Illuminate/Foundation/Http/Kernel.php(200): Illuminate/Routing/Router->dispatch()
#12 D:/ANDROID/kabaddi-counter-viewModel/backend_laravel/vendor/laravel/framework/src/Illuminate/Pipeline/Pipeline.php(180): Illuminate/Foundation/Http/Kernel->Illuminate/Foundation/Http/{closure}()
#13 D:/ANDROID/kabaddi-counter-viewModel/backend_laravel/vendor/laravel/framework/src/Illuminate/Foundation/Http/Middleware/TransformsRequest.php(21): Illuminate/Pipeline/Pipeline->Illuminate/Pipeline/{closure}()
#14 D:/ANDROID/kabaddi-counter-viewModel/backend_laravel/vendor/laravel/framework/src/Illuminate/Foundation/Http/Middleware/ConvertEmptyStringsToNull.php(31): Illuminate/Foundation/Http/Middleware/TransformsRequest->handle()
#15 D:/ANDROID/kabaddi-counter-viewModel/backend_laravel/vendor/laravel/framework/src/Illuminate/Pipeline/Pipeline.php(219): Illuminate/Foundation/Http/Middleware/ConvertEmptyStringsToNull->handle()
#16 D:/ANDROID/kabaddi-counter-viewModel/backend_laravel/vendor/laravel/framework/src/Illuminate/Foundation/Http/Middleware/TransformsRequest.php(21): Illuminate/Pipeline/Pipeline->Illuminate/Pipeline/{closure}()
#17 D:/ANDROID/kabaddi-counter-viewModel/backend_laravel/vendor/laravel/framework/src/Illuminate/Foundation/Http/Middleware/TrimStrings.php(51): Illuminate/Foundation/Http/Middleware/TransformsRequest->handle()
#18 D:/ANDROID/kabaddi-counter-viewModel/backend_laravel/vendor/laravel/framework/src/Illuminate/Pipeline/Pipeline.php(219): Illuminate/Foundation/Http/Middleware/TrimStrings->handle()
#19 D:/ANDROID/kabaddi-counter-viewModel/backend_laravel/vendor/laravel/framework/src/Illuminate/Http/Middleware/ValidatePostSize.php(27): Illuminate/Pipeline/Pipeline->Illuminate/Pipeline/{closure}()
#20 D:/ANDROID/kabaddi-counter-viewModel/backend_laravel/vendor/laravel/framework/src/Illuminate/Pipeline/Pipeline.php(219): Illuminate/Http/Middleware/ValidatePostSize->handle()
#21 D:/ANDROID/kabaddi-counter-viewModel/backend_laravel/vendor/laravel/framework/src/Illuminate/Foundation/Http/Middleware/PreventRequestsDuringMaintenance.php(109): Illuminate/Pipeline/Pipeline->Illuminate/Pipeline/{closure}()
#22 D:/ANDROID/kabaddi-counter-viewModel/backend_laravel/vendor/laravel/framework/src/Illuminate/Pipeline/Pipeline.php(219): Illuminate/Foundation/Http/Middleware/PreventRequestsDuringMaintenance->handle()
#23 D:/ANDROID/kabaddi-counter-viewModel/backend_laravel/vendor/laravel/framework/src/Illuminate/Http/Middleware/HandleCors.php(74): Illuminate/Pipeline/Pipeline->Illuminate/Pipeline/{closure}()
#24 D:/ANDROID/kabaddi-counter-viewModel/backend_laravel/vendor/laravel/framework/src/Illuminate/Pipeline/Pipeline.php(219): Illuminate/Http/Middleware/HandleCors->handle()
#25 D:/ANDROID/kabaddi-counter-viewModel/backend_laravel/vendor/laravel/framework/src/Illuminate/Http/Middleware/TrustProxies.php(58): Illuminate/Pipeline/Pipeline->Illuminate/Pipeline/{closure}()
#26 D:/ANDROID/kabaddi-counter-viewModel/backend_laravel/vendor/laravel/framework/src/Illuminate/Pipeline/Pipeline.php(219): Illuminate/Http/Middleware/TrustProxies->handle()
#27 D:/ANDROID/kabaddi-counter-viewModel/backend_laravel/vendor/laravel/framework/src/Illuminate/Foundation/Http/Middleware/InvokeDeferredCallbacks.php(22): Illuminate/Pipeline/Pipeline->Illuminate/Pipeline/{closure}()
#28 D:/ANDROID/kabaddi-counter-viewModel/backend_laravel/vendor/laravel/framework/src/Illuminate/Pipeline/Pipeline.php(219): Illuminate/Foundation/Http/Middleware/InvokeDeferredCallbacks->handle()
#29 D:/ANDROID/kabaddi-counter-viewModel/backend_laravel/vendor/laravel/framework/src/Illuminate/Http/Middleware/ValidatePathEncoding.php(28): Illuminate/Pipeline/Pipeline->Illuminate/Pipeline/{closure}()
#30 D:/ANDROID/kabaddi-counter-viewModel/backend_laravel/vendor/laravel/framework/src/Illuminate/Pipeline/Pipeline.php(219): Illuminate/Http/Middleware/ValidatePathEncoding->handle()
#31 D:/ANDROID/kabaddi-counter-viewModel/backend_laravel/vendor/laravel/framework/src/Illuminate/Pipeline/Pipeline.php(137): Illuminate/Pipeline/Pipeline->Illuminate/Pipeline/{closure}()
#32 D:/ANDROID/kabaddi-counter-viewModel/backend_laravel/vendor/laravel/framework/src/Illuminate/Foundation/Http/Kernel.php(175): Illuminate/Pipeline/Pipeline->then()
#33 D:/ANDROID/kabaddi-counter-viewModel/backend_laravel/vendor/laravel/framework/src/Illuminate/Foundation/Http/Kernel.php(144): Illuminate/Foundation/Http/Kernel->sendRequestThroughRouter()
#34 D:/ANDROID/kabaddi-counter-viewModel/backend_laravel/vendor/laravel/framework/src/Illuminate/Foundation/Application.php(1220): Illuminate/Foundation/Http/Kernel->handle()
#35 D:/ANDROID/kabaddi-counter-viewModel/backend_laravel/public/index.php(20): Illuminate/Foundation/Application->handleRequest()
#36 D:/ANDROID/kabaddi-counter-viewModel/backend_laravel/vendor/laravel/framework/src/Illuminate/Foundation/resources/server.php(23): require_once('...')
#37 {main}
"} 
[2026-05-31 10:36:20] local.ERROR: Class "App\Http\Controllers\Api\Controller" not found {"exception":"[object] (Error(code: 0): Class \"App\\Http\\Controllers\\Api\\Controller\" not found at D:/ANDROID/kabaddi-counter-viewModel/backend_laravel/app/Http/Controllers/Api/ScoreLogController.php:8)
[stacktrace]
#0 D:/ANDROID/kabaddi-counter-viewModel/backend_laravel/vendor/composer/ClassLoader.php(576): include()
#1 D:/ANDROID/kabaddi-counter-viewModel/backend_laravel/vendor/composer/ClassLoader.php(427): Composer/Autoload/{closure}()
#2 [internal function]: Composer/Autoload/ClassLoader->loadClass()
#3 D:/ANDROID/kabaddi-counter-viewModel/backend_laravel/vendor/laravel/framework/src/Illuminate/Routing/Route.php(1175): ReflectionClass->__construct()
#4 D:/ANDROID/kabaddi-counter-viewModel/backend_laravel/vendor/laravel/framework/src/Illuminate/Routing/Route.php(1125): Illuminate/Routing/Route->attributeProvidedControllerMiddleware()
#5 D:/ANDROID/kabaddi-counter-viewModel/backend_laravel/vendor/laravel/framework/src/Illuminate/Routing/Route.php(1062): Illuminate/Routing/Route->controllerMiddleware()
#6 D:/ANDROID/kabaddi-counter-viewModel/backend_laravel/vendor/laravel/framework/src/Illuminate/Routing/Router.php(834): Illuminate/Routing/Route->gatherMiddleware()
#7 D:/ANDROID/kabaddi-counter-viewModel/backend_laravel/vendor/laravel/framework/src/Illuminate/Routing/Router.php(816): Illuminate/Routing/Router->gatherRouteMiddleware()
#8 D:/ANDROID/kabaddi-counter-viewModel/backend_laravel/vendor/laravel/framework/src/Illuminate/Routing/Router.php(800): Illuminate/Routing/Router->runRouteWithinStack()
#9 D:/ANDROID/kabaddi-counter-viewModel/backend_laravel/vendor/laravel/framework/src/Illuminate/Routing/Router.php(764): Illuminate/Routing/Router->runRoute()
#10 D:/ANDROID/kabaddi-counter-viewModel/backend_laravel/vendor/laravel/framework/src/Illuminate/Routing/Router.php(753): Illuminate/Routing/Router->dispatchToRoute()
#11 D:/ANDROID/kabaddi-counter-viewModel/backend_laravel/vendor/laravel/framework/src/Illuminate/Foundation/Http/Kernel.php(200): Illuminate/Routing/Router->dispatch()
#12 D:/ANDROID/kabaddi-counter-viewModel/backend_laravel/vendor/laravel/framework/src/Illuminate/Pipeline/Pipeline.php(180): Illuminate/Foundation/Http/Kernel->Illuminate/Foundation/Http/{closure}()
#13 D:/ANDROID/kabaddi-counter-viewModel/backend_laravel/vendor/laravel/framework/src/Illuminate/Foundation/Http/Middleware/TransformsRequest.php(21): Illuminate/Pipeline/Pipeline->Illuminate/Pipeline/{closure}()
#14 D:/ANDROID/kabaddi-counter-viewModel/backend_laravel/vendor/laravel/framework/src/Illuminate/Foundation/Http/Middleware/ConvertEmptyStringsToNull.php(31): Illuminate/Foundation/Http/Middleware/TransformsRequest->handle()
#15 D:/ANDROID/kabaddi-counter-viewModel/backend_laravel/vendor/laravel/framework/src/Illuminate/Pipeline/Pipeline.php(219): Illuminate/Foundation/Http/Middleware/ConvertEmptyStringsToNull->handle()
#16 D:/ANDROID/kabaddi-counter-viewModel/backend_laravel/vendor/laravel/framework/src/Illuminate/Foundation/Http/Middleware/TransformsRequest.php(21): Illuminate/Pipeline/Pipeline->Illuminate/Pipeline/{closure}()
#17 D:/ANDROID/kabaddi-counter-viewModel/backend_laravel/vendor/laravel/framework/src/Illuminate/Foundation/Http/Middleware/TrimStrings.php(51): Illuminate/Foundation/Http/Middleware/TransformsRequest->handle()
#18 D:/ANDROID/kabaddi-counter-viewModel/backend_laravel/vendor/laravel/framework/src/Illuminate/Pipeline/Pipeline.php(219): Illuminate/Foundation/Http/Middleware/TrimStrings->handle()
#19 D:/ANDROID/kabaddi-counter-viewModel/backend_laravel/vendor/laravel/framework/src/Illuminate/Http/Middleware/ValidatePostSize.php(27): Illuminate/Pipeline/Pipeline->Illuminate/Pipeline/{closure}()
#20 D:/ANDROID/kabaddi-counter-viewModel/backend_laravel/vendor/laravel/framework/src/Illuminate/Pipeline/Pipeline.php(219): Illuminate/Http/Middleware/ValidatePostSize->handle()
#21 D:/ANDROID/kabaddi-counter-viewModel/backend_laravel/vendor/laravel/framework/src/Illuminate/Foundation/Http/Middleware/PreventRequestsDuringMaintenance.php(109): Illuminate/Pipeline/Pipeline->Illuminate/Pipeline/{closure}()
#22 D:/ANDROID/kabaddi-counter-viewModel/backend_laravel/vendor/laravel/framework/src/Illuminate/Pipeline/Pipeline.php(219): Illuminate/Foundation/Http/Middleware/PreventRequestsDuringMaintenance->handle()
#23 D:/ANDROID/kabaddi-counter-viewModel/backend_laravel/vendor/laravel/framework/src/Illuminate/Http/Middleware/HandleCors.php(74): Illuminate/Pipeline/Pipeline->Illuminate/Pipeline/{closure}()
#24 D:/ANDROID/kabaddi-counter-viewModel/backend_laravel/vendor/laravel/framework/src/Illuminate/Pipeline/Pipeline.php(219): Illuminate/Http/Middleware/HandleCors->handle()
#25 D:/ANDROID/kabaddi-counter-viewModel/backend_laravel/vendor/laravel/framework/src/Illuminate/Http/Middleware/TrustProxies.php(58): Illuminate/Pipeline/Pipeline->Illuminate/Pipeline/{closure}()
#26 D:/ANDROID/kabaddi-counter-viewModel/backend_laravel/vendor/laravel/framework/src/Illuminate/Pipeline/Pipeline.php(219): Illuminate/Http/Middleware/TrustProxies->handle()
#27 D:/ANDROID/kabaddi-counter-viewModel/backend_laravel/vendor/laravel/framework/src/Illuminate/Foundation/Http/Middleware/InvokeDeferredCallbacks.php(22): Illuminate/Pipeline/Pipeline->Illuminate/Pipeline/{closure}()
#28 D:/ANDROID/kabaddi-counter-viewModel/backend_laravel/vendor/laravel/framework/src/Illuminate/Pipeline/Pipeline.php(219): Illuminate/Foundation/Http/Middleware/InvokeDeferredCallbacks->handle()
#29 D:/ANDROID/kabaddi-counter-viewModel/backend_laravel/vendor/laravel/framework/src/Illuminate/Http/Middleware/ValidatePathEncoding.php(28): Illuminate/Pipeline/Pipeline->Illuminate/Pipeline/{closure}()
#30 D:/ANDROID/kabaddi-counter-viewModel/backend_laravel/vendor/laravel/framework/src/Illuminate/Pipeline/Pipeline.php(219): Illuminate/Http/Middleware/ValidatePathEncoding->handle()
#31 D:/ANDROID/kabaddi-counter-viewModel/backend_laravel/vendor/laravel/framework/src/Illuminate/Pipeline/Pipeline.php(137): Illuminate/Pipeline/Pipeline->Illuminate/Pipeline/{closure}()
#32 D:/ANDROID/kabaddi-counter-viewModel/backend_laravel/vendor/laravel/framework/src/Illuminate/Foundation/Http/Kernel.php(175): Illuminate/Pipeline/Pipeline->then()
#33 D:/ANDROID/kabaddi-counter-viewModel/backend_laravel/vendor/laravel/framework/src/Illuminate/Foundation/Http/Kernel.php(144): Illuminate/Foundation/Http/Kernel->sendRequestThroughRouter()
#34 D:/ANDROID/kabaddi-counter-viewModel/backend_laravel/vendor/laravel/framework/src/Illuminate/Foundation/Application.php(1220): Illuminate/Foundation/Http/Kernel->handle()
#35 D:/ANDROID/kabaddi-counter-viewModel/backend_laravel/public/index.php(20): Illuminate/Foundation/Application->handleRequest()
#36 D:/ANDROID/kabaddi-counter-viewModel/backend_laravel/vendor/laravel/framework/src/Illuminate/Foundation/resources/server.php(23): require_once('...')
#37 {main}
"} 
[2026-05-31 10:43:54] local.ERROR: Class "App\Http\Controllers\Api\Controller" not found {"exception":"[object] (Error(code: 0): Class \"App\\Http\\Controllers\\Api\\Controller\" not found at D:/ANDROID/kabaddi-counter-viewModel/backend_laravel/app/Http/Controllers/Api/ScoreLogController.php:8)
[stacktrace]
#0 D:/ANDROID/kabaddi-counter-viewModel/backend_laravel/vendor/composer/ClassLoader.php(576): include()
#1 D:/ANDROID/kabaddi-counter-viewModel/backend_laravel/vendor/composer/ClassLoader.php(427): Composer/Autoload/{closure}()
#2 [internal function]: Composer/Autoload/ClassLoader->loadClass()
#3 D:/ANDROID/kabaddi-counter-viewModel/backend_laravel/vendor/laravel/framework/src/Illuminate/Routing/Route.php(1175): ReflectionClass->__construct()
#4 D:/ANDROID/kabaddi-counter-viewModel/backend_laravel/vendor/laravel/framework/src/Illuminate/Routing/Route.php(1125): Illuminate/Routing/Route->attributeProvidedControllerMiddleware()
#5 D:/ANDROID/kabaddi-counter-viewModel/backend_laravel/vendor/laravel/framework/src/Illuminate/Routing/Route.php(1062): Illuminate/Routing/Route->controllerMiddleware()
#6 D:/ANDROID/kabaddi-counter-viewModel/backend_laravel/vendor/laravel/framework/src/Illuminate/Routing/Router.php(834): Illuminate/Routing/Route->gatherMiddleware()
#7 D:/ANDROID/kabaddi-counter-viewModel/backend_laravel/vendor/laravel/framework/src/Illuminate/Routing/Router.php(816): Illuminate/Routing/Router->gatherRouteMiddleware()
#8 D:/ANDROID/kabaddi-counter-viewModel/backend_laravel/vendor/laravel/framework/src/Illuminate/Routing/Router.php(800): Illuminate/Routing/Router->runRouteWithinStack()
#9 D:/ANDROID/kabaddi-counter-viewModel/backend_laravel/vendor/laravel/framework/src/Illuminate/Routing/Router.php(764): Illuminate/Routing/Router->runRoute()
#10 D:/ANDROID/kabaddi-counter-viewModel/backend_laravel/vendor/laravel/framework/src/Illuminate/Routing/Router.php(753): Illuminate/Routing/Router->dispatchToRoute()
#11 D:/ANDROID/kabaddi-counter-viewModel/backend_laravel/vendor/laravel/framework/src/Illuminate/Foundation/Http/Kernel.php(200): Illuminate/Routing/Router->dispatch()
#12 D:/ANDROID/kabaddi-counter-viewModel/backend_laravel/vendor/laravel/framework/src/Illuminate/Pipeline/Pipeline.php(180): Illuminate/Foundation/Http/Kernel->Illuminate/Foundation/Http/{closure}()
#13 D:/ANDROID/kabaddi-counter-viewModel/backend_laravel/vendor/laravel/framework/src/Illuminate/Foundation/Http/Middleware/TransformsRequest.php(21): Illuminate/Pipeline/Pipeline->Illuminate/Pipeline/{closure}()
#14 D:/ANDROID/kabaddi-counter-viewModel/backend_laravel/vendor/laravel/framework/src/Illuminate/Foundation/Http/Middleware/ConvertEmptyStringsToNull.php(31): Illuminate/Foundation/Http/Middleware/TransformsRequest->handle()
#15 D:/ANDROID/kabaddi-counter-viewModel/backend_laravel/vendor/laravel/framework/src/Illuminate/Pipeline/Pipeline.php(219): Illuminate/Foundation/Http/Middleware/ConvertEmptyStringsToNull->handle()
#16 D:/ANDROID/kabaddi-counter-viewModel/backend_laravel/vendor/laravel/framework/src/Illuminate/Foundation/Http/Middleware/TransformsRequest.php(21): Illuminate/Pipeline/Pipeline->Illuminate/Pipeline/{closure}()
#17 D:/ANDROID/kabaddi-counter-viewModel/backend_laravel/vendor/laravel/framework/src/Illuminate/Foundation/Http/Middleware/TrimStrings.php(51): Illuminate/Foundation/Http/Middleware/TransformsRequest->handle()
#18 D:/ANDROID/kabaddi-counter-viewModel/backend_laravel/vendor/laravel/framework/src/Illuminate/Pipeline/Pipeline.php(219): Illuminate/Foundation/Http/Middleware/TrimStrings->handle()
#19 D:/ANDROID/kabaddi-counter-viewModel/backend_laravel/vendor/laravel/framework/src/Illuminate/Http/Middleware/ValidatePostSize.php(27): Illuminate/Pipeline/Pipeline->Illuminate/Pipeline/{closure}()
#20 D:/ANDROID/kabaddi-counter-viewModel/backend_laravel/vendor/laravel/framework/src/Illuminate/Pipeline/Pipeline.php(219): Illuminate/Http/Middleware/ValidatePostSize->handle()
#21 D:/ANDROID/kabaddi-counter-viewModel/backend_laravel/vendor/laravel/framework/src/Illuminate/Foundation/Http/Middleware/PreventRequestsDuringMaintenance.php(109): Illuminate/Pipeline/Pipeline->Illuminate/Pipeline/{closure}()
#22 D:/ANDROID/kabaddi-counter-viewModel/backend_laravel/vendor/laravel/framework/src/Illuminate/Pipeline/Pipeline.php(219): Illuminate/Foundation/Http/Middleware/PreventRequestsDuringMaintenance->handle()
#23 D:/ANDROID/kabaddi-counter-viewModel/backend_laravel/vendor/laravel/framework/src/Illuminate/Http/Middleware/HandleCors.php(74): Illuminate/Pipeline/Pipeline->Illuminate/Pipeline/{closure}()
#24 D:/ANDROID/kabaddi-counter-viewModel/backend_laravel/vendor/laravel/framework/src/Illuminate/Pipeline/Pipeline.php(219): Illuminate/Http/Middleware/HandleCors->handle()
#25 D:/ANDROID/kabaddi-counter-viewModel/backend_laravel/vendor/laravel/framework/src/Illuminate/Http/Middleware/TrustProxies.php(58): Illuminate/Pipeline/Pipeline->Illuminate/Pipeline/{closure}()
#26 D:/ANDROID/kabaddi-counter-viewModel/backend_laravel/vendor/laravel/framework/src/Illuminate/Pipeline/Pipeline.php(219): Illuminate/Http/Middleware/TrustProxies->handle()
#27 D:/ANDROID/kabaddi-counter-viewModel/backend_laravel/vendor/laravel/framework/src/Illuminate/Foundation/Http/Middleware/InvokeDeferredCallbacks.php(22): Illuminate/Pipeline/Pipeline->Illuminate/Pipeline/{closure}()
#28 D:/ANDROID/kabaddi-counter-viewModel/backend_laravel/vendor/laravel/framework/src/Illuminate/Pipeline/Pipeline.php(219): Illuminate/Foundation/Http/Middleware/InvokeDeferredCallbacks->handle()
#29 D:/ANDROID/kabaddi-counter-viewModel/backend_laravel/vendor/laravel/framework/src/Illuminate/Http/Middleware/ValidatePathEncoding.php(28): Illuminate/Pipeline/Pipeline->Illuminate/Pipeline/{closure}()
#30 D:/ANDROID/kabaddi-counter-viewModel/backend_laravel/vendor/laravel/framework/src/Illuminate/Pipeline/Pipeline.php(219): Illuminate/Http/Middleware/ValidatePathEncoding->handle()
#31 D:/ANDROID/kabaddi-counter-viewModel/backend_laravel/vendor/laravel/framework/src/Illuminate/Pipeline/Pipeline.php(137): Illuminate/Pipeline/Pipeline->Illuminate/Pipeline/{closure}()
#32 D:/ANDROID/kabaddi-counter-viewModel/backend_laravel/vendor/laravel/framework/src/Illuminate/Foundation/Http/Kernel.php(175): Illuminate/Pipeline/Pipeline->then()
#33 D:/ANDROID/kabaddi-counter-viewModel/backend_laravel/vendor/laravel/framework/src/Illuminate/Foundation/Http/Kernel.php(144): Illuminate/Foundation/Http/Kernel->sendRequestThroughRouter()
#34 D:/ANDROID/kabaddi-counter-viewModel/backend_laravel/vendor/laravel/framework/src/Illuminate/Foundation/Application.php(1220): Illuminate/Foundation/Http/Kernel->handle()
#35 D:/ANDROID/kabaddi-counter-viewModel/backend_laravel/public/index.php(20): Illuminate/Foundation/Application->handleRequest()
#36 D:/ANDROID/kabaddi-counter-viewModel/backend_laravel/vendor/laravel/framework/src/Illuminate/Foundation/resources/server.php(23): require_once('...')
#37 {main}
"} 
[2026-05-31 15:10:25] local.ERROR: Call to undefined method Illuminate\Database\Eloquent\Builder::all() {"exception":"[object] (BadMethodCallException(code: 0): Call to undefined method Illuminate\\Database\\Eloquent\\Builder::all() at D:/ANDROID/kabaddi-counter-viewModel/backend_laravel/vendor/laravel/framework/src/Illuminate/Support/Traits/ForwardsCalls.php:67)
[stacktrace]
#0 D:/ANDROID/kabaddi-counter-viewModel/backend_laravel/vendor/laravel/framework/src/Illuminate/Support/Traits/ForwardsCalls.php(36): Illuminate/Database/Eloquent/Builder::throwBadMethodCallException()
#1 D:/ANDROID/kabaddi-counter-viewModel/backend_laravel/vendor/laravel/framework/src/Illuminate/Database/Eloquent/Builder.php(2274): Illuminate/Database/Eloquent/Builder->forwardCallTo()
#2 D:/ANDROID/kabaddi-counter-viewModel/backend_laravel/app/Http/Controllers/Api/MatchController.php(19): Illuminate/Database/Eloquent/Builder->__call()
#3 D:/ANDROID/kabaddi-counter-viewModel/backend_laravel/vendor/laravel/framework/src/Illuminate/Routing/ControllerDispatcher.php(46): App/Http/Controllers/Api/MatchController->index()
#4 D:/ANDROID/kabaddi-counter-viewModel/backend_laravel/vendor/laravel/framework/src/Illuminate/Routing/Route.php(269): Illuminate/Routing/ControllerDispatcher->dispatch()
#5 D:/ANDROID/kabaddi-counter-viewModel/backend_laravel/vendor/laravel/framework/src/Illuminate/Routing/Route.php(215): Illuminate/Routing/Route->runController()
#6 D:/ANDROID/kabaddi-counter-viewModel/backend_laravel/vendor/laravel/framework/src/Illuminate/Routing/Router.php(822): Illuminate/Routing/Route->run()
#7 D:/ANDROID/kabaddi-counter-viewModel/backend_laravel/vendor/laravel/framework/src/Illuminate/Pipeline/Pipeline.php(180): Illuminate/Routing/Router->Illuminate/Routing/{closure}()
#8 D:/ANDROID/kabaddi-counter-viewModel/backend_laravel/vendor/laravel/framework/src/Illuminate/Routing/Middleware/SubstituteBindings.php(52): Illuminate/Pipeline/Pipeline->Illuminate/Pipeline/{closure}()
#9 D:/ANDROID/kabaddi-counter-viewModel/backend_laravel/vendor/laravel/framework/src/Illuminate/Pipeline/Pipeline.php(219): Illuminate/Routing/Middleware/SubstituteBindings->handle()
#10 D:/ANDROID/kabaddi-counter-viewModel/backend_laravel/vendor/laravel/framework/src/Illuminate/Pipeline/Pipeline.php(137): Illuminate/Pipeline/Pipeline->Illuminate/Pipeline/{closure}()
#11 D:/ANDROID/kabaddi-counter-viewModel/backend_laravel/vendor/laravel/framework/src/Illuminate/Routing/Router.php(821): Illuminate/Pipeline/Pipeline->then()
#12 D:/ANDROID/kabaddi-counter-viewModel/backend_laravel/vendor/laravel/framework/src/Illuminate/Routing/Router.php(800): Illuminate/Routing/Router->runRouteWithinStack()
#13 D:/ANDROID/kabaddi-counter-viewModel/backend_laravel/vendor/laravel/framework/src/Illuminate/Routing/Router.php(764): Illuminate/Routing/Router->runRoute()
#14 D:/ANDROID/kabaddi-counter-viewModel/backend_laravel/vendor/laravel/framework/src/Illuminate/Routing/Router.php(753): Illuminate/Routing/Router->dispatchToRoute()
#15 D:/ANDROID/kabaddi-counter-viewModel/backend_laravel/vendor/laravel/framework/src/Illuminate/Foundation/Http/Kernel.php(200): Illuminate/Routing/Router->dispatch()
#16 D:/ANDROID/kabaddi-counter-viewModel/backend_laravel/vendor/laravel/framework/src/Illuminate/Pipeline/Pipeline.php(180): Illuminate/Foundation/Http/Kernel->Illuminate/Foundation/Http/{closure}()
#17 D:/ANDROID/kabaddi-counter-viewModel/backend_laravel/vendor/laravel/framework/src/Illuminate/Foundation/Http/Middleware/TransformsRequest.php(21): Illuminate/Pipeline/Pipeline->Illuminate/Pipeline/{closure}()
#18 D:/ANDROID/kabaddi-counter-viewModel/backend_laravel/vendor/laravel/framework/src/Illuminate/Foundation/Http/Middleware/ConvertEmptyStringsToNull.php(31): Illuminate/Foundation/Http/Middleware/TransformsRequest->handle()
#19 D:/ANDROID/kabaddi-counter-viewModel/backend_laravel/vendor/laravel/framework/src/Illuminate/Pipeline/Pipeline.php(219): Illuminate/Foundation/Http/Middleware/ConvertEmptyStringsToNull->handle()
#20 D:/ANDROID/kabaddi-counter-viewModel/backend_laravel/vendor/laravel/framework/src/Illuminate/Foundation/Http/Middleware/TransformsRequest.php(21): Illuminate/Pipeline/Pipeline->Illuminate/Pipeline/{closure}()
#21 D:/ANDROID/kabaddi-counter-viewModel/backend_laravel/vendor/laravel/framework/src/Illuminate/Foundation/Http/Middleware/TrimStrings.php(51): Illuminate/Foundation/Http/Middleware/TransformsRequest->handle()
#22 D:/ANDROID/kabaddi-counter-viewModel/backend_laravel/vendor/laravel/framework/src/Illuminate/Pipeline/Pipeline.php(219): Illuminate/Foundation/Http/Middleware/TrimStrings->handle()
#23 D:/ANDROID/kabaddi-counter-viewModel/backend_laravel/vendor/laravel/framework/src/Illuminate/Http/Middleware/ValidatePostSize.php(27): Illuminate/Pipeline/Pipeline->Illuminate/Pipeline/{closure}()
#24 D:/ANDROID/kabaddi-counter-viewModel/backend_laravel/vendor/laravel/framework/src/Illuminate/Pipeline/Pipeline.php(219): Illuminate/Http/Middleware/ValidatePostSize->handle()
#25 D:/ANDROID/kabaddi-counter-viewModel/backend_laravel/vendor/laravel/framework/src/Illuminate/Foundation/Http/Middleware/PreventRequestsDuringMaintenance.php(109): Illuminate/Pipeline/Pipeline->Illuminate/Pipeline/{closure}()
#26 D:/ANDROID/kabaddi-counter-viewModel/backend_laravel/vendor/laravel/framework/src/Illuminate/Pipeline/Pipeline.php(219): Illuminate/Foundation/Http/Middleware/PreventRequestsDuringMaintenance->handle()
#27 D:/ANDROID/kabaddi-counter-viewModel/backend_laravel/vendor/laravel/framework/src/Illuminate/Http/Middleware/HandleCors.php(74): Illuminate/Pipeline/Pipeline->Illuminate/Pipeline/{closure}()
#28 D:/ANDROID/kabaddi-counter-viewModel/backend_laravel/vendor/laravel/framework/src/Illuminate/Pipeline/Pipeline.php(219): Illuminate/Http/Middleware/HandleCors->handle()
#29 D:/ANDROID/kabaddi-counter-viewModel/backend_laravel/vendor/laravel/framework/src/Illuminate/Http/Middleware/TrustProxies.php(58): Illuminate/Pipeline/Pipeline->Illuminate/Pipeline/{closure}()
#30 D:/ANDROID/kabaddi-counter-viewModel/backend_laravel/vendor/laravel/framework/src/Illuminate/Pipeline/Pipeline.php(219): Illuminate/Http/Middleware/TrustProxies->handle()
#31 D:/ANDROID/kabaddi-counter-viewModel/backend_laravel/vendor/laravel/framework/src/Illuminate/Foundation/Http/Middleware/InvokeDeferredCallbacks.php(22): Illuminate/Pipeline/Pipeline->Illuminate/Pipeline/{closure}()
#32 D:/ANDROID/kabaddi-counter-viewModel/backend_laravel/vendor/laravel/framework/src/Illuminate/Pipeline/Pipeline.php(219): Illuminate/Foundation/Http/Middleware/InvokeDeferredCallbacks->handle()
#33 D:/ANDROID/kabaddi-counter-viewModel/backend_laravel/vendor/laravel/framework/src/Illuminate/Http/Middleware/ValidatePathEncoding.php(28): Illuminate/Pipeline/Pipeline->Illuminate/Pipeline/{closure}()
#34 D:/ANDROID/kabaddi-counter-viewModel/backend_laravel/vendor/laravel/framework/src/Illuminate/Pipeline/Pipeline.php(219): Illuminate/Http/Middleware/ValidatePathEncoding->handle()
#35 D:/ANDROID/kabaddi-counter-viewModel/backend_laravel/vendor/laravel/framework/src/Illuminate/Pipeline/Pipeline.php(137): Illuminate/Pipeline/Pipeline->Illuminate/Pipeline/{closure}()
#36 D:/ANDROID/kabaddi-counter-viewModel/backend_laravel/vendor/laravel/framework/src/Illuminate/Foundation/Http/Kernel.php(175): Illuminate/Pipeline/Pipeline->then()
#37 D:/ANDROID/kabaddi-counter-viewModel/backend_laravel/vendor/laravel/framework/src/Illuminate/Foundation/Http/Kernel.php(144): Illuminate/Foundation/Http/Kernel->sendRequestThroughRouter()
#38 D:/ANDROID/kabaddi-counter-viewModel/backend_laravel/vendor/laravel/framework/src/Illuminate/Foundation/Application.php(1220): Illuminate/Foundation/Http/Kernel->handle()
#39 D:/ANDROID/kabaddi-counter-viewModel/backend_laravel/public/index.php(20): Illuminate/Foundation/Application->handleRequest()
#40 D:/ANDROID/kabaddi-counter-viewModel/backend_laravel/vendor/laravel/framework/src/Illuminate/Foundation/resources/server.php(23): require_once('...')
#41 {main}
"} 
[2026-05-31 15:10:36] local.ERROR: Call to undefined method Illuminate\Database\Eloquent\Builder::all() {"exception":"[object] (BadMethodCallException(code: 0): Call to undefined method Illuminate\\Database\\Eloquent\\Builder::all() at D:/ANDROID/kabaddi-counter-viewModel/backend_laravel/vendor/laravel/framework/src/Illuminate/Support/Traits/ForwardsCalls.php:67)
[stacktrace]
#0 D:/ANDROID/kabaddi-counter-viewModel/backend_laravel/vendor/laravel/framework/src/Illuminate/Support/Traits/ForwardsCalls.php(36): Illuminate/Database/Eloquent/Builder::throwBadMethodCallException()
#1 D:/ANDROID/kabaddi-counter-viewModel/backend_laravel/vendor/laravel/framework/src/Illuminate/Database/Eloquent/Builder.php(2274): Illuminate/Database/Eloquent/Builder->forwardCallTo()
#2 D:/ANDROID/kabaddi-counter-viewModel/backend_laravel/app/Http/Controllers/Api/MatchController.php(19): Illuminate/Database/Eloquent/Builder->__call()
#3 D:/ANDROID/kabaddi-counter-viewModel/backend_laravel/vendor/laravel/framework/src/Illuminate/Routing/ControllerDispatcher.php(46): App/Http/Controllers/Api/MatchController->index()
#4 D:/ANDROID/kabaddi-counter-viewModel/backend_laravel/vendor/laravel/framework/src/Illuminate/Routing/Route.php(269): Illuminate/Routing/ControllerDispatcher->dispatch()
#5 D:/ANDROID/kabaddi-counter-viewModel/backend_laravel/vendor/laravel/framework/src/Illuminate/Routing/Route.php(215): Illuminate/Routing/Route->runController()
#6 D:/ANDROID/kabaddi-counter-viewModel/backend_laravel/vendor/laravel/framework/src/Illuminate/Routing/Router.php(822): Illuminate/Routing/Route->run()
#7 D:/ANDROID/kabaddi-counter-viewModel/backend_laravel/vendor/laravel/framework/src/Illuminate/Pipeline/Pipeline.php(180): Illuminate/Routing/Router->Illuminate/Routing/{closure}()
#8 D:/ANDROID/kabaddi-counter-viewModel/backend_laravel/vendor/laravel/framework/src/Illuminate/Routing/Middleware/SubstituteBindings.php(52): Illuminate/Pipeline/Pipeline->Illuminate/Pipeline/{closure}()
#9 D:/ANDROID/kabaddi-counter-viewModel/backend_laravel/vendor/laravel/framework/src/Illuminate/Pipeline/Pipeline.php(219): Illuminate/Routing/Middleware/SubstituteBindings->handle()
#10 D:/ANDROID/kabaddi-counter-viewModel/backend_laravel/vendor/laravel/framework/src/Illuminate/Pipeline/Pipeline.php(137): Illuminate/Pipeline/Pipeline->Illuminate/Pipeline/{closure}()
#11 D:/ANDROID/kabaddi-counter-viewModel/backend_laravel/vendor/laravel/framework/src/Illuminate/Routing/Router.php(821): Illuminate/Pipeline/Pipeline->then()
#12 D:/ANDROID/kabaddi-counter-viewModel/backend_laravel/vendor/laravel/framework/src/Illuminate/Routing/Router.php(800): Illuminate/Routing/Router->runRouteWithinStack()
#13 D:/ANDROID/kabaddi-counter-viewModel/backend_laravel/vendor/laravel/framework/src/Illuminate/Routing/Router.php(764): Illuminate/Routing/Router->runRoute()
#14 D:/ANDROID/kabaddi-counter-viewModel/backend_laravel/vendor/laravel/framework/src/Illuminate/Routing/Router.php(753): Illuminate/Routing/Router->dispatchToRoute()
#15 D:/ANDROID/kabaddi-counter-viewModel/backend_laravel/vendor/laravel/framework/src/Illuminate/Foundation/Http/Kernel.php(200): Illuminate/Routing/Router->dispatch()
#16 D:/ANDROID/kabaddi-counter-viewModel/backend_laravel/vendor/laravel/framework/src/Illuminate/Pipeline/Pipeline.php(180): Illuminate/Foundation/Http/Kernel->Illuminate/Foundation/Http/{closure}()
#17 D:/ANDROID/kabaddi-counter-viewModel/backend_laravel/vendor/laravel/framework/src/Illuminate/Foundation/Http/Middleware/TransformsRequest.php(21): Illuminate/Pipeline/Pipeline->Illuminate/Pipeline/{closure}()
#18 D:/ANDROID/kabaddi-counter-viewModel/backend_laravel/vendor/laravel/framework/src/Illuminate/Foundation/Http/Middleware/ConvertEmptyStringsToNull.php(31): Illuminate/Foundation/Http/Middleware/TransformsRequest->handle()
#19 D:/ANDROID/kabaddi-counter-viewModel/backend_laravel/vendor/laravel/framework/src/Illuminate/Pipeline/Pipeline.php(219): Illuminate/Foundation/Http/Middleware/ConvertEmptyStringsToNull->handle()
#20 D:/ANDROID/kabaddi-counter-viewModel/backend_laravel/vendor/laravel/framework/src/Illuminate/Foundation/Http/Middleware/TransformsRequest.php(21): Illuminate/Pipeline/Pipeline->Illuminate/Pipeline/{closure}()
#21 D:/ANDROID/kabaddi-counter-viewModel/backend_laravel/vendor/laravel/framework/src/Illuminate/Foundation/Http/Middleware/TrimStrings.php(51): Illuminate/Foundation/Http/Middleware/TransformsRequest->handle()
#22 D:/ANDROID/kabaddi-counter-viewModel/backend_laravel/vendor/laravel/framework/src/Illuminate/Pipeline/Pipeline.php(219): Illuminate/Foundation/Http/Middleware/TrimStrings->handle()
#23 D:/ANDROID/kabaddi-counter-viewModel/backend_laravel/vendor/laravel/framework/src/Illuminate/Http/Middleware/ValidatePostSize.php(27): Illuminate/Pipeline/Pipeline->Illuminate/Pipeline/{closure}()
#24 D:/ANDROID/kabaddi-counter-viewModel/backend_laravel/vendor/laravel/framework/src/Illuminate/Pipeline/Pipeline.php(219): Illuminate/Http/Middleware/ValidatePostSize->handle()
#25 D:/ANDROID/kabaddi-counter-viewModel/backend_laravel/vendor/laravel/framework/src/Illuminate/Foundation/Http/Middleware/PreventRequestsDuringMaintenance.php(109): Illuminate/Pipeline/Pipeline->Illuminate/Pipeline/{closure}()
#26 D:/ANDROID/kabaddi-counter-viewModel/backend_laravel/vendor/laravel/framework/src/Illuminate/Pipeline/Pipeline.php(219): Illuminate/Foundation/Http/Middleware/PreventRequestsDuringMaintenance->handle()
#27 D:/ANDROID/kabaddi-counter-viewModel/backend_laravel/vendor/laravel/framework/src/Illuminate/Http/Middleware/HandleCors.php(74): Illuminate/Pipeline/Pipeline->Illuminate/Pipeline/{closure}()
#28 D:/ANDROID/kabaddi-counter-viewModel/backend_laravel/vendor/laravel/framework/src/Illuminate/Pipeline/Pipeline.php(219): Illuminate/Http/Middleware/HandleCors->handle()
#29 D:/ANDROID/kabaddi-counter-viewModel/backend_laravel/vendor/laravel/framework/src/Illuminate/Http/Middleware/TrustProxies.php(58): Illuminate/Pipeline/Pipeline->Illuminate/Pipeline/{closure}()
#30 D:/ANDROID/kabaddi-counter-viewModel/backend_laravel/vendor/laravel/framework/src/Illuminate/Pipeline/Pipeline.php(219): Illuminate/Http/Middleware/TrustProxies->handle()
#31 D:/ANDROID/kabaddi-counter-viewModel/backend_laravel/vendor/laravel/framework/src/Illuminate/Foundation/Http/Middleware/InvokeDeferredCallbacks.php(22): Illuminate/Pipeline/Pipeline->Illuminate/Pipeline/{closure}()
#32 D:/ANDROID/kabaddi-counter-viewModel/backend_laravel/vendor/laravel/framework/src/Illuminate/Pipeline/Pipeline.php(219): Illuminate/Foundation/Http/Middleware/InvokeDeferredCallbacks->handle()
#33 D:/ANDROID/kabaddi-counter-viewModel/backend_laravel/vendor/laravel/framework/src/Illuminate/Http/Middleware/ValidatePathEncoding.php(28): Illuminate/Pipeline/Pipeline->Illuminate/Pipeline/{closure}()
#34 D:/ANDROID/kabaddi-counter-viewModel/backend_laravel/vendor/laravel/framework/src/Illuminate/Pipeline/Pipeline.php(219): Illuminate/Http/Middleware/ValidatePathEncoding->handle()
#35 D:/ANDROID/kabaddi-counter-viewModel/backend_laravel/vendor/laravel/framework/src/Illuminate/Pipeline/Pipeline.php(137): Illuminate/Pipeline/Pipeline->Illuminate/Pipeline/{closure}()
#36 D:/ANDROID/kabaddi-counter-viewModel/backend_laravel/vendor/laravel/framework/src/Illuminate/Foundation/Http/Kernel.php(175): Illuminate/Pipeline/Pipeline->then()
#37 D:/ANDROID/kabaddi-counter-viewModel/backend_laravel/vendor/laravel/framework/src/Illuminate/Foundation/Http/Kernel.php(144): Illuminate/Foundation/Http/Kernel->sendRequestThroughRouter()
#38 D:/ANDROID/kabaddi-counter-viewModel/backend_laravel/vendor/laravel/framework/src/Illuminate/Foundation/Application.php(1220): Illuminate/Foundation/Http/Kernel->handle()
#39 D:/ANDROID/kabaddi-counter-viewModel/backend_laravel/public/index.php(20): Illuminate/Foundation/Application->handleRequest()
#40 D:/ANDROID/kabaddi-counter-viewModel/backend_laravel/vendor/laravel/framework/src/Illuminate/Foundation/resources/server.php(23): require_once('...')
#41 {main}
"} 
[2026-06-01 12:09:18] local.ERROR: file does not exist {"exception":"[object] (InvalidArgumentException(code: 0): file does not exist at D:/ANDROID/kabaddi-counter-viewModel/backend_laravel/vendor/google/auth/src/Credentials/ServiceAccountCredentials.php:144)
[stacktrace]
#0 D:/ANDROID/kabaddi-counter-viewModel/backend_laravel/app/Http/Controllers/Api/MatchController.php(149): Google/Auth/Credentials/ServiceAccountCredentials->__construct()
#1 D:/ANDROID/kabaddi-counter-viewModel/backend_laravel/app/Http/Controllers/Api/MatchController.php(159): App/Http/Controllers/Api/MatchController->getAccessToken()
#2 D:/ANDROID/kabaddi-counter-viewModel/backend_laravel/app/Http/Controllers/Api/MatchController.php(129): App/Http/Controllers/Api/MatchController->sendFcmToTokens()
#3 D:/ANDROID/kabaddi-counter-viewModel/backend_laravel/vendor/laravel/framework/src/Illuminate/Routing/ControllerDispatcher.php(46): App/Http/Controllers/Api/MatchController->updateScore()
#4 D:/ANDROID/kabaddi-counter-viewModel/backend_laravel/vendor/laravel/framework/src/Illuminate/Routing/Route.php(269): Illuminate/Routing/ControllerDispatcher->dispatch()
#5 D:/ANDROID/kabaddi-counter-viewModel/backend_laravel/vendor/laravel/framework/src/Illuminate/Routing/Route.php(215): Illuminate/Routing/Route->runController()
#6 D:/ANDROID/kabaddi-counter-viewModel/backend_laravel/vendor/laravel/framework/src/Illuminate/Routing/Router.php(822): Illuminate/Routing/Route->run()
#7 D:/ANDROID/kabaddi-counter-viewModel/backend_laravel/vendor/laravel/framework/src/Illuminate/Pipeline/Pipeline.php(180): Illuminate/Routing/Router->Illuminate/Routing/{closure}()
#8 D:/ANDROID/kabaddi-counter-viewModel/backend_laravel/vendor/laravel/framework/src/Illuminate/Routing/Middleware/SubstituteBindings.php(52): Illuminate/Pipeline/Pipeline->Illuminate/Pipeline/{closure}()
#9 D:/ANDROID/kabaddi-counter-viewModel/backend_laravel/vendor/laravel/framework/src/Illuminate/Pipeline/Pipeline.php(219): Illuminate/Routing/Middleware/SubstituteBindings->handle()
#10 D:/ANDROID/kabaddi-counter-viewModel/backend_laravel/vendor/laravel/framework/src/Illuminate/Pipeline/Pipeline.php(137): Illuminate/Pipeline/Pipeline->Illuminate/Pipeline/{closure}()
#11 D:/ANDROID/kabaddi-counter-viewModel/backend_laravel/vendor/laravel/framework/src/Illuminate/Routing/Router.php(821): Illuminate/Pipeline/Pipeline->then()
#12 D:/ANDROID/kabaddi-counter-viewModel/backend_laravel/vendor/laravel/framework/src/Illuminate/Routing/Router.php(800): Illuminate/Routing/Router->runRouteWithinStack()
#13 D:/ANDROID/kabaddi-counter-viewModel/backend_laravel/vendor/laravel/framework/src/Illuminate/Routing/Router.php(764): Illuminate/Routing/Router->runRoute()
#14 D:/ANDROID/kabaddi-counter-viewModel/backend_laravel/vendor/laravel/framework/src/Illuminate/Routing/Router.php(753): Illuminate/Routing/Router->dispatchToRoute()
#15 D:/ANDROID/kabaddi-counter-viewModel/backend_laravel/vendor/laravel/framework/src/Illuminate/Foundation/Http/Kernel.php(200): Illuminate/Routing/Router->dispatch()
#16 D:/ANDROID/kabaddi-counter-viewModel/backend_laravel/vendor/laravel/framework/src/Illuminate/Pipeline/Pipeline.php(180): Illuminate/Foundation/Http/Kernel->Illuminate/Foundation/Http/{closure}()
#17 D:/ANDROID/kabaddi-counter-viewModel/backend_laravel/vendor/laravel/framework/src/Illuminate/Foundation/Http/Middleware/TransformsRequest.php(21): Illuminate/Pipeline/Pipeline->Illuminate/Pipeline/{closure}()
#18 D:/ANDROID/kabaddi-counter-viewModel/backend_laravel/vendor/laravel/framework/src/Illuminate/Foundation/Http/Middleware/ConvertEmptyStringsToNull.php(31): Illuminate/Foundation/Http/Middleware/TransformsRequest->handle()
#19 D:/ANDROID/kabaddi-counter-viewModel/backend_laravel/vendor/laravel/framework/src/Illuminate/Pipeline/Pipeline.php(219): Illuminate/Foundation/Http/Middleware/ConvertEmptyStringsToNull->handle()
#20 D:/ANDROID/kabaddi-counter-viewModel/backend_laravel/vendor/laravel/framework/src/Illuminate/Foundation/Http/Middleware/TransformsRequest.php(21): Illuminate/Pipeline/Pipeline->Illuminate/Pipeline/{closure}()
#21 D:/ANDROID/kabaddi-counter-viewModel/backend_laravel/vendor/laravel/framework/src/Illuminate/Foundation/Http/Middleware/TrimStrings.php(51): Illuminate/Foundation/Http/Middleware/TransformsRequest->handle()
#22 D:/ANDROID/kabaddi-counter-viewModel/backend_laravel/vendor/laravel/framework/src/Illuminate/Pipeline/Pipeline.php(219): Illuminate/Foundation/Http/Middleware/TrimStrings->handle()
#23 D:/ANDROID/kabaddi-counter-viewModel/backend_laravel/vendor/laravel/framework/src/Illuminate/Http/Middleware/ValidatePostSize.php(27): Illuminate/Pipeline/Pipeline->Illuminate/Pipeline/{closure}()
#24 D:/ANDROID/kabaddi-counter-viewModel/backend_laravel/vendor/laravel/framework/src/Illuminate/Pipeline/Pipeline.php(219): Illuminate/Http/Middleware/ValidatePostSize->handle()
#25 D:/ANDROID/kabaddi-counter-viewModel/backend_laravel/vendor/laravel/framework/src/Illuminate/Foundation/Http/Middleware/PreventRequestsDuringMaintenance.php(109): Illuminate/Pipeline/Pipeline->Illuminate/Pipeline/{closure}()
#26 D:/ANDROID/kabaddi-counter-viewModel/backend_laravel/vendor/laravel/framework/src/Illuminate/Pipeline/Pipeline.php(219): Illuminate/Foundation/Http/Middleware/PreventRequestsDuringMaintenance->handle()
#27 D:/ANDROID/kabaddi-counter-viewModel/backend_laravel/vendor/laravel/framework/src/Illuminate/Http/Middleware/HandleCors.php(74): Illuminate/Pipeline/Pipeline->Illuminate/Pipeline/{closure}()
#28 D:/ANDROID/kabaddi-counter-viewModel/backend_laravel/vendor/laravel/framework/src/Illuminate/Pipeline/Pipeline.php(219): Illuminate/Http/Middleware/HandleCors->handle()
#29 D:/ANDROID/kabaddi-counter-viewModel/backend_laravel/vendor/laravel/framework/src/Illuminate/Http/Middleware/TrustProxies.php(58): Illuminate/Pipeline/Pipeline->Illuminate/Pipeline/{closure}()
#30 D:/ANDROID/kabaddi-counter-viewModel/backend_laravel/vendor/laravel/framework/src/Illuminate/Pipeline/Pipeline.php(219): Illuminate/Http/Middleware/TrustProxies->handle()
#31 D:/ANDROID/kabaddi-counter-viewModel/backend_laravel/vendor/laravel/framework/src/Illuminate/Foundation/Http/Middleware/InvokeDeferredCallbacks.php(22): Illuminate/Pipeline/Pipeline->Illuminate/Pipeline/{closure}()
#32 D:/ANDROID/kabaddi-counter-viewModel/backend_laravel/vendor/laravel/framework/src/Illuminate/Pipeline/Pipeline.php(219): Illuminate/Foundation/Http/Middleware/InvokeDeferredCallbacks->handle()
#33 D:/ANDROID/kabaddi-counter-viewModel/backend_laravel/vendor/laravel/framework/src/Illuminate/Http/Middleware/ValidatePathEncoding.php(28): Illuminate/Pipeline/Pipeline->Illuminate/Pipeline/{closure}()
#34 D:/ANDROID/kabaddi-counter-viewModel/backend_laravel/vendor/laravel/framework/src/Illuminate/Pipeline/Pipeline.php(219): Illuminate/Http/Middleware/ValidatePathEncoding->handle()
#35 D:/ANDROID/kabaddi-counter-viewModel/backend_laravel/vendor/laravel/framework/src/Illuminate/Pipeline/Pipeline.php(137): Illuminate/Pipeline/Pipeline->Illuminate/Pipeline/{closure}()
#36 D:/ANDROID/kabaddi-counter-viewModel/backend_laravel/vendor/laravel/framework/src/Illuminate/Foundation/Http/Kernel.php(175): Illuminate/Pipeline/Pipeline->then()
#37 D:/ANDROID/kabaddi-counter-viewModel/backend_laravel/vendor/laravel/framework/src/Illuminate/Foundation/Http/Kernel.php(144): Illuminate/Foundation/Http/Kernel->sendRequestThroughRouter()
#38 D:/ANDROID/kabaddi-counter-viewModel/backend_laravel/vendor/laravel/framework/src/Illuminate/Foundation/Application.php(1220): Illuminate/Foundation/Http/Kernel->handle()
#39 D:/ANDROID/kabaddi-counter-viewModel/backend_laravel/public/index.php(20): Illuminate/Foundation/Application->handleRequest()
#40 D:/ANDROID/kabaddi-counter-viewModel/backend_laravel/vendor/laravel/framework/src/Illuminate/Foundation/resources/server.php(23): require_once('...')
#41 {main}
"} 
[2026-06-01 12:23:19] local.ERROR: file does not exist {"exception":"[object] (InvalidArgumentException(code: 0): file does not exist at D:/ANDROID/kabaddi-counter-viewModel/backend_laravel/vendor/google/auth/src/Credentials/ServiceAccountCredentials.php:144)
[stacktrace]
#0 D:/ANDROID/kabaddi-counter-viewModel/backend_laravel/app/Http/Controllers/Api/MatchController.php(149): Google/Auth/Credentials/ServiceAccountCredentials->__construct()
#1 D:/ANDROID/kabaddi-counter-viewModel/backend_laravel/app/Http/Controllers/Api/MatchController.php(159): App/Http/Controllers/Api/MatchController->getAccessToken()
#2 D:/ANDROID/kabaddi-counter-viewModel/backend_laravel/app/Http/Controllers/Api/MatchController.php(129): App/Http/Controllers/Api/MatchController->sendFcmToTokens()
#3 D:/ANDROID/kabaddi-counter-viewModel/backend_laravel/vendor/laravel/framework/src/Illuminate/Routing/ControllerDispatcher.php(46): App/Http/Controllers/Api/MatchController->updateScore()
#4 D:/ANDROID/kabaddi-counter-viewModel/backend_laravel/vendor/laravel/framework/src/Illuminate/Routing/Route.php(269): Illuminate/Routing/ControllerDispatcher->dispatch()
#5 D:/ANDROID/kabaddi-counter-viewModel/backend_laravel/vendor/laravel/framework/src/Illuminate/Routing/Route.php(215): Illuminate/Routing/Route->runController()
#6 D:/ANDROID/kabaddi-counter-viewModel/backend_laravel/vendor/laravel/framework/src/Illuminate/Routing/Router.php(822): Illuminate/Routing/Route->run()
#7 D:/ANDROID/kabaddi-counter-viewModel/backend_laravel/vendor/laravel/framework/src/Illuminate/Pipeline/Pipeline.php(180): Illuminate/Routing/Router->Illuminate/Routing/{closure}()
#8 D:/ANDROID/kabaddi-counter-viewModel/backend_laravel/vendor/laravel/framework/src/Illuminate/Routing/Middleware/SubstituteBindings.php(52): Illuminate/Pipeline/Pipeline->Illuminate/Pipeline/{closure}()
#9 D:/ANDROID/kabaddi-counter-viewModel/backend_laravel/vendor/laravel/framework/src/Illuminate/Pipeline/Pipeline.php(219): Illuminate/Routing/Middleware/SubstituteBindings->handle()
#10 D:/ANDROID/kabaddi-counter-viewModel/backend_laravel/vendor/laravel/framework/src/Illuminate/Pipeline/Pipeline.php(137): Illuminate/Pipeline/Pipeline->Illuminate/Pipeline/{closure}()
#11 D:/ANDROID/kabaddi-counter-viewModel/backend_laravel/vendor/laravel/framework/src/Illuminate/Routing/Router.php(821): Illuminate/Pipeline/Pipeline->then()
#12 D:/ANDROID/kabaddi-counter-viewModel/backend_laravel/vendor/laravel/framework/src/Illuminate/Routing/Router.php(800): Illuminate/Routing/Router->runRouteWithinStack()
#13 D:/ANDROID/kabaddi-counter-viewModel/backend_laravel/vendor/laravel/framework/src/Illuminate/Routing/Router.php(764): Illuminate/Routing/Router->runRoute()
#14 D:/ANDROID/kabaddi-counter-viewModel/backend_laravel/vendor/laravel/framework/src/Illuminate/Routing/Router.php(753): Illuminate/Routing/Router->dispatchToRoute()
#15 D:/ANDROID/kabaddi-counter-viewModel/backend_laravel/vendor/laravel/framework/src/Illuminate/Foundation/Http/Kernel.php(200): Illuminate/Routing/Router->dispatch()
#16 D:/ANDROID/kabaddi-counter-viewModel/backend_laravel/vendor/laravel/framework/src/Illuminate/Pipeline/Pipeline.php(180): Illuminate/Foundation/Http/Kernel->Illuminate/Foundation/Http/{closure}()
#17 D:/ANDROID/kabaddi-counter-viewModel/backend_laravel/vendor/laravel/framework/src/Illuminate/Foundation/Http/Middleware/TransformsRequest.php(21): Illuminate/Pipeline/Pipeline->Illuminate/Pipeline/{closure}()
#18 D:/ANDROID/kabaddi-counter-viewModel/backend_laravel/vendor/laravel/framework/src/Illuminate/Foundation/Http/Middleware/ConvertEmptyStringsToNull.php(31): Illuminate/Foundation/Http/Middleware/TransformsRequest->handle()
#19 D:/ANDROID/kabaddi-counter-viewModel/backend_laravel/vendor/laravel/framework/src/Illuminate/Pipeline/Pipeline.php(219): Illuminate/Foundation/Http/Middleware/ConvertEmptyStringsToNull->handle()
#20 D:/ANDROID/kabaddi-counter-viewModel/backend_laravel/vendor/laravel/framework/src/Illuminate/Foundation/Http/Middleware/TransformsRequest.php(21): Illuminate/Pipeline/Pipeline->Illuminate/Pipeline/{closure}()
#21 D:/ANDROID/kabaddi-counter-viewModel/backend_laravel/vendor/laravel/framework/src/Illuminate/Foundation/Http/Middleware/TrimStrings.php(51): Illuminate/Foundation/Http/Middleware/TransformsRequest->handle()
#22 D:/ANDROID/kabaddi-counter-viewModel/backend_laravel/vendor/laravel/framework/src/Illuminate/Pipeline/Pipeline.php(219): Illuminate/Foundation/Http/Middleware/TrimStrings->handle()
#23 D:/ANDROID/kabaddi-counter-viewModel/backend_laravel/vendor/laravel/framework/src/Illuminate/Http/Middleware/ValidatePostSize.php(27): Illuminate/Pipeline/Pipeline->Illuminate/Pipeline/{closure}()
#24 D:/ANDROID/kabaddi-counter-viewModel/backend_laravel/vendor/laravel/framework/src/Illuminate/Pipeline/Pipeline.php(219): Illuminate/Http/Middleware/ValidatePostSize->handle()
#25 D:/ANDROID/kabaddi-counter-viewModel/backend_laravel/vendor/laravel/framework/src/Illuminate/Foundation/Http/Middleware/PreventRequestsDuringMaintenance.php(109): Illuminate/Pipeline/Pipeline->Illuminate/Pipeline/{closure}()
#26 D:/ANDROID/kabaddi-counter-viewModel/backend_laravel/vendor/laravel/framework/src/Illuminate/Pipeline/Pipeline.php(219): Illuminate/Foundation/Http/Middleware/PreventRequestsDuringMaintenance->handle()
#27 D:/ANDROID/kabaddi-counter-viewModel/backend_laravel/vendor/laravel/framework/src/Illuminate/Http/Middleware/HandleCors.php(74): Illuminate/Pipeline/Pipeline->Illuminate/Pipeline/{closure}()
#28 D:/ANDROID/kabaddi-counter-viewModel/backend_laravel/vendor/laravel/framework/src/Illuminate/Pipeline/Pipeline.php(219): Illuminate/Http/Middleware/HandleCors->handle()
#29 D:/ANDROID/kabaddi-counter-viewModel/backend_laravel/vendor/laravel/framework/src/Illuminate/Http/Middleware/TrustProxies.php(58): Illuminate/Pipeline/Pipeline->Illuminate/Pipeline/{closure}()
#30 D:/ANDROID/kabaddi-counter-viewModel/backend_laravel/vendor/laravel/framework/src/Illuminate/Pipeline/Pipeline.php(219): Illuminate/Http/Middleware/TrustProxies->handle()
#31 D:/ANDROID/kabaddi-counter-viewModel/backend_laravel/vendor/laravel/framework/src/Illuminate/Foundation/Http/Middleware/InvokeDeferredCallbacks.php(22): Illuminate/Pipeline/Pipeline->Illuminate/Pipeline/{closure}()
#32 D:/ANDROID/kabaddi-counter-viewModel/backend_laravel/vendor/laravel/framework/src/Illuminate/Pipeline/Pipeline.php(219): Illuminate/Foundation/Http/Middleware/InvokeDeferredCallbacks->handle()
#33 D:/ANDROID/kabaddi-counter-viewModel/backend_laravel/vendor/laravel/framework/src/Illuminate/Http/Middleware/ValidatePathEncoding.php(28): Illuminate/Pipeline/Pipeline->Illuminate/Pipeline/{closure}()
#34 D:/ANDROID/kabaddi-counter-viewModel/backend_laravel/vendor/laravel/framework/src/Illuminate/Pipeline/Pipeline.php(219): Illuminate/Http/Middleware/ValidatePathEncoding->handle()
#35 D:/ANDROID/kabaddi-counter-viewModel/backend_laravel/vendor/laravel/framework/src/Illuminate/Pipeline/Pipeline.php(137): Illuminate/Pipeline/Pipeline->Illuminate/Pipeline/{closure}()
#36 D:/ANDROID/kabaddi-counter-viewModel/backend_laravel/vendor/laravel/framework/src/Illuminate/Foundation/Http/Kernel.php(175): Illuminate/Pipeline/Pipeline->then()
#37 D:/ANDROID/kabaddi-counter-viewModel/backend_laravel/vendor/laravel/framework/src/Illuminate/Foundation/Http/Kernel.php(144): Illuminate/Foundation/Http/Kernel->sendRequestThroughRouter()
#38 D:/ANDROID/kabaddi-counter-viewModel/backend_laravel/vendor/laravel/framework/src/Illuminate/Foundation/Application.php(1220): Illuminate/Foundation/Http/Kernel->handle()
#39 D:/ANDROID/kabaddi-counter-viewModel/backend_laravel/public/index.php(20): Illuminate/Foundation/Application->handleRequest()
#40 D:/ANDROID/kabaddi-counter-viewModel/backend_laravel/vendor/laravel/framework/src/Illuminate/Foundation/resources/server.php(23): require_once('...')
#41 {main}
"} 
[2026-06-01 12:59:57] local.ERROR: file does not exist {"exception":"[object] (InvalidArgumentException(code: 0): file does not exist at D:/ANDROID/kabaddi-counter-viewModel/backend_laravel/vendor/google/auth/src/Credentials/ServiceAccountCredentials.php:144)
[stacktrace]
#0 D:/ANDROID/kabaddi-counter-viewModel/backend_laravel/app/Http/Controllers/Api/MatchController.php(149): Google/Auth/Credentials/ServiceAccountCredentials->__construct()
#1 D:/ANDROID/kabaddi-counter-viewModel/backend_laravel/app/Http/Controllers/Api/MatchController.php(159): App/Http/Controllers/Api/MatchController->getAccessToken()
#2 D:/ANDROID/kabaddi-counter-viewModel/backend_laravel/app/Http/Controllers/Api/MatchController.php(129): App/Http/Controllers/Api/MatchController->sendFcmToTokens()
#3 D:/ANDROID/kabaddi-counter-viewModel/backend_laravel/vendor/laravel/framework/src/Illuminate/Routing/ControllerDispatcher.php(46): App/Http/Controllers/Api/MatchController->updateScore()
#4 D:/ANDROID/kabaddi-counter-viewModel/backend_laravel/vendor/laravel/framework/src/Illuminate/Routing/Route.php(269): Illuminate/Routing/ControllerDispatcher->dispatch()
#5 D:/ANDROID/kabaddi-counter-viewModel/backend_laravel/vendor/laravel/framework/src/Illuminate/Routing/Route.php(215): Illuminate/Routing/Route->runController()
#6 D:/ANDROID/kabaddi-counter-viewModel/backend_laravel/vendor/laravel/framework/src/Illuminate/Routing/Router.php(822): Illuminate/Routing/Route->run()
#7 D:/ANDROID/kabaddi-counter-viewModel/backend_laravel/vendor/laravel/framework/src/Illuminate/Pipeline/Pipeline.php(180): Illuminate/Routing/Router->Illuminate/Routing/{closure}()
#8 D:/ANDROID/kabaddi-counter-viewModel/backend_laravel/vendor/laravel/framework/src/Illuminate/Routing/Middleware/SubstituteBindings.php(52): Illuminate/Pipeline/Pipeline->Illuminate/Pipeline/{closure}()
#9 D:/ANDROID/kabaddi-counter-viewModel/backend_laravel/vendor/laravel/framework/src/Illuminate/Pipeline/Pipeline.php(219): Illuminate/Routing/Middleware/SubstituteBindings->handle()
#10 D:/ANDROID/kabaddi-counter-viewModel/backend_laravel/vendor/laravel/framework/src/Illuminate/Pipeline/Pipeline.php(137): Illuminate/Pipeline/Pipeline->Illuminate/Pipeline/{closure}()
#11 D:/ANDROID/kabaddi-counter-viewModel/backend_laravel/vendor/laravel/framework/src/Illuminate/Routing/Router.php(821): Illuminate/Pipeline/Pipeline->then()
#12 D:/ANDROID/kabaddi-counter-viewModel/backend_laravel/vendor/laravel/framework/src/Illuminate/Routing/Router.php(800): Illuminate/Routing/Router->runRouteWithinStack()
#13 D:/ANDROID/kabaddi-counter-viewModel/backend_laravel/vendor/laravel/framework/src/Illuminate/Routing/Router.php(764): Illuminate/Routing/Router->runRoute()
#14 D:/ANDROID/kabaddi-counter-viewModel/backend_laravel/vendor/laravel/framework/src/Illuminate/Routing/Router.php(753): Illuminate/Routing/Router->dispatchToRoute()
#15 D:/ANDROID/kabaddi-counter-viewModel/backend_laravel/vendor/laravel/framework/src/Illuminate/Foundation/Http/Kernel.php(200): Illuminate/Routing/Router->dispatch()
#16 D:/ANDROID/kabaddi-counter-viewModel/backend_laravel/vendor/laravel/framework/src/Illuminate/Pipeline/Pipeline.php(180): Illuminate/Foundation/Http/Kernel->Illuminate/Foundation/Http/{closure}()
#17 D:/ANDROID/kabaddi-counter-viewModel/backend_laravel/vendor/laravel/framework/src/Illuminate/Foundation/Http/Middleware/TransformsRequest.php(21): Illuminate/Pipeline/Pipeline->Illuminate/Pipeline/{closure}()
#18 D:/ANDROID/kabaddi-counter-viewModel/backend_laravel/vendor/laravel/framework/src/Illuminate/Foundation/Http/Middleware/ConvertEmptyStringsToNull.php(31): Illuminate/Foundation/Http/Middleware/TransformsRequest->handle()
#19 D:/ANDROID/kabaddi-counter-viewModel/backend_laravel/vendor/laravel/framework/src/Illuminate/Pipeline/Pipeline.php(219): Illuminate/Foundation/Http/Middleware/ConvertEmptyStringsToNull->handle()
#20 D:/ANDROID/kabaddi-counter-viewModel/backend_laravel/vendor/laravel/framework/src/Illuminate/Foundation/Http/Middleware/TransformsRequest.php(21): Illuminate/Pipeline/Pipeline->Illuminate/Pipeline/{closure}()
#21 D:/ANDROID/kabaddi-counter-viewModel/backend_laravel/vendor/laravel/framework/src/Illuminate/Foundation/Http/Middleware/TrimStrings.php(51): Illuminate/Foundation/Http/Middleware/TransformsRequest->handle()
#22 D:/ANDROID/kabaddi-counter-viewModel/backend_laravel/vendor/laravel/framework/src/Illuminate/Pipeline/Pipeline.php(219): Illuminate/Foundation/Http/Middleware/TrimStrings->handle()
#23 D:/ANDROID/kabaddi-counter-viewModel/backend_laravel/vendor/laravel/framework/src/Illuminate/Http/Middleware/ValidatePostSize.php(27): Illuminate/Pipeline/Pipeline->Illuminate/Pipeline/{closure}()
#24 D:/ANDROID/kabaddi-counter-viewModel/backend_laravel/vendor/laravel/framework/src/Illuminate/Pipeline/Pipeline.php(219): Illuminate/Http/Middleware/ValidatePostSize->handle()
#25 D:/ANDROID/kabaddi-counter-viewModel/backend_laravel/vendor/laravel/framework/src/Illuminate/Foundation/Http/Middleware/PreventRequestsDuringMaintenance.php(109): Illuminate/Pipeline/Pipeline->Illuminate/Pipeline/{closure}()
#26 D:/ANDROID/kabaddi-counter-viewModel/backend_laravel/vendor/laravel/framework/src/Illuminate/Pipeline/Pipeline.php(219): Illuminate/Foundation/Http/Middleware/PreventRequestsDuringMaintenance->handle()
#27 D:/ANDROID/kabaddi-counter-viewModel/backend_laravel/vendor/laravel/framework/src/Illuminate/Http/Middleware/HandleCors.php(74): Illuminate/Pipeline/Pipeline->Illuminate/Pipeline/{closure}()
#28 D:/ANDROID/kabaddi-counter-viewModel/backend_laravel/vendor/laravel/framework/src/Illuminate/Pipeline/Pipeline.php(219): Illuminate/Http/Middleware/HandleCors->handle()
#29 D:/ANDROID/kabaddi-counter-viewModel/backend_laravel/vendor/laravel/framework/src/Illuminate/Http/Middleware/TrustProxies.php(58): Illuminate/Pipeline/Pipeline->Illuminate/Pipeline/{closure}()
#30 D:/ANDROID/kabaddi-counter-viewModel/backend_laravel/vendor/laravel/framework/src/Illuminate/Pipeline/Pipeline.php(219): Illuminate/Http/Middleware/TrustProxies->handle()
#31 D:/ANDROID/kabaddi-counter-viewModel/backend_laravel/vendor/laravel/framework/src/Illuminate/Foundation/Http/Middleware/InvokeDeferredCallbacks.php(22): Illuminate/Pipeline/Pipeline->Illuminate/Pipeline/{closure}()
#32 D:/ANDROID/kabaddi-counter-viewModel/backend_laravel/vendor/laravel/framework/src/Illuminate/Pipeline/Pipeline.php(219): Illuminate/Foundation/Http/Middleware/InvokeDeferredCallbacks->handle()
#33 D:/ANDROID/kabaddi-counter-viewModel/backend_laravel/vendor/laravel/framework/src/Illuminate/Http/Middleware/ValidatePathEncoding.php(28): Illuminate/Pipeline/Pipeline->Illuminate/Pipeline/{closure}()
#34 D:/ANDROID/kabaddi-counter-viewModel/backend_laravel/vendor/laravel/framework/src/Illuminate/Pipeline/Pipeline.php(219): Illuminate/Http/Middleware/ValidatePathEncoding->handle()
#35 D:/ANDROID/kabaddi-counter-viewModel/backend_laravel/vendor/laravel/framework/src/Illuminate/Pipeline/Pipeline.php(137): Illuminate/Pipeline/Pipeline->Illuminate/Pipeline/{closure}()
#36 D:/ANDROID/kabaddi-counter-viewModel/backend_laravel/vendor/laravel/framework/src/Illuminate/Foundation/Http/Kernel.php(175): Illuminate/Pipeline/Pipeline->then()
#37 D:/ANDROID/kabaddi-counter-viewModel/backend_laravel/vendor/laravel/framework/src/Illuminate/Foundation/Http/Kernel.php(144): Illuminate/Foundation/Http/Kernel->sendRequestThroughRouter()
#38 D:/ANDROID/kabaddi-counter-viewModel/backend_laravel/vendor/laravel/framework/src/Illuminate/Foundation/Application.php(1220): Illuminate/Foundation/Http/Kernel->handle()
#39 D:/ANDROID/kabaddi-counter-viewModel/backend_laravel/public/index.php(20): Illuminate/Foundation/Application->handleRequest()
#40 D:/ANDROID/kabaddi-counter-viewModel/backend_laravel/vendor/laravel/framework/src/Illuminate/Foundation/resources/server.php(23): require_once('...')
#41 {main}
"} 
[2026-06-02 04:09:07] local.ERROR: SplFileObject::__construct(D:\ANDROID\kabaddi-counter-viewModel\backend_laravel\${APP_BASE_PATH}/android-kabbadi-rani-tantan-firebase-adminsdk-fbsvc-815c4e9e70.json): Failed to open stream: No such file or directory {"exception":"[object] (Kreait\\Firebase\\Exception\\InvalidArgumentException(code: 0): SplFileObject::__construct(D:\\ANDROID\\kabaddi-counter-viewModel\\backend_laravel\\${APP_BASE_PATH}/android-kabbadi-rani-tantan-firebase-adminsdk-fbsvc-815c4e9e70.json): Failed to open stream: No such file or directory at D:/ANDROID/kabaddi-counter-viewModel/backend_laravel/vendor/kreait/firebase-php/src/Valinor/Source.php:57)
[stacktrace]
#0 D:/ANDROID/kabaddi-counter-viewModel/backend_laravel/vendor/kreait/firebase-php/src/Valinor/Source.php(40): Kreait/Firebase/Valinor/Source::file()
#1 D:/ANDROID/kabaddi-counter-viewModel/backend_laravel/vendor/kreait/firebase-php/src/Factory.php(663): Kreait/Firebase/Valinor/Source::parse()
#2 D:/ANDROID/kabaddi-counter-viewModel/backend_laravel/vendor/kreait/firebase-php/src/Factory.php(146): Kreait/Firebase/Factory->mapServiceAccount()
#3 D:/ANDROID/kabaddi-counter-viewModel/backend_laravel/vendor/kreait/laravel-firebase/src/FirebaseProjectManager.php(75): Kreait/Firebase/Factory->withServiceAccount()
#4 D:/ANDROID/kabaddi-counter-viewModel/backend_laravel/vendor/kreait/laravel-firebase/src/FirebaseProjectManager.php(35): Kreait/Laravel/Firebase/FirebaseProjectManager->configure()
#5 D:/ANDROID/kabaddi-counter-viewModel/backend_laravel/vendor/kreait/laravel-firebase/src/ServiceProvider.php(47): Kreait/Laravel/Firebase/FirebaseProjectManager->project()
#6 D:/ANDROID/kabaddi-counter-viewModel/backend_laravel/vendor/laravel/framework/src/Illuminate/Container/Container.php(1118): Kreait/Laravel/Firebase/ServiceProvider::Kreait/Laravel/Firebase/{closure}()
#7 D:/ANDROID/kabaddi-counter-viewModel/backend_laravel/vendor/laravel/framework/src/Illuminate/Container/Container.php(936): Illuminate/Container/Container->build()
#8 D:/ANDROID/kabaddi-counter-viewModel/backend_laravel/vendor/laravel/framework/src/Illuminate/Foundation/Application.php(1078): Illuminate/Container/Container->resolve()
#9 D:/ANDROID/kabaddi-counter-viewModel/backend_laravel/vendor/laravel/framework/src/Illuminate/Container/Container.php(864): Illuminate/Foundation/Application->resolve()
#10 D:/ANDROID/kabaddi-counter-viewModel/backend_laravel/vendor/laravel/framework/src/Illuminate/Foundation/Application.php(1058): Illuminate/Container/Container->make()
#11 D:/ANDROID/kabaddi-counter-viewModel/backend_laravel/vendor/laravel/framework/src/Illuminate/Routing/ResolvesRouteDependencies.php(92): Illuminate/Foundation/Application->make()
#12 D:/ANDROID/kabaddi-counter-viewModel/backend_laravel/vendor/laravel/framework/src/Illuminate/Routing/ResolvesRouteDependencies.php(51): Illuminate/Routing/ControllerDispatcher->transformDependency()
#13 D:/ANDROID/kabaddi-counter-viewModel/backend_laravel/vendor/laravel/framework/src/Illuminate/Routing/ResolvesRouteDependencies.php(30): Illuminate/Routing/ControllerDispatcher->resolveMethodDependencies()
#14 D:/ANDROID/kabaddi-counter-viewModel/backend_laravel/vendor/laravel/framework/src/Illuminate/Routing/ControllerDispatcher.php(59): Illuminate/Routing/ControllerDispatcher->resolveClassMethodDependencies()
#15 D:/ANDROID/kabaddi-counter-viewModel/backend_laravel/vendor/laravel/framework/src/Illuminate/Routing/ControllerDispatcher.php(40): Illuminate/Routing/ControllerDispatcher->resolveParameters()
#16 D:/ANDROID/kabaddi-counter-viewModel/backend_laravel/vendor/laravel/framework/src/Illuminate/Routing/Route.php(269): Illuminate/Routing/ControllerDispatcher->dispatch()
#17 D:/ANDROID/kabaddi-counter-viewModel/backend_laravel/vendor/laravel/framework/src/Illuminate/Routing/Route.php(215): Illuminate/Routing/Route->runController()
#18 D:/ANDROID/kabaddi-counter-viewModel/backend_laravel/vendor/laravel/framework/src/Illuminate/Routing/Router.php(822): Illuminate/Routing/Route->run()
#19 D:/ANDROID/kabaddi-counter-viewModel/backend_laravel/vendor/laravel/framework/src/Illuminate/Pipeline/Pipeline.php(180): Illuminate/Routing/Router->Illuminate/Routing/{closure}()
#20 D:/ANDROID/kabaddi-counter-viewModel/backend_laravel/vendor/laravel/framework/src/Illuminate/Routing/Middleware/SubstituteBindings.php(52): Illuminate/Pipeline/Pipeline->Illuminate/Pipeline/{closure}()
#21 D:/ANDROID/kabaddi-counter-viewModel/backend_laravel/vendor/laravel/framework/src/Illuminate/Pipeline/Pipeline.php(219): Illuminate/Routing/Middleware/SubstituteBindings->handle()
#22 D:/ANDROID/kabaddi-counter-viewModel/backend_laravel/vendor/laravel/framework/src/Illuminate/Pipeline/Pipeline.php(137): Illuminate/Pipeline/Pipeline->Illuminate/Pipeline/{closure}()
#23 D:/ANDROID/kabaddi-counter-viewModel/backend_laravel/vendor/laravel/framework/src/Illuminate/Routing/Router.php(821): Illuminate/Pipeline/Pipeline->then()
#24 D:/ANDROID/kabaddi-counter-viewModel/backend_laravel/vendor/laravel/framework/src/Illuminate/Routing/Router.php(800): Illuminate/Routing/Router->runRouteWithinStack()
#25 D:/ANDROID/kabaddi-counter-viewModel/backend_laravel/vendor/laravel/framework/src/Illuminate/Routing/Router.php(764): Illuminate/Routing/Router->runRoute()
#26 D:/ANDROID/kabaddi-counter-viewModel/backend_laravel/vendor/laravel/framework/src/Illuminate/Routing/Router.php(753): Illuminate/Routing/Router->dispatchToRoute()
#27 D:/ANDROID/kabaddi-counter-viewModel/backend_laravel/vendor/laravel/framework/src/Illuminate/Foundation/Http/Kernel.php(200): Illuminate/Routing/Router->dispatch()
#28 D:/ANDROID/kabaddi-counter-viewModel/backend_laravel/vendor/laravel/framework/src/Illuminate/Pipeline/Pipeline.php(180): Illuminate/Foundation/Http/Kernel->Illuminate/Foundation/Http/{closure}()
#29 D:/ANDROID/kabaddi-counter-viewModel/backend_laravel/vendor/laravel/framework/src/Illuminate/Foundation/Http/Middleware/TransformsRequest.php(21): Illuminate/Pipeline/Pipeline->Illuminate/Pipeline/{closure}()
#30 D:/ANDROID/kabaddi-counter-viewModel/backend_laravel/vendor/laravel/framework/src/Illuminate/Foundation/Http/Middleware/ConvertEmptyStringsToNull.php(31): Illuminate/Foundation/Http/Middleware/TransformsRequest->handle()
#31 D:/ANDROID/kabaddi-counter-viewModel/backend_laravel/vendor/laravel/framework/src/Illuminate/Pipeline/Pipeline.php(219): Illuminate/Foundation/Http/Middleware/ConvertEmptyStringsToNull->handle()
#32 D:/ANDROID/kabaddi-counter-viewModel/backend_laravel/vendor/laravel/framework/src/Illuminate/Foundation/Http/Middleware/TransformsRequest.php(21): Illuminate/Pipeline/Pipeline->Illuminate/Pipeline/{closure}()
#33 D:/ANDROID/kabaddi-counter-viewModel/backend_laravel/vendor/laravel/framework/src/Illuminate/Foundation/Http/Middleware/TrimStrings.php(51): Illuminate/Foundation/Http/Middleware/TransformsRequest->handle()
#34 D:/ANDROID/kabaddi-counter-viewModel/backend_laravel/vendor/laravel/framework/src/Illuminate/Pipeline/Pipeline.php(219): Illuminate/Foundation/Http/Middleware/TrimStrings->handle()
#35 D:/ANDROID/kabaddi-counter-viewModel/backend_laravel/vendor/laravel/framework/src/Illuminate/Http/Middleware/ValidatePostSize.php(27): Illuminate/Pipeline/Pipeline->Illuminate/Pipeline/{closure}()
#36 D:/ANDROID/kabaddi-counter-viewModel/backend_laravel/vendor/laravel/framework/src/Illuminate/Pipeline/Pipeline.php(219): Illuminate/Http/Middleware/ValidatePostSize->handle()
#37 D:/ANDROID/kabaddi-counter-viewModel/backend_laravel/vendor/laravel/framework/src/Illuminate/Foundation/Http/Middleware/PreventRequestsDuringMaintenance.php(109): Illuminate/Pipeline/Pipeline->Illuminate/Pipeline/{closure}()
#38 D:/ANDROID/kabaddi-counter-viewModel/backend_laravel/vendor/laravel/framework/src/Illuminate/Pipeline/Pipeline.php(219): Illuminate/Foundation/Http/Middleware/PreventRequestsDuringMaintenance->handle()
#39 D:/ANDROID/kabaddi-counter-viewModel/backend_laravel/vendor/laravel/framework/src/Illuminate/Http/Middleware/HandleCors.php(74): Illuminate/Pipeline/Pipeline->Illuminate/Pipeline/{closure}()
#40 D:/ANDROID/kabaddi-counter-viewModel/backend_laravel/vendor/laravel/framework/src/Illuminate/Pipeline/Pipeline.php(219): Illuminate/Http/Middleware/HandleCors->handle()
#41 D:/ANDROID/kabaddi-counter-viewModel/backend_laravel/vendor/laravel/framework/src/Illuminate/Http/Middleware/TrustProxies.php(58): Illuminate/Pipeline/Pipeline->Illuminate/Pipeline/{closure}()
#42 D:/ANDROID/kabaddi-counter-viewModel/backend_laravel/vendor/laravel/framework/src/Illuminate/Pipeline/Pipeline.php(219): Illuminate/Http/Middleware/TrustProxies->handle()
#43 D:/ANDROID/kabaddi-counter-viewModel/backend_laravel/vendor/laravel/framework/src/Illuminate/Foundation/Http/Middleware/InvokeDeferredCallbacks.php(22): Illuminate/Pipeline/Pipeline->Illuminate/Pipeline/{closure}()
#44 D:/ANDROID/kabaddi-counter-viewModel/backend_laravel/vendor/laravel/framework/src/Illuminate/Pipeline/Pipeline.php(219): Illuminate/Foundation/Http/Middleware/InvokeDeferredCallbacks->handle()
#45 D:/ANDROID/kabaddi-counter-viewModel/backend_laravel/vendor/laravel/framework/src/Illuminate/Http/Middleware/ValidatePathEncoding.php(28): Illuminate/Pipeline/Pipeline->Illuminate/Pipeline/{closure}()
#46 D:/ANDROID/kabaddi-counter-viewModel/backend_laravel/vendor/laravel/framework/src/Illuminate/Pipeline/Pipeline.php(219): Illuminate/Http/Middleware/ValidatePathEncoding->handle()
#47 D:/ANDROID/kabaddi-counter-viewModel/backend_laravel/vendor/laravel/framework/src/Illuminate/Pipeline/Pipeline.php(137): Illuminate/Pipeline/Pipeline->Illuminate/Pipeline/{closure}()
#48 D:/ANDROID/kabaddi-counter-viewModel/backend_laravel/vendor/laravel/framework/src/Illuminate/Foundation/Http/Kernel.php(175): Illuminate/Pipeline/Pipeline->then()
#49 D:/ANDROID/kabaddi-counter-viewModel/backend_laravel/vendor/laravel/framework/src/Illuminate/Foundation/Http/Kernel.php(144): Illuminate/Foundation/Http/Kernel->sendRequestThroughRouter()
#50 D:/ANDROID/kabaddi-counter-viewModel/backend_laravel/vendor/laravel/framework/src/Illuminate/Foundation/Application.php(1220): Illuminate/Foundation/Http/Kernel->handle()
#51 D:/ANDROID/kabaddi-counter-viewModel/backend_laravel/public/index.php(20): Illuminate/Foundation/Application->handleRequest()
#52 D:/ANDROID/kabaddi-counter-viewModel/backend_laravel/vendor/laravel/framework/src/Illuminate/Foundation/resources/server.php(23): require_once('...')
#53 {main}

[previous exception] [object] (RuntimeException(code: 0): SplFileObject::__construct(D:\\ANDROID\\kabaddi-counter-viewModel\\backend_laravel\\${APP_BASE_PATH}/android-kabbadi-rani-tantan-firebase-adminsdk-fbsvc-815c4e9e70.json): Failed to open stream: No such file or directory at D:/ANDROID/kabaddi-counter-viewModel/backend_laravel/vendor/kreait/firebase-php/src/Valinor/Source.php:55)
[stacktrace]
#0 D:/ANDROID/kabaddi-counter-viewModel/backend_laravel/vendor/kreait/firebase-php/src/Valinor/Source.php(55): SplFileObject->__construct()
#1 D:/ANDROID/kabaddi-counter-viewModel/backend_laravel/vendor/kreait/firebase-php/src/Valinor/Source.php(40): Kreait/Firebase/Valinor/Source::file()
#2 D:/ANDROID/kabaddi-counter-viewModel/backend_laravel/vendor/kreait/firebase-php/src/Factory.php(663): Kreait/Firebase/Valinor/Source::parse()
#3 D:/ANDROID/kabaddi-counter-viewModel/backend_laravel/vendor/kreait/firebase-php/src/Factory.php(146): Kreait/Firebase/Factory->mapServiceAccount()
#4 D:/ANDROID/kabaddi-counter-viewModel/backend_laravel/vendor/kreait/laravel-firebase/src/FirebaseProjectManager.php(75): Kreait/Firebase/Factory->withServiceAccount()
#5 D:/ANDROID/kabaddi-counter-viewModel/backend_laravel/vendor/kreait/laravel-firebase/src/FirebaseProjectManager.php(35): Kreait/Laravel/Firebase/FirebaseProjectManager->configure()
#6 D:/ANDROID/kabaddi-counter-viewModel/backend_laravel/vendor/kreait/laravel-firebase/src/ServiceProvider.php(47): Kreait/Laravel/Firebase/FirebaseProjectManager->project()
#7 D:/ANDROID/kabaddi-counter-viewModel/backend_laravel/vendor/laravel/framework/src/Illuminate/Container/Container.php(1118): Kreait/Laravel/Firebase/ServiceProvider::Kreait/Laravel/Firebase/{closure}()
#8 D:/ANDROID/kabaddi-counter-viewModel/backend_laravel/vendor/laravel/framework/src/Illuminate/Container/Container.php(936): Illuminate/Container/Container->build()
#9 D:/ANDROID/kabaddi-counter-viewModel/backend_laravel/vendor/laravel/framework/src/Illuminate/Foundation/Application.php(1078): Illuminate/Container/Container->resolve()
#10 D:/ANDROID/kabaddi-counter-viewModel/backend_laravel/vendor/laravel/framework/src/Illuminate/Container/Container.php(864): Illuminate/Foundation/Application->resolve()
#11 D:/ANDROID/kabaddi-counter-viewModel/backend_laravel/vendor/laravel/framework/src/Illuminate/Foundation/Application.php(1058): Illuminate/Container/Container->make()
#12 D:/ANDROID/kabaddi-counter-viewModel/backend_laravel/vendor/laravel/framework/src/Illuminate/Routing/ResolvesRouteDependencies.php(92): Illuminate/Foundation/Application->make()
#13 D:/ANDROID/kabaddi-counter-viewModel/backend_laravel/vendor/laravel/framework/src/Illuminate/Routing/ResolvesRouteDependencies.php(51): Illuminate/Routing/ControllerDispatcher->transformDependency()
#14 D:/ANDROID/kabaddi-counter-viewModel/backend_laravel/vendor/laravel/framework/src/Illuminate/Routing/ResolvesRouteDependencies.php(30): Illuminate/Routing/ControllerDispatcher->resolveMethodDependencies()
#15 D:/ANDROID/kabaddi-counter-viewModel/backend_laravel/vendor/laravel/framework/src/Illuminate/Routing/ControllerDispatcher.php(59): Illuminate/Routing/ControllerDispatcher->resolveClassMethodDependencies()
#16 D:/ANDROID/kabaddi-counter-viewModel/backend_laravel/vendor/laravel/framework/src/Illuminate/Routing/ControllerDispatcher.php(40): Illuminate/Routing/ControllerDispatcher->resolveParameters()
#17 D:/ANDROID/kabaddi-counter-viewModel/backend_laravel/vendor/laravel/framework/src/Illuminate/Routing/Route.php(269): Illuminate/Routing/ControllerDispatcher->dispatch()
#18 D:/ANDROID/kabaddi-counter-viewModel/backend_laravel/vendor/laravel/framework/src/Illuminate/Routing/Route.php(215): Illuminate/Routing/Route->runController()
#19 D:/ANDROID/kabaddi-counter-viewModel/backend_laravel/vendor/laravel/framework/src/Illuminate/Routing/Router.php(822): Illuminate/Routing/Route->run()
#20 D:/ANDROID/kabaddi-counter-viewModel/backend_laravel/vendor/laravel/framework/src/Illuminate/Pipeline/Pipeline.php(180): Illuminate/Routing/Router->Illuminate/Routing/{closure}()
#21 D:/ANDROID/kabaddi-counter-viewModel/backend_laravel/vendor/laravel/framework/src/Illuminate/Routing/Middleware/SubstituteBindings.php(52): Illuminate/Pipeline/Pipeline->Illuminate/Pipeline/{closure}()
#22 D:/ANDROID/kabaddi-counter-viewModel/backend_laravel/vendor/laravel/framework/src/Illuminate/Pipeline/Pipeline.php(219): Illuminate/Routing/Middleware/SubstituteBindings->handle()
#23 D:/ANDROID/kabaddi-counter-viewModel/backend_laravel/vendor/laravel/framework/src/Illuminate/Pipeline/Pipeline.php(137): Illuminate/Pipeline/Pipeline->Illuminate/Pipeline/{closure}()
#24 D:/ANDROID/kabaddi-counter-viewModel/backend_laravel/vendor/laravel/framework/src/Illuminate/Routing/Router.php(821): Illuminate/Pipeline/Pipeline->then()
#25 D:/ANDROID/kabaddi-counter-viewModel/backend_laravel/vendor/laravel/framework/src/Illuminate/Routing/Router.php(800): Illuminate/Routing/Router->runRouteWithinStack()
#26 D:/ANDROID/kabaddi-counter-viewModel/backend_laravel/vendor/laravel/framework/src/Illuminate/Routing/Router.php(764): Illuminate/Routing/Router->runRoute()
#27 D:/ANDROID/kabaddi-counter-viewModel/backend_laravel/vendor/laravel/framework/src/Illuminate/Routing/Router.php(753): Illuminate/Routing/Router->dispatchToRoute()
#28 D:/ANDROID/kabaddi-counter-viewModel/backend_laravel/vendor/laravel/framework/src/Illuminate/Foundation/Http/Kernel.php(200): Illuminate/Routing/Router->dispatch()
#29 D:/ANDROID/kabaddi-counter-viewModel/backend_laravel/vendor/laravel/framework/src/Illuminate/Pipeline/Pipeline.php(180): Illuminate/Foundation/Http/Kernel->Illuminate/Foundation/Http/{closure}()
#30 D:/ANDROID/kabaddi-counter-viewModel/backend_laravel/vendor/laravel/framework/src/Illuminate/Foundation/Http/Middleware/TransformsRequest.php(21): Illuminate/Pipeline/Pipeline->Illuminate/Pipeline/{closure}()
#31 D:/ANDROID/kabaddi-counter-viewModel/backend_laravel/vendor/laravel/framework/src/Illuminate/Foundation/Http/Middleware/ConvertEmptyStringsToNull.php(31): Illuminate/Foundation/Http/Middleware/TransformsRequest->handle()
#32 D:/ANDROID/kabaddi-counter-viewModel/backend_laravel/vendor/laravel/framework/src/Illuminate/Pipeline/Pipeline.php(219): Illuminate/Foundation/Http/Middleware/ConvertEmptyStringsToNull->handle()
#33 D:/ANDROID/kabaddi-counter-viewModel/backend_laravel/vendor/laravel/framework/src/Illuminate/Foundation/Http/Middleware/TransformsRequest.php(21): Illuminate/Pipeline/Pipeline->Illuminate/Pipeline/{closure}()
#34 D:/ANDROID/kabaddi-counter-viewModel/backend_laravel/vendor/laravel/framework/src/Illuminate/Foundation/Http/Middleware/TrimStrings.php(51): Illuminate/Foundation/Http/Middleware/TransformsRequest->handle()
#35 D:/ANDROID/kabaddi-counter-viewModel/backend_laravel/vendor/laravel/framework/src/Illuminate/Pipeline/Pipeline.php(219): Illuminate/Foundation/Http/Middleware/TrimStrings->handle()
#36 D:/ANDROID/kabaddi-counter-viewModel/backend_laravel/vendor/laravel/framework/src/Illuminate/Http/Middleware/ValidatePostSize.php(27): Illuminate/Pipeline/Pipeline->Illuminate/Pipeline/{closure}()
#37 D:/ANDROID/kabaddi-counter-viewModel/backend_laravel/vendor/laravel/framework/src/Illuminate/Pipeline/Pipeline.php(219): Illuminate/Http/Middleware/ValidatePostSize->handle()
#38 D:/ANDROID/kabaddi-counter-viewModel/backend_laravel/vendor/laravel/framework/src/Illuminate/Foundation/Http/Middleware/PreventRequestsDuringMaintenance.php(109): Illuminate/Pipeline/Pipeline->Illuminate/Pipeline/{closure}()
#39 D:/ANDROID/kabaddi-counter-viewModel/backend_laravel/vendor/laravel/framework/src/Illuminate/Pipeline/Pipeline.php(219): Illuminate/Foundation/Http/Middleware/PreventRequestsDuringMaintenance->handle()
#40 D:/ANDROID/kabaddi-counter-viewModel/backend_laravel/vendor/laravel/framework/src/Illuminate/Http/Middleware/HandleCors.php(74): Illuminate/Pipeline/Pipeline->Illuminate/Pipeline/{closure}()
#41 D:/ANDROID/kabaddi-counter-viewModel/backend_laravel/vendor/laravel/framework/src/Illuminate/Pipeline/Pipeline.php(219): Illuminate/Http/Middleware/HandleCors->handle()
#42 D:/ANDROID/kabaddi-counter-viewModel/backend_laravel/vendor/laravel/framework/src/Illuminate/Http/Middleware/TrustProxies.php(58): Illuminate/Pipeline/Pipeline->Illuminate/Pipeline/{closure}()
#43 D:/ANDROID/kabaddi-counter-viewModel/backend_laravel/vendor/laravel/framework/src/Illuminate/Pipeline/Pipeline.php(219): Illuminate/Http/Middleware/TrustProxies->handle()
#44 D:/ANDROID/kabaddi-counter-viewModel/backend_laravel/vendor/laravel/framework/src/Illuminate/Foundation/Http/Middleware/InvokeDeferredCallbacks.php(22): Illuminate/Pipeline/Pipeline->Illuminate/Pipeline/{closure}()
#45 D:/ANDROID/kabaddi-counter-viewModel/backend_laravel/vendor/laravel/framework/src/Illuminate/Pipeline/Pipeline.php(219): Illuminate/Foundation/Http/Middleware/InvokeDeferredCallbacks->handle()
#46 D:/ANDROID/kabaddi-counter-viewModel/backend_laravel/vendor/laravel/framework/src/Illuminate/Http/Middleware/ValidatePathEncoding.php(28): Illuminate/Pipeline/Pipeline->Illuminate/Pipeline/{closure}()
#47 D:/ANDROID/kabaddi-counter-viewModel/backend_laravel/vendor/laravel/framework/src/Illuminate/Pipeline/Pipeline.php(219): Illuminate/Http/Middleware/ValidatePathEncoding->handle()
#48 D:/ANDROID/kabaddi-counter-viewModel/backend_laravel/vendor/laravel/framework/src/Illuminate/Pipeline/Pipeline.php(137): Illuminate/Pipeline/Pipeline->Illuminate/Pipeline/{closure}()
#49 D:/ANDROID/kabaddi-counter-viewModel/backend_laravel/vendor/laravel/framework/src/Illuminate/Foundation/Http/Kernel.php(175): Illuminate/Pipeline/Pipeline->then()
#50 D:/ANDROID/kabaddi-counter-viewModel/backend_laravel/vendor/laravel/framework/src/Illuminate/Foundation/Http/Kernel.php(144): Illuminate/Foundation/Http/Kernel->sendRequestThroughRouter()
#51 D:/ANDROID/kabaddi-counter-viewModel/backend_laravel/vendor/laravel/framework/src/Illuminate/Foundation/Application.php(1220): Illuminate/Foundation/Http/Kernel->handle()
#52 D:/ANDROID/kabaddi-counter-viewModel/backend_laravel/public/index.php(20): Illuminate/Foundation/Application->handleRequest()
#53 D:/ANDROID/kabaddi-counter-viewModel/backend_laravel/vendor/laravel/framework/src/Illuminate/Foundation/resources/server.php(23): require_once('...')
#54 {main}
"} 
[2026-06-09 02:33:45] local.ERROR: SplFileObject::__construct(D:\ANDROID\kabaddi-counter-viewModel\backend_laravel\${APP_BASE_PATH}/android-kabbadi-rani-tantan-firebase-adminsdk-fbsvc-815c4e9e70.json): Failed to open stream: No such file or directory {"exception":"[object] (Kreait\\Firebase\\Exception\\InvalidArgumentException(code: 0): SplFileObject::__construct(D:\\ANDROID\\kabaddi-counter-viewModel\\backend_laravel\\${APP_BASE_PATH}/android-kabbadi-rani-tantan-firebase-adminsdk-fbsvc-815c4e9e70.json): Failed to open stream: No such file or directory at D:/ANDROID/kabaddi-counter-viewModel/backend_laravel/vendor/kreait/firebase-php/src/Valinor/Source.php:57)
[stacktrace]
#0 D:/ANDROID/kabaddi-counter-viewModel/backend_laravel/vendor/kreait/firebase-php/src/Valinor/Source.php(40): Kreait/Firebase/Valinor/Source::file()
#1 D:/ANDROID/kabaddi-counter-viewModel/backend_laravel/vendor/kreait/firebase-php/src/Factory.php(663): Kreait/Firebase/Valinor/Source::parse()
#2 D:/ANDROID/kabaddi-counter-viewModel/backend_laravel/vendor/kreait/firebase-php/src/Factory.php(146): Kreait/Firebase/Factory->mapServiceAccount()
#3 D:/ANDROID/kabaddi-counter-viewModel/backend_laravel/vendor/kreait/laravel-firebase/src/FirebaseProjectManager.php(75): Kreait/Firebase/Factory->withServiceAccount()
#4 D:/ANDROID/kabaddi-counter-viewModel/backend_laravel/vendor/kreait/laravel-firebase/src/FirebaseProjectManager.php(35): Kreait/Laravel/Firebase/FirebaseProjectManager->configure()
#5 D:/ANDROID/kabaddi-counter-viewModel/backend_laravel/vendor/kreait/laravel-firebase/src/ServiceProvider.php(47): Kreait/Laravel/Firebase/FirebaseProjectManager->project()
#6 D:/ANDROID/kabaddi-counter-viewModel/backend_laravel/vendor/laravel/framework/src/Illuminate/Container/Container.php(1118): Kreait/Laravel/Firebase/ServiceProvider::Kreait/Laravel/Firebase/{closure}()
#7 D:/ANDROID/kabaddi-counter-viewModel/backend_laravel/vendor/laravel/framework/src/Illuminate/Container/Container.php(936): Illuminate/Container/Container->build()
#8 D:/ANDROID/kabaddi-counter-viewModel/backend_laravel/vendor/laravel/framework/src/Illuminate/Foundation/Application.php(1078): Illuminate/Container/Container->resolve()
#9 D:/ANDROID/kabaddi-counter-viewModel/backend_laravel/vendor/laravel/framework/src/Illuminate/Container/Container.php(864): Illuminate/Foundation/Application->resolve()
#10 D:/ANDROID/kabaddi-counter-viewModel/backend_laravel/vendor/laravel/framework/src/Illuminate/Foundation/Application.php(1058): Illuminate/Container/Container->make()
#11 D:/ANDROID/kabaddi-counter-viewModel/backend_laravel/vendor/laravel/framework/src/Illuminate/Routing/ResolvesRouteDependencies.php(92): Illuminate/Foundation/Application->make()
#12 D:/ANDROID/kabaddi-counter-viewModel/backend_laravel/vendor/laravel/framework/src/Illuminate/Routing/ResolvesRouteDependencies.php(51): Illuminate/Routing/ControllerDispatcher->transformDependency()
#13 D:/ANDROID/kabaddi-counter-viewModel/backend_laravel/vendor/laravel/framework/src/Illuminate/Routing/ResolvesRouteDependencies.php(30): Illuminate/Routing/ControllerDispatcher->resolveMethodDependencies()
#14 D:/ANDROID/kabaddi-counter-viewModel/backend_laravel/vendor/laravel/framework/src/Illuminate/Routing/ControllerDispatcher.php(59): Illuminate/Routing/ControllerDispatcher->resolveClassMethodDependencies()
#15 D:/ANDROID/kabaddi-counter-viewModel/backend_laravel/vendor/laravel/framework/src/Illuminate/Routing/ControllerDispatcher.php(40): Illuminate/Routing/ControllerDispatcher->resolveParameters()
#16 D:/ANDROID/kabaddi-counter-viewModel/backend_laravel/vendor/laravel/framework/src/Illuminate/Routing/Route.php(269): Illuminate/Routing/ControllerDispatcher->dispatch()
#17 D:/ANDROID/kabaddi-counter-viewModel/backend_laravel/vendor/laravel/framework/src/Illuminate/Routing/Route.php(215): Illuminate/Routing/Route->runController()
#18 D:/ANDROID/kabaddi-counter-viewModel/backend_laravel/vendor/laravel/framework/src/Illuminate/Routing/Router.php(822): Illuminate/Routing/Route->run()
#19 D:/ANDROID/kabaddi-counter-viewModel/backend_laravel/vendor/laravel/framework/src/Illuminate/Pipeline/Pipeline.php(180): Illuminate/Routing/Router->Illuminate/Routing/{closure}()
#20 D:/ANDROID/kabaddi-counter-viewModel/backend_laravel/vendor/laravel/framework/src/Illuminate/Routing/Middleware/SubstituteBindings.php(52): Illuminate/Pipeline/Pipeline->Illuminate/Pipeline/{closure}()
#21 D:/ANDROID/kabaddi-counter-viewModel/backend_laravel/vendor/laravel/framework/src/Illuminate/Pipeline/Pipeline.php(219): Illuminate/Routing/Middleware/SubstituteBindings->handle()
#22 D:/ANDROID/kabaddi-counter-viewModel/backend_laravel/vendor/laravel/framework/src/Illuminate/Pipeline/Pipeline.php(137): Illuminate/Pipeline/Pipeline->Illuminate/Pipeline/{closure}()
#23 D:/ANDROID/kabaddi-counter-viewModel/backend_laravel/vendor/laravel/framework/src/Illuminate/Routing/Router.php(821): Illuminate/Pipeline/Pipeline->then()
#24 D:/ANDROID/kabaddi-counter-viewModel/backend_laravel/vendor/laravel/framework/src/Illuminate/Routing/Router.php(800): Illuminate/Routing/Router->runRouteWithinStack()
#25 D:/ANDROID/kabaddi-counter-viewModel/backend_laravel/vendor/laravel/framework/src/Illuminate/Routing/Router.php(764): Illuminate/Routing/Router->runRoute()
#26 D:/ANDROID/kabaddi-counter-viewModel/backend_laravel/vendor/laravel/framework/src/Illuminate/Routing/Router.php(753): Illuminate/Routing/Router->dispatchToRoute()
#27 D:/ANDROID/kabaddi-counter-viewModel/backend_laravel/vendor/laravel/framework/src/Illuminate/Foundation/Http/Kernel.php(200): Illuminate/Routing/Router->dispatch()
#28 D:/ANDROID/kabaddi-counter-viewModel/backend_laravel/vendor/laravel/framework/src/Illuminate/Pipeline/Pipeline.php(180): Illuminate/Foundation/Http/Kernel->Illuminate/Foundation/Http/{closure}()
#29 D:/ANDROID/kabaddi-counter-viewModel/backend_laravel/vendor/laravel/framework/src/Illuminate/Foundation/Http/Middleware/TransformsRequest.php(21): Illuminate/Pipeline/Pipeline->Illuminate/Pipeline/{closure}()
#30 D:/ANDROID/kabaddi-counter-viewModel/backend_laravel/vendor/laravel/framework/src/Illuminate/Foundation/Http/Middleware/ConvertEmptyStringsToNull.php(31): Illuminate/Foundation/Http/Middleware/TransformsRequest->handle()
#31 D:/ANDROID/kabaddi-counter-viewModel/backend_laravel/vendor/laravel/framework/src/Illuminate/Pipeline/Pipeline.php(219): Illuminate/Foundation/Http/Middleware/ConvertEmptyStringsToNull->handle()
#32 D:/ANDROID/kabaddi-counter-viewModel/backend_laravel/vendor/laravel/framework/src/Illuminate/Foundation/Http/Middleware/TransformsRequest.php(21): Illuminate/Pipeline/Pipeline->Illuminate/Pipeline/{closure}()
#33 D:/ANDROID/kabaddi-counter-viewModel/backend_laravel/vendor/laravel/framework/src/Illuminate/Foundation/Http/Middleware/TrimStrings.php(51): Illuminate/Foundation/Http/Middleware/TransformsRequest->handle()
#34 D:/ANDROID/kabaddi-counter-viewModel/backend_laravel/vendor/laravel/framework/src/Illuminate/Pipeline/Pipeline.php(219): Illuminate/Foundation/Http/Middleware/TrimStrings->handle()
#35 D:/ANDROID/kabaddi-counter-viewModel/backend_laravel/vendor/laravel/framework/src/Illuminate/Http/Middleware/ValidatePostSize.php(27): Illuminate/Pipeline/Pipeline->Illuminate/Pipeline/{closure}()
#36 D:/ANDROID/kabaddi-counter-viewModel/backend_laravel/vendor/laravel/framework/src/Illuminate/Pipeline/Pipeline.php(219): Illuminate/Http/Middleware/ValidatePostSize->handle()
#37 D:/ANDROID/kabaddi-counter-viewModel/backend_laravel/vendor/laravel/framework/src/Illuminate/Foundation/Http/Middleware/PreventRequestsDuringMaintenance.php(109): Illuminate/Pipeline/Pipeline->Illuminate/Pipeline/{closure}()
#38 D:/ANDROID/kabaddi-counter-viewModel/backend_laravel/vendor/laravel/framework/src/Illuminate/Pipeline/Pipeline.php(219): Illuminate/Foundation/Http/Middleware/PreventRequestsDuringMaintenance->handle()
#39 D:/ANDROID/kabaddi-counter-viewModel/backend_laravel/vendor/laravel/framework/src/Illuminate/Http/Middleware/HandleCors.php(74): Illuminate/Pipeline/Pipeline->Illuminate/Pipeline/{closure}()
#40 D:/ANDROID/kabaddi-counter-viewModel/backend_laravel/vendor/laravel/framework/src/Illuminate/Pipeline/Pipeline.php(219): Illuminate/Http/Middleware/HandleCors->handle()
#41 D:/ANDROID/kabaddi-counter-viewModel/backend_laravel/vendor/laravel/framework/src/Illuminate/Http/Middleware/TrustProxies.php(58): Illuminate/Pipeline/Pipeline->Illuminate/Pipeline/{closure}()
#42 D:/ANDROID/kabaddi-counter-viewModel/backend_laravel/vendor/laravel/framework/src/Illuminate/Pipeline/Pipeline.php(219): Illuminate/Http/Middleware/TrustProxies->handle()
#43 D:/ANDROID/kabaddi-counter-viewModel/backend_laravel/vendor/laravel/framework/src/Illuminate/Foundation/Http/Middleware/InvokeDeferredCallbacks.php(22): Illuminate/Pipeline/Pipeline->Illuminate/Pipeline/{closure}()
#44 D:/ANDROID/kabaddi-counter-viewModel/backend_laravel/vendor/laravel/framework/src/Illuminate/Pipeline/Pipeline.php(219): Illuminate/Foundation/Http/Middleware/InvokeDeferredCallbacks->handle()
#45 D:/ANDROID/kabaddi-counter-viewModel/backend_laravel/vendor/laravel/framework/src/Illuminate/Http/Middleware/ValidatePathEncoding.php(28): Illuminate/Pipeline/Pipeline->Illuminate/Pipeline/{closure}()
#46 D:/ANDROID/kabaddi-counter-viewModel/backend_laravel/vendor/laravel/framework/src/Illuminate/Pipeline/Pipeline.php(219): Illuminate/Http/Middleware/ValidatePathEncoding->handle()
#47 D:/ANDROID/kabaddi-counter-viewModel/backend_laravel/vendor/laravel/framework/src/Illuminate/Pipeline/Pipeline.php(137): Illuminate/Pipeline/Pipeline->Illuminate/Pipeline/{closure}()
#48 D:/ANDROID/kabaddi-counter-viewModel/backend_laravel/vendor/laravel/framework/src/Illuminate/Foundation/Http/Kernel.php(175): Illuminate/Pipeline/Pipeline->then()
#49 D:/ANDROID/kabaddi-counter-viewModel/backend_laravel/vendor/laravel/framework/src/Illuminate/Foundation/Http/Kernel.php(144): Illuminate/Foundation/Http/Kernel->sendRequestThroughRouter()
#50 D:/ANDROID/kabaddi-counter-viewModel/backend_laravel/vendor/laravel/framework/src/Illuminate/Foundation/Application.php(1220): Illuminate/Foundation/Http/Kernel->handle()
#51 D:/ANDROID/kabaddi-counter-viewModel/backend_laravel/public/index.php(20): Illuminate/Foundation/Application->handleRequest()
#52 D:/ANDROID/kabaddi-counter-viewModel/backend_laravel/vendor/laravel/framework/src/Illuminate/Foundation/resources/server.php(23): require_once('...')
#53 {main}

[previous exception] [object] (RuntimeException(code: 0): SplFileObject::__construct(D:\\ANDROID\\kabaddi-counter-viewModel\\backend_laravel\\${APP_BASE_PATH}/android-kabbadi-rani-tantan-firebase-adminsdk-fbsvc-815c4e9e70.json): Failed to open stream: No such file or directory at D:/ANDROID/kabaddi-counter-viewModel/backend_laravel/vendor/kreait/firebase-php/src/Valinor/Source.php:55)
[stacktrace]
#0 D:/ANDROID/kabaddi-counter-viewModel/backend_laravel/vendor/kreait/firebase-php/src/Valinor/Source.php(55): SplFileObject->__construct()
#1 D:/ANDROID/kabaddi-counter-viewModel/backend_laravel/vendor/kreait/firebase-php/src/Valinor/Source.php(40): Kreait/Firebase/Valinor/Source::file()
#2 D:/ANDROID/kabaddi-counter-viewModel/backend_laravel/vendor/kreait/firebase-php/src/Factory.php(663): Kreait/Firebase/Valinor/Source::parse()
#3 D:/ANDROID/kabaddi-counter-viewModel/backend_laravel/vendor/kreait/firebase-php/src/Factory.php(146): Kreait/Firebase/Factory->mapServiceAccount()
#4 D:/ANDROID/kabaddi-counter-viewModel/backend_laravel/vendor/kreait/laravel-firebase/src/FirebaseProjectManager.php(75): Kreait/Firebase/Factory->withServiceAccount()
#5 D:/ANDROID/kabaddi-counter-viewModel/backend_laravel/vendor/kreait/laravel-firebase/src/FirebaseProjectManager.php(35): Kreait/Laravel/Firebase/FirebaseProjectManager->configure()
#6 D:/ANDROID/kabaddi-counter-viewModel/backend_laravel/vendor/kreait/laravel-firebase/src/ServiceProvider.php(47): Kreait/Laravel/Firebase/FirebaseProjectManager->project()
#7 D:/ANDROID/kabaddi-counter-viewModel/backend_laravel/vendor/laravel/framework/src/Illuminate/Container/Container.php(1118): Kreait/Laravel/Firebase/ServiceProvider::Kreait/Laravel/Firebase/{closure}()
#8 D:/ANDROID/kabaddi-counter-viewModel/backend_laravel/vendor/laravel/framework/src/Illuminate/Container/Container.php(936): Illuminate/Container/Container->build()
#9 D:/ANDROID/kabaddi-counter-viewModel/backend_laravel/vendor/laravel/framework/src/Illuminate/Foundation/Application.php(1078): Illuminate/Container/Container->resolve()
#10 D:/ANDROID/kabaddi-counter-viewModel/backend_laravel/vendor/laravel/framework/src/Illuminate/Container/Container.php(864): Illuminate/Foundation/Application->resolve()
#11 D:/ANDROID/kabaddi-counter-viewModel/backend_laravel/vendor/laravel/framework/src/Illuminate/Foundation/Application.php(1058): Illuminate/Container/Container->make()
#12 D:/ANDROID/kabaddi-counter-viewModel/backend_laravel/vendor/laravel/framework/src/Illuminate/Routing/ResolvesRouteDependencies.php(92): Illuminate/Foundation/Application->make()
#13 D:/ANDROID/kabaddi-counter-viewModel/backend_laravel/vendor/laravel/framework/src/Illuminate/Routing/ResolvesRouteDependencies.php(51): Illuminate/Routing/ControllerDispatcher->transformDependency()
#14 D:/ANDROID/kabaddi-counter-viewModel/backend_laravel/vendor/laravel/framework/src/Illuminate/Routing/ResolvesRouteDependencies.php(30): Illuminate/Routing/ControllerDispatcher->resolveMethodDependencies()
#15 D:/ANDROID/kabaddi-counter-viewModel/backend_laravel/vendor/laravel/framework/src/Illuminate/Routing/ControllerDispatcher.php(59): Illuminate/Routing/ControllerDispatcher->resolveClassMethodDependencies()
#16 D:/ANDROID/kabaddi-counter-viewModel/backend_laravel/vendor/laravel/framework/src/Illuminate/Routing/ControllerDispatcher.php(40): Illuminate/Routing/ControllerDispatcher->resolveParameters()
#17 D:/ANDROID/kabaddi-counter-viewModel/backend_laravel/vendor/laravel/framework/src/Illuminate/Routing/Route.php(269): Illuminate/Routing/ControllerDispatcher->dispatch()
#18 D:/ANDROID/kabaddi-counter-viewModel/backend_laravel/vendor/laravel/framework/src/Illuminate/Routing/Route.php(215): Illuminate/Routing/Route->runController()
#19 D:/ANDROID/kabaddi-counter-viewModel/backend_laravel/vendor/laravel/framework/src/Illuminate/Routing/Router.php(822): Illuminate/Routing/Route->run()
#20 D:/ANDROID/kabaddi-counter-viewModel/backend_laravel/vendor/laravel/framework/src/Illuminate/Pipeline/Pipeline.php(180): Illuminate/Routing/Router->Illuminate/Routing/{closure}()
#21 D:/ANDROID/kabaddi-counter-viewModel/backend_laravel/vendor/laravel/framework/src/Illuminate/Routing/Middleware/SubstituteBindings.php(52): Illuminate/Pipeline/Pipeline->Illuminate/Pipeline/{closure}()
#22 D:/ANDROID/kabaddi-counter-viewModel/backend_laravel/vendor/laravel/framework/src/Illuminate/Pipeline/Pipeline.php(219): Illuminate/Routing/Middleware/SubstituteBindings->handle()
#23 D:/ANDROID/kabaddi-counter-viewModel/backend_laravel/vendor/laravel/framework/src/Illuminate/Pipeline/Pipeline.php(137): Illuminate/Pipeline/Pipeline->Illuminate/Pipeline/{closure}()
#24 D:/ANDROID/kabaddi-counter-viewModel/backend_laravel/vendor/laravel/framework/src/Illuminate/Routing/Router.php(821): Illuminate/Pipeline/Pipeline->then()
#25 D:/ANDROID/kabaddi-counter-viewModel/backend_laravel/vendor/laravel/framework/src/Illuminate/Routing/Router.php(800): Illuminate/Routing/Router->runRouteWithinStack()
#26 D:/ANDROID/kabaddi-counter-viewModel/backend_laravel/vendor/laravel/framework/src/Illuminate/Routing/Router.php(764): Illuminate/Routing/Router->runRoute()
#27 D:/ANDROID/kabaddi-counter-viewModel/backend_laravel/vendor/laravel/framework/src/Illuminate/Routing/Router.php(753): Illuminate/Routing/Router->dispatchToRoute()
#28 D:/ANDROID/kabaddi-counter-viewModel/backend_laravel/vendor/laravel/framework/src/Illuminate/Foundation/Http/Kernel.php(200): Illuminate/Routing/Router->dispatch()
#29 D:/ANDROID/kabaddi-counter-viewModel/backend_laravel/vendor/laravel/framework/src/Illuminate/Pipeline/Pipeline.php(180): Illuminate/Foundation/Http/Kernel->Illuminate/Foundation/Http/{closure}()
#30 D:/ANDROID/kabaddi-counter-viewModel/backend_laravel/vendor/laravel/framework/src/Illuminate/Foundation/Http/Middleware/TransformsRequest.php(21): Illuminate/Pipeline/Pipeline->Illuminate/Pipeline/{closure}()
#31 D:/ANDROID/kabaddi-counter-viewModel/backend_laravel/vendor/laravel/framework/src/Illuminate/Foundation/Http/Middleware/ConvertEmptyStringsToNull.php(31): Illuminate/Foundation/Http/Middleware/TransformsRequest->handle()
#32 D:/ANDROID/kabaddi-counter-viewModel/backend_laravel/vendor/laravel/framework/src/Illuminate/Pipeline/Pipeline.php(219): Illuminate/Foundation/Http/Middleware/ConvertEmptyStringsToNull->handle()
#33 D:/ANDROID/kabaddi-counter-viewModel/backend_laravel/vendor/laravel/framework/src/Illuminate/Foundation/Http/Middleware/TransformsRequest.php(21): Illuminate/Pipeline/Pipeline->Illuminate/Pipeline/{closure}()
#34 D:/ANDROID/kabaddi-counter-viewModel/backend_laravel/vendor/laravel/framework/src/Illuminate/Foundation/Http/Middleware/TrimStrings.php(51): Illuminate/Foundation/Http/Middleware/TransformsRequest->handle()
#35 D:/ANDROID/kabaddi-counter-viewModel/backend_laravel/vendor/laravel/framework/src/Illuminate/Pipeline/Pipeline.php(219): Illuminate/Foundation/Http/Middleware/TrimStrings->handle()
#36 D:/ANDROID/kabaddi-counter-viewModel/backend_laravel/vendor/laravel/framework/src/Illuminate/Http/Middleware/ValidatePostSize.php(27): Illuminate/Pipeline/Pipeline->Illuminate/Pipeline/{closure}()
#37 D:/ANDROID/kabaddi-counter-viewModel/backend_laravel/vendor/laravel/framework/src/Illuminate/Pipeline/Pipeline.php(219): Illuminate/Http/Middleware/ValidatePostSize->handle()
#38 D:/ANDROID/kabaddi-counter-viewModel/backend_laravel/vendor/laravel/framework/src/Illuminate/Foundation/Http/Middleware/PreventRequestsDuringMaintenance.php(109): Illuminate/Pipeline/Pipeline->Illuminate/Pipeline/{closure}()
#39 D:/ANDROID/kabaddi-counter-viewModel/backend_laravel/vendor/laravel/framework/src/Illuminate/Pipeline/Pipeline.php(219): Illuminate/Foundation/Http/Middleware/PreventRequestsDuringMaintenance->handle()
#40 D:/ANDROID/kabaddi-counter-viewModel/backend_laravel/vendor/laravel/framework/src/Illuminate/Http/Middleware/HandleCors.php(74): Illuminate/Pipeline/Pipeline->Illuminate/Pipeline/{closure}()
#41 D:/ANDROID/kabaddi-counter-viewModel/backend_laravel/vendor/laravel/framework/src/Illuminate/Pipeline/Pipeline.php(219): Illuminate/Http/Middleware/HandleCors->handle()
#42 D:/ANDROID/kabaddi-counter-viewModel/backend_laravel/vendor/laravel/framework/src/Illuminate/Http/Middleware/TrustProxies.php(58): Illuminate/Pipeline/Pipeline->Illuminate/Pipeline/{closure}()
#43 D:/ANDROID/kabaddi-counter-viewModel/backend_laravel/vendor/laravel/framework/src/Illuminate/Pipeline/Pipeline.php(219): Illuminate/Http/Middleware/TrustProxies->handle()
#44 D:/ANDROID/kabaddi-counter-viewModel/backend_laravel/vendor/laravel/framework/src/Illuminate/Foundation/Http/Middleware/InvokeDeferredCallbacks.php(22): Illuminate/Pipeline/Pipeline->Illuminate/Pipeline/{closure}()
#45 D:/ANDROID/kabaddi-counter-viewModel/backend_laravel/vendor/laravel/framework/src/Illuminate/Pipeline/Pipeline.php(219): Illuminate/Foundation/Http/Middleware/InvokeDeferredCallbacks->handle()
#46 D:/ANDROID/kabaddi-counter-viewModel/backend_laravel/vendor/laravel/framework/src/Illuminate/Http/Middleware/ValidatePathEncoding.php(28): Illuminate/Pipeline/Pipeline->Illuminate/Pipeline/{closure}()
#47 D:/ANDROID/kabaddi-counter-viewModel/backend_laravel/vendor/laravel/framework/src/Illuminate/Pipeline/Pipeline.php(219): Illuminate/Http/Middleware/ValidatePathEncoding->handle()
#48 D:/ANDROID/kabaddi-counter-viewModel/backend_laravel/vendor/laravel/framework/src/Illuminate/Pipeline/Pipeline.php(137): Illuminate/Pipeline/Pipeline->Illuminate/Pipeline/{closure}()
#49 D:/ANDROID/kabaddi-counter-viewModel/backend_laravel/vendor/laravel/framework/src/Illuminate/Foundation/Http/Kernel.php(175): Illuminate/Pipeline/Pipeline->then()
#50 D:/ANDROID/kabaddi-counter-viewModel/backend_laravel/vendor/laravel/framework/src/Illuminate/Foundation/Http/Kernel.php(144): Illuminate/Foundation/Http/Kernel->sendRequestThroughRouter()
#51 D:/ANDROID/kabaddi-counter-viewModel/backend_laravel/vendor/laravel/framework/src/Illuminate/Foundation/Application.php(1220): Illuminate/Foundation/Http/Kernel->handle()
#52 D:/ANDROID/kabaddi-counter-viewModel/backend_laravel/public/index.php(20): Illuminate/Foundation/Application->handleRequest()
#53 D:/ANDROID/kabaddi-counter-viewModel/backend_laravel/vendor/laravel/framework/src/Illuminate/Foundation/resources/server.php(23): require_once('...')
#54 {main}
"} 
[2026-06-09 04:17:06] local.ERROR: SplFileObject::__construct(D:\ANDROID\kabaddi-counter-viewModel\backend_laravel\${APP_BASE_PATH}/android-kabbadi-rani-tantan-firebase-adminsdk-fbsvc-815c4e9e70.json): Failed to open stream: No such file or directory {"exception":"[object] (Kreait\\Firebase\\Exception\\InvalidArgumentException(code: 0): SplFileObject::__construct(D:\\ANDROID\\kabaddi-counter-viewModel\\backend_laravel\\${APP_BASE_PATH}/android-kabbadi-rani-tantan-firebase-adminsdk-fbsvc-815c4e9e70.json): Failed to open stream: No such file or directory at D:/ANDROID/kabaddi-counter-viewModel/backend_laravel/vendor/kreait/firebase-php/src/Valinor/Source.php:57)
[stacktrace]
#0 D:/ANDROID/kabaddi-counter-viewModel/backend_laravel/vendor/kreait/firebase-php/src/Valinor/Source.php(40): Kreait/Firebase/Valinor/Source::file()
#1 D:/ANDROID/kabaddi-counter-viewModel/backend_laravel/vendor/kreait/firebase-php/src/Factory.php(663): Kreait/Firebase/Valinor/Source::parse()
#2 D:/ANDROID/kabaddi-counter-viewModel/backend_laravel/vendor/kreait/firebase-php/src/Factory.php(146): Kreait/Firebase/Factory->mapServiceAccount()
#3 D:/ANDROID/kabaddi-counter-viewModel/backend_laravel/vendor/kreait/laravel-firebase/src/FirebaseProjectManager.php(75): Kreait/Firebase/Factory->withServiceAccount()
#4 D:/ANDROID/kabaddi-counter-viewModel/backend_laravel/vendor/kreait/laravel-firebase/src/FirebaseProjectManager.php(35): Kreait/Laravel/Firebase/FirebaseProjectManager->configure()
#5 D:/ANDROID/kabaddi-counter-viewModel/backend_laravel/vendor/kreait/laravel-firebase/src/ServiceProvider.php(47): Kreait/Laravel/Firebase/FirebaseProjectManager->project()
#6 D:/ANDROID/kabaddi-counter-viewModel/backend_laravel/vendor/laravel/framework/src/Illuminate/Container/Container.php(1118): Kreait/Laravel/Firebase/ServiceProvider::Kreait/Laravel/Firebase/{closure}()
#7 D:/ANDROID/kabaddi-counter-viewModel/backend_laravel/vendor/laravel/framework/src/Illuminate/Container/Container.php(936): Illuminate/Container/Container->build()
#8 D:/ANDROID/kabaddi-counter-viewModel/backend_laravel/vendor/laravel/framework/src/Illuminate/Foundation/Application.php(1078): Illuminate/Container/Container->resolve()
#9 D:/ANDROID/kabaddi-counter-viewModel/backend_laravel/vendor/laravel/framework/src/Illuminate/Container/Container.php(864): Illuminate/Foundation/Application->resolve()
#10 D:/ANDROID/kabaddi-counter-viewModel/backend_laravel/vendor/laravel/framework/src/Illuminate/Foundation/Application.php(1058): Illuminate/Container/Container->make()
#11 D:/ANDROID/kabaddi-counter-viewModel/backend_laravel/vendor/laravel/framework/src/Illuminate/Routing/ResolvesRouteDependencies.php(92): Illuminate/Foundation/Application->make()
#12 D:/ANDROID/kabaddi-counter-viewModel/backend_laravel/vendor/laravel/framework/src/Illuminate/Routing/ResolvesRouteDependencies.php(51): Illuminate/Routing/ControllerDispatcher->transformDependency()
#13 D:/ANDROID/kabaddi-counter-viewModel/backend_laravel/vendor/laravel/framework/src/Illuminate/Routing/ResolvesRouteDependencies.php(30): Illuminate/Routing/ControllerDispatcher->resolveMethodDependencies()
#14 D:/ANDROID/kabaddi-counter-viewModel/backend_laravel/vendor/laravel/framework/src/Illuminate/Routing/ControllerDispatcher.php(59): Illuminate/Routing/ControllerDispatcher->resolveClassMethodDependencies()
#15 D:/ANDROID/kabaddi-counter-viewModel/backend_laravel/vendor/laravel/framework/src/Illuminate/Routing/ControllerDispatcher.php(40): Illuminate/Routing/ControllerDispatcher->resolveParameters()
#16 D:/ANDROID/kabaddi-counter-viewModel/backend_laravel/vendor/laravel/framework/src/Illuminate/Routing/Route.php(269): Illuminate/Routing/ControllerDispatcher->dispatch()
#17 D:/ANDROID/kabaddi-counter-viewModel/backend_laravel/vendor/laravel/framework/src/Illuminate/Routing/Route.php(215): Illuminate/Routing/Route->runController()
#18 D:/ANDROID/kabaddi-counter-viewModel/backend_laravel/vendor/laravel/framework/src/Illuminate/Routing/Router.php(822): Illuminate/Routing/Route->run()
#19 D:/ANDROID/kabaddi-counter-viewModel/backend_laravel/vendor/laravel/framework/src/Illuminate/Pipeline/Pipeline.php(180): Illuminate/Routing/Router->Illuminate/Routing/{closure}()
#20 D:/ANDROID/kabaddi-counter-viewModel/backend_laravel/vendor/laravel/framework/src/Illuminate/Routing/Middleware/SubstituteBindings.php(52): Illuminate/Pipeline/Pipeline->Illuminate/Pipeline/{closure}()
#21 D:/ANDROID/kabaddi-counter-viewModel/backend_laravel/vendor/laravel/framework/src/Illuminate/Pipeline/Pipeline.php(219): Illuminate/Routing/Middleware/SubstituteBindings->handle()
#22 D:/ANDROID/kabaddi-counter-viewModel/backend_laravel/vendor/laravel/framework/src/Illuminate/Pipeline/Pipeline.php(137): Illuminate/Pipeline/Pipeline->Illuminate/Pipeline/{closure}()
#23 D:/ANDROID/kabaddi-counter-viewModel/backend_laravel/vendor/laravel/framework/src/Illuminate/Routing/Router.php(821): Illuminate/Pipeline/Pipeline->then()
#24 D:/ANDROID/kabaddi-counter-viewModel/backend_laravel/vendor/laravel/framework/src/Illuminate/Routing/Router.php(800): Illuminate/Routing/Router->runRouteWithinStack()
#25 D:/ANDROID/kabaddi-counter-viewModel/backend_laravel/vendor/laravel/framework/src/Illuminate/Routing/Router.php(764): Illuminate/Routing/Router->runRoute()
#26 D:/ANDROID/kabaddi-counter-viewModel/backend_laravel/vendor/laravel/framework/src/Illuminate/Routing/Router.php(753): Illuminate/Routing/Router->dispatchToRoute()
#27 D:/ANDROID/kabaddi-counter-viewModel/backend_laravel/vendor/laravel/framework/src/Illuminate/Foundation/Http/Kernel.php(200): Illuminate/Routing/Router->dispatch()
#28 D:/ANDROID/kabaddi-counter-viewModel/backend_laravel/vendor/laravel/framework/src/Illuminate/Pipeline/Pipeline.php(180): Illuminate/Foundation/Http/Kernel->Illuminate/Foundation/Http/{closure}()
#29 D:/ANDROID/kabaddi-counter-viewModel/backend_laravel/vendor/laravel/framework/src/Illuminate/Foundation/Http/Middleware/TransformsRequest.php(21): Illuminate/Pipeline/Pipeline->Illuminate/Pipeline/{closure}()
#30 D:/ANDROID/kabaddi-counter-viewModel/backend_laravel/vendor/laravel/framework/src/Illuminate/Foundation/Http/Middleware/ConvertEmptyStringsToNull.php(31): Illuminate/Foundation/Http/Middleware/TransformsRequest->handle()
#31 D:/ANDROID/kabaddi-counter-viewModel/backend_laravel/vendor/laravel/framework/src/Illuminate/Pipeline/Pipeline.php(219): Illuminate/Foundation/Http/Middleware/ConvertEmptyStringsToNull->handle()
#32 D:/ANDROID/kabaddi-counter-viewModel/backend_laravel/vendor/laravel/framework/src/Illuminate/Foundation/Http/Middleware/TransformsRequest.php(21): Illuminate/Pipeline/Pipeline->Illuminate/Pipeline/{closure}()
#33 D:/ANDROID/kabaddi-counter-viewModel/backend_laravel/vendor/laravel/framework/src/Illuminate/Foundation/Http/Middleware/TrimStrings.php(51): Illuminate/Foundation/Http/Middleware/TransformsRequest->handle()
#34 D:/ANDROID/kabaddi-counter-viewModel/backend_laravel/vendor/laravel/framework/src/Illuminate/Pipeline/Pipeline.php(219): Illuminate/Foundation/Http/Middleware/TrimStrings->handle()
#35 D:/ANDROID/kabaddi-counter-viewModel/backend_laravel/vendor/laravel/framework/src/Illuminate/Http/Middleware/ValidatePostSize.php(27): Illuminate/Pipeline/Pipeline->Illuminate/Pipeline/{closure}()
#36 D:/ANDROID/kabaddi-counter-viewModel/backend_laravel/vendor/laravel/framework/src/Illuminate/Pipeline/Pipeline.php(219): Illuminate/Http/Middleware/ValidatePostSize->handle()
#37 D:/ANDROID/kabaddi-counter-viewModel/backend_laravel/vendor/laravel/framework/src/Illuminate/Foundation/Http/Middleware/PreventRequestsDuringMaintenance.php(109): Illuminate/Pipeline/Pipeline->Illuminate/Pipeline/{closure}()
#38 D:/ANDROID/kabaddi-counter-viewModel/backend_laravel/vendor/laravel/framework/src/Illuminate/Pipeline/Pipeline.php(219): Illuminate/Foundation/Http/Middleware/PreventRequestsDuringMaintenance->handle()
#39 D:/ANDROID/kabaddi-counter-viewModel/backend_laravel/vendor/laravel/framework/src/Illuminate/Http/Middleware/HandleCors.php(74): Illuminate/Pipeline/Pipeline->Illuminate/Pipeline/{closure}()
#40 D:/ANDROID/kabaddi-counter-viewModel/backend_laravel/vendor/laravel/framework/src/Illuminate/Pipeline/Pipeline.php(219): Illuminate/Http/Middleware/HandleCors->handle()
#41 D:/ANDROID/kabaddi-counter-viewModel/backend_laravel/vendor/laravel/framework/src/Illuminate/Http/Middleware/TrustProxies.php(58): Illuminate/Pipeline/Pipeline->Illuminate/Pipeline/{closure}()
#42 D:/ANDROID/kabaddi-counter-viewModel/backend_laravel/vendor/laravel/framework/src/Illuminate/Pipeline/Pipeline.php(219): Illuminate/Http/Middleware/TrustProxies->handle()
#43 D:/ANDROID/kabaddi-counter-viewModel/backend_laravel/vendor/laravel/framework/src/Illuminate/Foundation/Http/Middleware/InvokeDeferredCallbacks.php(22): Illuminate/Pipeline/Pipeline->Illuminate/Pipeline/{closure}()
#44 D:/ANDROID/kabaddi-counter-viewModel/backend_laravel/vendor/laravel/framework/src/Illuminate/Pipeline/Pipeline.php(219): Illuminate/Foundation/Http/Middleware/InvokeDeferredCallbacks->handle()
#45 D:/ANDROID/kabaddi-counter-viewModel/backend_laravel/vendor/laravel/framework/src/Illuminate/Http/Middleware/ValidatePathEncoding.php(28): Illuminate/Pipeline/Pipeline->Illuminate/Pipeline/{closure}()
#46 D:/ANDROID/kabaddi-counter-viewModel/backend_laravel/vendor/laravel/framework/src/Illuminate/Pipeline/Pipeline.php(219): Illuminate/Http/Middleware/ValidatePathEncoding->handle()
#47 D:/ANDROID/kabaddi-counter-viewModel/backend_laravel/vendor/laravel/framework/src/Illuminate/Pipeline/Pipeline.php(137): Illuminate/Pipeline/Pipeline->Illuminate/Pipeline/{closure}()
#48 D:/ANDROID/kabaddi-counter-viewModel/backend_laravel/vendor/laravel/framework/src/Illuminate/Foundation/Http/Kernel.php(175): Illuminate/Pipeline/Pipeline->then()
#49 D:/ANDROID/kabaddi-counter-viewModel/backend_laravel/vendor/laravel/framework/src/Illuminate/Foundation/Http/Kernel.php(144): Illuminate/Foundation/Http/Kernel->sendRequestThroughRouter()
#50 D:/ANDROID/kabaddi-counter-viewModel/backend_laravel/vendor/laravel/framework/src/Illuminate/Foundation/Application.php(1220): Illuminate/Foundation/Http/Kernel->handle()
#51 D:/ANDROID/kabaddi-counter-viewModel/backend_laravel/public/index.php(20): Illuminate/Foundation/Application->handleRequest()
#52 D:/ANDROID/kabaddi-counter-viewModel/backend_laravel/vendor/laravel/framework/src/Illuminate/Foundation/resources/server.php(23): require_once('...')
#53 {main}

[previous exception] [object] (RuntimeException(code: 0): SplFileObject::__construct(D:\\ANDROID\\kabaddi-counter-viewModel\\backend_laravel\\${APP_BASE_PATH}/android-kabbadi-rani-tantan-firebase-adminsdk-fbsvc-815c4e9e70.json): Failed to open stream: No such file or directory at D:/ANDROID/kabaddi-counter-viewModel/backend_laravel/vendor/kreait/firebase-php/src/Valinor/Source.php:55)
[stacktrace]
#0 D:/ANDROID/kabaddi-counter-viewModel/backend_laravel/vendor/kreait/firebase-php/src/Valinor/Source.php(55): SplFileObject->__construct()
#1 D:/ANDROID/kabaddi-counter-viewModel/backend_laravel/vendor/kreait/firebase-php/src/Valinor/Source.php(40): Kreait/Firebase/Valinor/Source::file()
#2 D:/ANDROID/kabaddi-counter-viewModel/backend_laravel/vendor/kreait/firebase-php/src/Factory.php(663): Kreait/Firebase/Valinor/Source::parse()
#3 D:/ANDROID/kabaddi-counter-viewModel/backend_laravel/vendor/kreait/firebase-php/src/Factory.php(146): Kreait/Firebase/Factory->mapServiceAccount()
#4 D:/ANDROID/kabaddi-counter-viewModel/backend_laravel/vendor/kreait/laravel-firebase/src/FirebaseProjectManager.php(75): Kreait/Firebase/Factory->withServiceAccount()
#5 D:/ANDROID/kabaddi-counter-viewModel/backend_laravel/vendor/kreait/laravel-firebase/src/FirebaseProjectManager.php(35): Kreait/Laravel/Firebase/FirebaseProjectManager->configure()
#6 D:/ANDROID/kabaddi-counter-viewModel/backend_laravel/vendor/kreait/laravel-firebase/src/ServiceProvider.php(47): Kreait/Laravel/Firebase/FirebaseProjectManager->project()
#7 D:/ANDROID/kabaddi-counter-viewModel/backend_laravel/vendor/laravel/framework/src/Illuminate/Container/Container.php(1118): Kreait/Laravel/Firebase/ServiceProvider::Kreait/Laravel/Firebase/{closure}()
#8 D:/ANDROID/kabaddi-counter-viewModel/backend_laravel/vendor/laravel/framework/src/Illuminate/Container/Container.php(936): Illuminate/Container/Container->build()
#9 D:/ANDROID/kabaddi-counter-viewModel/backend_laravel/vendor/laravel/framework/src/Illuminate/Foundation/Application.php(1078): Illuminate/Container/Container->resolve()
#10 D:/ANDROID/kabaddi-counter-viewModel/backend_laravel/vendor/laravel/framework/src/Illuminate/Container/Container.php(864): Illuminate/Foundation/Application->resolve()
#11 D:/ANDROID/kabaddi-counter-viewModel/backend_laravel/vendor/laravel/framework/src/Illuminate/Foundation/Application.php(1058): Illuminate/Container/Container->make()
#12 D:/ANDROID/kabaddi-counter-viewModel/backend_laravel/vendor/laravel/framework/src/Illuminate/Routing/ResolvesRouteDependencies.php(92): Illuminate/Foundation/Application->make()
#13 D:/ANDROID/kabaddi-counter-viewModel/backend_laravel/vendor/laravel/framework/src/Illuminate/Routing/ResolvesRouteDependencies.php(51): Illuminate/Routing/ControllerDispatcher->transformDependency()
#14 D:/ANDROID/kabaddi-counter-viewModel/backend_laravel/vendor/laravel/framework/src/Illuminate/Routing/ResolvesRouteDependencies.php(30): Illuminate/Routing/ControllerDispatcher->resolveMethodDependencies()
#15 D:/ANDROID/kabaddi-counter-viewModel/backend_laravel/vendor/laravel/framework/src/Illuminate/Routing/ControllerDispatcher.php(59): Illuminate/Routing/ControllerDispatcher->resolveClassMethodDependencies()
#16 D:/ANDROID/kabaddi-counter-viewModel/backend_laravel/vendor/laravel/framework/src/Illuminate/Routing/ControllerDispatcher.php(40): Illuminate/Routing/ControllerDispatcher->resolveParameters()
#17 D:/ANDROID/kabaddi-counter-viewModel/backend_laravel/vendor/laravel/framework/src/Illuminate/Routing/Route.php(269): Illuminate/Routing/ControllerDispatcher->dispatch()
#18 D:/ANDROID/kabaddi-counter-viewModel/backend_laravel/vendor/laravel/framework/src/Illuminate/Routing/Route.php(215): Illuminate/Routing/Route->runController()
#19 D:/ANDROID/kabaddi-counter-viewModel/backend_laravel/vendor/laravel/framework/src/Illuminate/Routing/Router.php(822): Illuminate/Routing/Route->run()
#20 D:/ANDROID/kabaddi-counter-viewModel/backend_laravel/vendor/laravel/framework/src/Illuminate/Pipeline/Pipeline.php(180): Illuminate/Routing/Router->Illuminate/Routing/{closure}()
#21 D:/ANDROID/kabaddi-counter-viewModel/backend_laravel/vendor/laravel/framework/src/Illuminate/Routing/Middleware/SubstituteBindings.php(52): Illuminate/Pipeline/Pipeline->Illuminate/Pipeline/{closure}()
#22 D:/ANDROID/kabaddi-counter-viewModel/backend_laravel/vendor/laravel/framework/src/Illuminate/Pipeline/Pipeline.php(219): Illuminate/Routing/Middleware/SubstituteBindings->handle()
#23 D:/ANDROID/kabaddi-counter-viewModel/backend_laravel/vendor/laravel/framework/src/Illuminate/Pipeline/Pipeline.php(137): Illuminate/Pipeline/Pipeline->Illuminate/Pipeline/{closure}()
#24 D:/ANDROID/kabaddi-counter-viewModel/backend_laravel/vendor/laravel/framework/src/Illuminate/Routing/Router.php(821): Illuminate/Pipeline/Pipeline->then()
#25 D:/ANDROID/kabaddi-counter-viewModel/backend_laravel/vendor/laravel/framework/src/Illuminate/Routing/Router.php(800): Illuminate/Routing/Router->runRouteWithinStack()
#26 D:/ANDROID/kabaddi-counter-viewModel/backend_laravel/vendor/laravel/framework/src/Illuminate/Routing/Router.php(764): Illuminate/Routing/Router->runRoute()
#27 D:/ANDROID/kabaddi-counter-viewModel/backend_laravel/vendor/laravel/framework/src/Illuminate/Routing/Router.php(753): Illuminate/Routing/Router->dispatchToRoute()
#28 D:/ANDROID/kabaddi-counter-viewModel/backend_laravel/vendor/laravel/framework/src/Illuminate/Foundation/Http/Kernel.php(200): Illuminate/Routing/Router->dispatch()
#29 D:/ANDROID/kabaddi-counter-viewModel/backend_laravel/vendor/laravel/framework/src/Illuminate/Pipeline/Pipeline.php(180): Illuminate/Foundation/Http/Kernel->Illuminate/Foundation/Http/{closure}()
#30 D:/ANDROID/kabaddi-counter-viewModel/backend_laravel/vendor/laravel/framework/src/Illuminate/Foundation/Http/Middleware/TransformsRequest.php(21): Illuminate/Pipeline/Pipeline->Illuminate/Pipeline/{closure}()
#31 D:/ANDROID/kabaddi-counter-viewModel/backend_laravel/vendor/laravel/framework/src/Illuminate/Foundation/Http/Middleware/ConvertEmptyStringsToNull.php(31): Illuminate/Foundation/Http/Middleware/TransformsRequest->handle()
#32 D:/ANDROID/kabaddi-counter-viewModel/backend_laravel/vendor/laravel/framework/src/Illuminate/Pipeline/Pipeline.php(219): Illuminate/Foundation/Http/Middleware/ConvertEmptyStringsToNull->handle()
#33 D:/ANDROID/kabaddi-counter-viewModel/backend_laravel/vendor/laravel/framework/src/Illuminate/Foundation/Http/Middleware/TransformsRequest.php(21): Illuminate/Pipeline/Pipeline->Illuminate/Pipeline/{closure}()
#34 D:/ANDROID/kabaddi-counter-viewModel/backend_laravel/vendor/laravel/framework/src/Illuminate/Foundation/Http/Middleware/TrimStrings.php(51): Illuminate/Foundation/Http/Middleware/TransformsRequest->handle()
#35 D:/ANDROID/kabaddi-counter-viewModel/backend_laravel/vendor/laravel/framework/src/Illuminate/Pipeline/Pipeline.php(219): Illuminate/Foundation/Http/Middleware/TrimStrings->handle()
#36 D:/ANDROID/kabaddi-counter-viewModel/backend_laravel/vendor/laravel/framework/src/Illuminate/Http/Middleware/ValidatePostSize.php(27): Illuminate/Pipeline/Pipeline->Illuminate/Pipeline/{closure}()
#37 D:/ANDROID/kabaddi-counter-viewModel/backend_laravel/vendor/laravel/framework/src/Illuminate/Pipeline/Pipeline.php(219): Illuminate/Http/Middleware/ValidatePostSize->handle()
#38 D:/ANDROID/kabaddi-counter-viewModel/backend_laravel/vendor/laravel/framework/src/Illuminate/Foundation/Http/Middleware/PreventRequestsDuringMaintenance.php(109): Illuminate/Pipeline/Pipeline->Illuminate/Pipeline/{closure}()
#39 D:/ANDROID/kabaddi-counter-viewModel/backend_laravel/vendor/laravel/framework/src/Illuminate/Pipeline/Pipeline.php(219): Illuminate/Foundation/Http/Middleware/PreventRequestsDuringMaintenance->handle()
#40 D:/ANDROID/kabaddi-counter-viewModel/backend_laravel/vendor/laravel/framework/src/Illuminate/Http/Middleware/HandleCors.php(74): Illuminate/Pipeline/Pipeline->Illuminate/Pipeline/{closure}()
#41 D:/ANDROID/kabaddi-counter-viewModel/backend_laravel/vendor/laravel/framework/src/Illuminate/Pipeline/Pipeline.php(219): Illuminate/Http/Middleware/HandleCors->handle()
#42 D:/ANDROID/kabaddi-counter-viewModel/backend_laravel/vendor/laravel/framework/src/Illuminate/Http/Middleware/TrustProxies.php(58): Illuminate/Pipeline/Pipeline->Illuminate/Pipeline/{closure}()
#43 D:/ANDROID/kabaddi-counter-viewModel/backend_laravel/vendor/laravel/framework/src/Illuminate/Pipeline/Pipeline.php(219): Illuminate/Http/Middleware/TrustProxies->handle()
#44 D:/ANDROID/kabaddi-counter-viewModel/backend_laravel/vendor/laravel/framework/src/Illuminate/Foundation/Http/Middleware/InvokeDeferredCallbacks.php(22): Illuminate/Pipeline/Pipeline->Illuminate/Pipeline/{closure}()
#45 D:/ANDROID/kabaddi-counter-viewModel/backend_laravel/vendor/laravel/framework/src/Illuminate/Pipeline/Pipeline.php(219): Illuminate/Foundation/Http/Middleware/InvokeDeferredCallbacks->handle()
#46 D:/ANDROID/kabaddi-counter-viewModel/backend_laravel/vendor/laravel/framework/src/Illuminate/Http/Middleware/ValidatePathEncoding.php(28): Illuminate/Pipeline/Pipeline->Illuminate/Pipeline/{closure}()
#47 D:/ANDROID/kabaddi-counter-viewModel/backend_laravel/vendor/laravel/framework/src/Illuminate/Pipeline/Pipeline.php(219): Illuminate/Http/Middleware/ValidatePathEncoding->handle()
#48 D:/ANDROID/kabaddi-counter-viewModel/backend_laravel/vendor/laravel/framework/src/Illuminate/Pipeline/Pipeline.php(137): Illuminate/Pipeline/Pipeline->Illuminate/Pipeline/{closure}()
#49 D:/ANDROID/kabaddi-counter-viewModel/backend_laravel/vendor/laravel/framework/src/Illuminate/Foundation/Http/Kernel.php(175): Illuminate/Pipeline/Pipeline->then()
#50 D:/ANDROID/kabaddi-counter-viewModel/backend_laravel/vendor/laravel/framework/src/Illuminate/Foundation/Http/Kernel.php(144): Illuminate/Foundation/Http/Kernel->sendRequestThroughRouter()
#51 D:/ANDROID/kabaddi-counter-viewModel/backend_laravel/vendor/laravel/framework/src/Illuminate/Foundation/Application.php(1220): Illuminate/Foundation/Http/Kernel->handle()
#52 D:/ANDROID/kabaddi-counter-viewModel/backend_laravel/public/index.php(20): Illuminate/Foundation/Application->handleRequest()
#53 D:/ANDROID/kabaddi-counter-viewModel/backend_laravel/vendor/laravel/framework/src/Illuminate/Foundation/resources/server.php(23): require_once('...')
#54 {main}
"} 
[2026-06-09 04:18:23] local.ERROR: SplFileObject::__construct(D:\ANDROID\kabaddi-counter-viewModel\backend_laravel\${APP_BASE_PATH}/android-kabbadi-rani-tantan-firebase-adminsdk-fbsvc-815c4e9e70.json): Failed to open stream: No such file or directory {"exception":"[object] (Kreait\\Firebase\\Exception\\InvalidArgumentException(code: 0): SplFileObject::__construct(D:\\ANDROID\\kabaddi-counter-viewModel\\backend_laravel\\${APP_BASE_PATH}/android-kabbadi-rani-tantan-firebase-adminsdk-fbsvc-815c4e9e70.json): Failed to open stream: No such file or directory at D:/ANDROID/kabaddi-counter-viewModel/backend_laravel/vendor/kreait/firebase-php/src/Valinor/Source.php:57)
[stacktrace]
#0 D:/ANDROID/kabaddi-counter-viewModel/backend_laravel/vendor/kreait/firebase-php/src/Valinor/Source.php(40): Kreait/Firebase/Valinor/Source::file()
#1 D:/ANDROID/kabaddi-counter-viewModel/backend_laravel/vendor/kreait/firebase-php/src/Factory.php(663): Kreait/Firebase/Valinor/Source::parse()
#2 D:/ANDROID/kabaddi-counter-viewModel/backend_laravel/vendor/kreait/firebase-php/src/Factory.php(146): Kreait/Firebase/Factory->mapServiceAccount()
#3 D:/ANDROID/kabaddi-counter-viewModel/backend_laravel/vendor/kreait/laravel-firebase/src/FirebaseProjectManager.php(75): Kreait/Firebase/Factory->withServiceAccount()
#4 D:/ANDROID/kabaddi-counter-viewModel/backend_laravel/vendor/kreait/laravel-firebase/src/FirebaseProjectManager.php(35): Kreait/Laravel/Firebase/FirebaseProjectManager->configure()
#5 D:/ANDROID/kabaddi-counter-viewModel/backend_laravel/vendor/kreait/laravel-firebase/src/ServiceProvider.php(47): Kreait/Laravel/Firebase/FirebaseProjectManager->project()
#6 D:/ANDROID/kabaddi-counter-viewModel/backend_laravel/vendor/laravel/framework/src/Illuminate/Container/Container.php(1118): Kreait/Laravel/Firebase/ServiceProvider::Kreait/Laravel/Firebase/{closure}()
#7 D:/ANDROID/kabaddi-counter-viewModel/backend_laravel/vendor/laravel/framework/src/Illuminate/Container/Container.php(936): Illuminate/Container/Container->build()
#8 D:/ANDROID/kabaddi-counter-viewModel/backend_laravel/vendor/laravel/framework/src/Illuminate/Foundation/Application.php(1078): Illuminate/Container/Container->resolve()
#9 D:/ANDROID/kabaddi-counter-viewModel/backend_laravel/vendor/laravel/framework/src/Illuminate/Container/Container.php(864): Illuminate/Foundation/Application->resolve()
#10 D:/ANDROID/kabaddi-counter-viewModel/backend_laravel/vendor/laravel/framework/src/Illuminate/Foundation/Application.php(1058): Illuminate/Container/Container->make()
#11 D:/ANDROID/kabaddi-counter-viewModel/backend_laravel/vendor/laravel/framework/src/Illuminate/Routing/ResolvesRouteDependencies.php(92): Illuminate/Foundation/Application->make()
#12 D:/ANDROID/kabaddi-counter-viewModel/backend_laravel/vendor/laravel/framework/src/Illuminate/Routing/ResolvesRouteDependencies.php(51): Illuminate/Routing/ControllerDispatcher->transformDependency()
#13 D:/ANDROID/kabaddi-counter-viewModel/backend_laravel/vendor/laravel/framework/src/Illuminate/Routing/ResolvesRouteDependencies.php(30): Illuminate/Routing/ControllerDispatcher->resolveMethodDependencies()
#14 D:/ANDROID/kabaddi-counter-viewModel/backend_laravel/vendor/laravel/framework/src/Illuminate/Routing/ControllerDispatcher.php(59): Illuminate/Routing/ControllerDispatcher->resolveClassMethodDependencies()
#15 D:/ANDROID/kabaddi-counter-viewModel/backend_laravel/vendor/laravel/framework/src/Illuminate/Routing/ControllerDispatcher.php(40): Illuminate/Routing/ControllerDispatcher->resolveParameters()
#16 D:/ANDROID/kabaddi-counter-viewModel/backend_laravel/vendor/laravel/framework/src/Illuminate/Routing/Route.php(269): Illuminate/Routing/ControllerDispatcher->dispatch()
#17 D:/ANDROID/kabaddi-counter-viewModel/backend_laravel/vendor/laravel/framework/src/Illuminate/Routing/Route.php(215): Illuminate/Routing/Route->runController()
#18 D:/ANDROID/kabaddi-counter-viewModel/backend_laravel/vendor/laravel/framework/src/Illuminate/Routing/Router.php(822): Illuminate/Routing/Route->run()
#19 D:/ANDROID/kabaddi-counter-viewModel/backend_laravel/vendor/laravel/framework/src/Illuminate/Pipeline/Pipeline.php(180): Illuminate/Routing/Router->Illuminate/Routing/{closure}()
#20 D:/ANDROID/kabaddi-counter-viewModel/backend_laravel/vendor/laravel/framework/src/Illuminate/Routing/Middleware/SubstituteBindings.php(52): Illuminate/Pipeline/Pipeline->Illuminate/Pipeline/{closure}()
#21 D:/ANDROID/kabaddi-counter-viewModel/backend_laravel/vendor/laravel/framework/src/Illuminate/Pipeline/Pipeline.php(219): Illuminate/Routing/Middleware/SubstituteBindings->handle()
#22 D:/ANDROID/kabaddi-counter-viewModel/backend_laravel/vendor/laravel/framework/src/Illuminate/Pipeline/Pipeline.php(137): Illuminate/Pipeline/Pipeline->Illuminate/Pipeline/{closure}()
#23 D:/ANDROID/kabaddi-counter-viewModel/backend_laravel/vendor/laravel/framework/src/Illuminate/Routing/Router.php(821): Illuminate/Pipeline/Pipeline->then()
#24 D:/ANDROID/kabaddi-counter-viewModel/backend_laravel/vendor/laravel/framework/src/Illuminate/Routing/Router.php(800): Illuminate/Routing/Router->runRouteWithinStack()
#25 D:/ANDROID/kabaddi-counter-viewModel/backend_laravel/vendor/laravel/framework/src/Illuminate/Routing/Router.php(764): Illuminate/Routing/Router->runRoute()
#26 D:/ANDROID/kabaddi-counter-viewModel/backend_laravel/vendor/laravel/framework/src/Illuminate/Routing/Router.php(753): Illuminate/Routing/Router->dispatchToRoute()
#27 D:/ANDROID/kabaddi-counter-viewModel/backend_laravel/vendor/laravel/framework/src/Illuminate/Foundation/Http/Kernel.php(200): Illuminate/Routing/Router->dispatch()
#28 D:/ANDROID/kabaddi-counter-viewModel/backend_laravel/vendor/laravel/framework/src/Illuminate/Pipeline/Pipeline.php(180): Illuminate/Foundation/Http/Kernel->Illuminate/Foundation/Http/{closure}()
#29 D:/ANDROID/kabaddi-counter-viewModel/backend_laravel/vendor/laravel/framework/src/Illuminate/Foundation/Http/Middleware/TransformsRequest.php(21): Illuminate/Pipeline/Pipeline->Illuminate/Pipeline/{closure}()
#30 D:/ANDROID/kabaddi-counter-viewModel/backend_laravel/vendor/laravel/framework/src/Illuminate/Foundation/Http/Middleware/ConvertEmptyStringsToNull.php(31): Illuminate/Foundation/Http/Middleware/TransformsRequest->handle()
#31 D:/ANDROID/kabaddi-counter-viewModel/backend_laravel/vendor/laravel/framework/src/Illuminate/Pipeline/Pipeline.php(219): Illuminate/Foundation/Http/Middleware/ConvertEmptyStringsToNull->handle()
#32 D:/ANDROID/kabaddi-counter-viewModel/backend_laravel/vendor/laravel/framework/src/Illuminate/Foundation/Http/Middleware/TransformsRequest.php(21): Illuminate/Pipeline/Pipeline->Illuminate/Pipeline/{closure}()
#33 D:/ANDROID/kabaddi-counter-viewModel/backend_laravel/vendor/laravel/framework/src/Illuminate/Foundation/Http/Middleware/TrimStrings.php(51): Illuminate/Foundation/Http/Middleware/TransformsRequest->handle()
#34 D:/ANDROID/kabaddi-counter-viewModel/backend_laravel/vendor/laravel/framework/src/Illuminate/Pipeline/Pipeline.php(219): Illuminate/Foundation/Http/Middleware/TrimStrings->handle()
#35 D:/ANDROID/kabaddi-counter-viewModel/backend_laravel/vendor/laravel/framework/src/Illuminate/Http/Middleware/ValidatePostSize.php(27): Illuminate/Pipeline/Pipeline->Illuminate/Pipeline/{closure}()
#36 D:/ANDROID/kabaddi-counter-viewModel/backend_laravel/vendor/laravel/framework/src/Illuminate/Pipeline/Pipeline.php(219): Illuminate/Http/Middleware/ValidatePostSize->handle()
#37 D:/ANDROID/kabaddi-counter-viewModel/backend_laravel/vendor/laravel/framework/src/Illuminate/Foundation/Http/Middleware/PreventRequestsDuringMaintenance.php(109): Illuminate/Pipeline/Pipeline->Illuminate/Pipeline/{closure}()
#38 D:/ANDROID/kabaddi-counter-viewModel/backend_laravel/vendor/laravel/framework/src/Illuminate/Pipeline/Pipeline.php(219): Illuminate/Foundation/Http/Middleware/PreventRequestsDuringMaintenance->handle()
#39 D:/ANDROID/kabaddi-counter-viewModel/backend_laravel/vendor/laravel/framework/src/Illuminate/Http/Middleware/HandleCors.php(74): Illuminate/Pipeline/Pipeline->Illuminate/Pipeline/{closure}()
#40 D:/ANDROID/kabaddi-counter-viewModel/backend_laravel/vendor/laravel/framework/src/Illuminate/Pipeline/Pipeline.php(219): Illuminate/Http/Middleware/HandleCors->handle()
#41 D:/ANDROID/kabaddi-counter-viewModel/backend_laravel/vendor/laravel/framework/src/Illuminate/Http/Middleware/TrustProxies.php(58): Illuminate/Pipeline/Pipeline->Illuminate/Pipeline/{closure}()
#42 D:/ANDROID/kabaddi-counter-viewModel/backend_laravel/vendor/laravel/framework/src/Illuminate/Pipeline/Pipeline.php(219): Illuminate/Http/Middleware/TrustProxies->handle()
#43 D:/ANDROID/kabaddi-counter-viewModel/backend_laravel/vendor/laravel/framework/src/Illuminate/Foundation/Http/Middleware/InvokeDeferredCallbacks.php(22): Illuminate/Pipeline/Pipeline->Illuminate/Pipeline/{closure}()
#44 D:/ANDROID/kabaddi-counter-viewModel/backend_laravel/vendor/laravel/framework/src/Illuminate/Pipeline/Pipeline.php(219): Illuminate/Foundation/Http/Middleware/InvokeDeferredCallbacks->handle()
#45 D:/ANDROID/kabaddi-counter-viewModel/backend_laravel/vendor/laravel/framework/src/Illuminate/Http/Middleware/ValidatePathEncoding.php(28): Illuminate/Pipeline/Pipeline->Illuminate/Pipeline/{closure}()
#46 D:/ANDROID/kabaddi-counter-viewModel/backend_laravel/vendor/laravel/framework/src/Illuminate/Pipeline/Pipeline.php(219): Illuminate/Http/Middleware/ValidatePathEncoding->handle()
#47 D:/ANDROID/kabaddi-counter-viewModel/backend_laravel/vendor/laravel/framework/src/Illuminate/Pipeline/Pipeline.php(137): Illuminate/Pipeline/Pipeline->Illuminate/Pipeline/{closure}()
#48 D:/ANDROID/kabaddi-counter-viewModel/backend_laravel/vendor/laravel/framework/src/Illuminate/Foundation/Http/Kernel.php(175): Illuminate/Pipeline/Pipeline->then()
#49 D:/ANDROID/kabaddi-counter-viewModel/backend_laravel/vendor/laravel/framework/src/Illuminate/Foundation/Http/Kernel.php(144): Illuminate/Foundation/Http/Kernel->sendRequestThroughRouter()
#50 D:/ANDROID/kabaddi-counter-viewModel/backend_laravel/vendor/laravel/framework/src/Illuminate/Foundation/Application.php(1220): Illuminate/Foundation/Http/Kernel->handle()
#51 D:/ANDROID/kabaddi-counter-viewModel/backend_laravel/public/index.php(20): Illuminate/Foundation/Application->handleRequest()
#52 D:/ANDROID/kabaddi-counter-viewModel/backend_laravel/vendor/laravel/framework/src/Illuminate/Foundation/resources/server.php(23): require_once('...')
#53 {main}

[previous exception] [object] (RuntimeException(code: 0): SplFileObject::__construct(D:\\ANDROID\\kabaddi-counter-viewModel\\backend_laravel\\${APP_BASE_PATH}/android-kabbadi-rani-tantan-firebase-adminsdk-fbsvc-815c4e9e70.json): Failed to open stream: No such file or directory at D:/ANDROID/kabaddi-counter-viewModel/backend_laravel/vendor/kreait/firebase-php/src/Valinor/Source.php:55)
[stacktrace]
#0 D:/ANDROID/kabaddi-counter-viewModel/backend_laravel/vendor/kreait/firebase-php/src/Valinor/Source.php(55): SplFileObject->__construct()
#1 D:/ANDROID/kabaddi-counter-viewModel/backend_laravel/vendor/kreait/firebase-php/src/Valinor/Source.php(40): Kreait/Firebase/Valinor/Source::file()
#2 D:/ANDROID/kabaddi-counter-viewModel/backend_laravel/vendor/kreait/firebase-php/src/Factory.php(663): Kreait/Firebase/Valinor/Source::parse()
#3 D:/ANDROID/kabaddi-counter-viewModel/backend_laravel/vendor/kreait/firebase-php/src/Factory.php(146): Kreait/Firebase/Factory->mapServiceAccount()
#4 D:/ANDROID/kabaddi-counter-viewModel/backend_laravel/vendor/kreait/laravel-firebase/src/FirebaseProjectManager.php(75): Kreait/Firebase/Factory->withServiceAccount()
#5 D:/ANDROID/kabaddi-counter-viewModel/backend_laravel/vendor/kreait/laravel-firebase/src/FirebaseProjectManager.php(35): Kreait/Laravel/Firebase/FirebaseProjectManager->configure()
#6 D:/ANDROID/kabaddi-counter-viewModel/backend_laravel/vendor/kreait/laravel-firebase/src/ServiceProvider.php(47): Kreait/Laravel/Firebase/FirebaseProjectManager->project()
#7 D:/ANDROID/kabaddi-counter-viewModel/backend_laravel/vendor/laravel/framework/src/Illuminate/Container/Container.php(1118): Kreait/Laravel/Firebase/ServiceProvider::Kreait/Laravel/Firebase/{closure}()
#8 D:/ANDROID/kabaddi-counter-viewModel/backend_laravel/vendor/laravel/framework/src/Illuminate/Container/Container.php(936): Illuminate/Container/Container->build()
#9 D:/ANDROID/kabaddi-counter-viewModel/backend_laravel/vendor/laravel/framework/src/Illuminate/Foundation/Application.php(1078): Illuminate/Container/Container->resolve()
#10 D:/ANDROID/kabaddi-counter-viewModel/backend_laravel/vendor/laravel/framework/src/Illuminate/Container/Container.php(864): Illuminate/Foundation/Application->resolve()
#11 D:/ANDROID/kabaddi-counter-viewModel/backend_laravel/vendor/laravel/framework/src/Illuminate/Foundation/Application.php(1058): Illuminate/Container/Container->make()
#12 D:/ANDROID/kabaddi-counter-viewModel/backend_laravel/vendor/laravel/framework/src/Illuminate/Routing/ResolvesRouteDependencies.php(92): Illuminate/Foundation/Application->make()
#13 D:/ANDROID/kabaddi-counter-viewModel/backend_laravel/vendor/laravel/framework/src/Illuminate/Routing/ResolvesRouteDependencies.php(51): Illuminate/Routing/ControllerDispatcher->transformDependency()
#14 D:/ANDROID/kabaddi-counter-viewModel/backend_laravel/vendor/laravel/framework/src/Illuminate/Routing/ResolvesRouteDependencies.php(30): Illuminate/Routing/ControllerDispatcher->resolveMethodDependencies()
#15 D:/ANDROID/kabaddi-counter-viewModel/backend_laravel/vendor/laravel/framework/src/Illuminate/Routing/ControllerDispatcher.php(59): Illuminate/Routing/ControllerDispatcher->resolveClassMethodDependencies()
#16 D:/ANDROID/kabaddi-counter-viewModel/backend_laravel/vendor/laravel/framework/src/Illuminate/Routing/ControllerDispatcher.php(40): Illuminate/Routing/ControllerDispatcher->resolveParameters()
#17 D:/ANDROID/kabaddi-counter-viewModel/backend_laravel/vendor/laravel/framework/src/Illuminate/Routing/Route.php(269): Illuminate/Routing/ControllerDispatcher->dispatch()
#18 D:/ANDROID/kabaddi-counter-viewModel/backend_laravel/vendor/laravel/framework/src/Illuminate/Routing/Route.php(215): Illuminate/Routing/Route->runController()
#19 D:/ANDROID/kabaddi-counter-viewModel/backend_laravel/vendor/laravel/framework/src/Illuminate/Routing/Router.php(822): Illuminate/Routing/Route->run()
#20 D:/ANDROID/kabaddi-counter-viewModel/backend_laravel/vendor/laravel/framework/src/Illuminate/Pipeline/Pipeline.php(180): Illuminate/Routing/Router->Illuminate/Routing/{closure}()
#21 D:/ANDROID/kabaddi-counter-viewModel/backend_laravel/vendor/laravel/framework/src/Illuminate/Routing/Middleware/SubstituteBindings.php(52): Illuminate/Pipeline/Pipeline->Illuminate/Pipeline/{closure}()
#22 D:/ANDROID/kabaddi-counter-viewModel/backend_laravel/vendor/laravel/framework/src/Illuminate/Pipeline/Pipeline.php(219): Illuminate/Routing/Middleware/SubstituteBindings->handle()
#23 D:/ANDROID/kabaddi-counter-viewModel/backend_laravel/vendor/laravel/framework/src/Illuminate/Pipeline/Pipeline.php(137): Illuminate/Pipeline/Pipeline->Illuminate/Pipeline/{closure}()
#24 D:/ANDROID/kabaddi-counter-viewModel/backend_laravel/vendor/laravel/framework/src/Illuminate/Routing/Router.php(821): Illuminate/Pipeline/Pipeline->then()
#25 D:/ANDROID/kabaddi-counter-viewModel/backend_laravel/vendor/laravel/framework/src/Illuminate/Routing/Router.php(800): Illuminate/Routing/Router->runRouteWithinStack()
#26 D:/ANDROID/kabaddi-counter-viewModel/backend_laravel/vendor/laravel/framework/src/Illuminate/Routing/Router.php(764): Illuminate/Routing/Router->runRoute()
#27 D:/ANDROID/kabaddi-counter-viewModel/backend_laravel/vendor/laravel/framework/src/Illuminate/Routing/Router.php(753): Illuminate/Routing/Router->dispatchToRoute()
#28 D:/ANDROID/kabaddi-counter-viewModel/backend_laravel/vendor/laravel/framework/src/Illuminate/Foundation/Http/Kernel.php(200): Illuminate/Routing/Router->dispatch()
#29 D:/ANDROID/kabaddi-counter-viewModel/backend_laravel/vendor/laravel/framework/src/Illuminate/Pipeline/Pipeline.php(180): Illuminate/Foundation/Http/Kernel->Illuminate/Foundation/Http/{closure}()
#30 D:/ANDROID/kabaddi-counter-viewModel/backend_laravel/vendor/laravel/framework/src/Illuminate/Foundation/Http/Middleware/TransformsRequest.php(21): Illuminate/Pipeline/Pipeline->Illuminate/Pipeline/{closure}()
#31 D:/ANDROID/kabaddi-counter-viewModel/backend_laravel/vendor/laravel/framework/src/Illuminate/Foundation/Http/Middleware/ConvertEmptyStringsToNull.php(31): Illuminate/Foundation/Http/Middleware/TransformsRequest->handle()
#32 D:/ANDROID/kabaddi-counter-viewModel/backend_laravel/vendor/laravel/framework/src/Illuminate/Pipeline/Pipeline.php(219): Illuminate/Foundation/Http/Middleware/ConvertEmptyStringsToNull->handle()
#33 D:/ANDROID/kabaddi-counter-viewModel/backend_laravel/vendor/laravel/framework/src/Illuminate/Foundation/Http/Middleware/TransformsRequest.php(21): Illuminate/Pipeline/Pipeline->Illuminate/Pipeline/{closure}()
#34 D:/ANDROID/kabaddi-counter-viewModel/backend_laravel/vendor/laravel/framework/src/Illuminate/Foundation/Http/Middleware/TrimStrings.php(51): Illuminate/Foundation/Http/Middleware/TransformsRequest->handle()
#35 D:/ANDROID/kabaddi-counter-viewModel/backend_laravel/vendor/laravel/framework/src/Illuminate/Pipeline/Pipeline.php(219): Illuminate/Foundation/Http/Middleware/TrimStrings->handle()
#36 D:/ANDROID/kabaddi-counter-viewModel/backend_laravel/vendor/laravel/framework/src/Illuminate/Http/Middleware/ValidatePostSize.php(27): Illuminate/Pipeline/Pipeline->Illuminate/Pipeline/{closure}()
#37 D:/ANDROID/kabaddi-counter-viewModel/backend_laravel/vendor/laravel/framework/src/Illuminate/Pipeline/Pipeline.php(219): Illuminate/Http/Middleware/ValidatePostSize->handle()
#38 D:/ANDROID/kabaddi-counter-viewModel/backend_laravel/vendor/laravel/framework/src/Illuminate/Foundation/Http/Middleware/PreventRequestsDuringMaintenance.php(109): Illuminate/Pipeline/Pipeline->Illuminate/Pipeline/{closure}()
#39 D:/ANDROID/kabaddi-counter-viewModel/backend_laravel/vendor/laravel/framework/src/Illuminate/Pipeline/Pipeline.php(219): Illuminate/Foundation/Http/Middleware/PreventRequestsDuringMaintenance->handle()
#40 D:/ANDROID/kabaddi-counter-viewModel/backend_laravel/vendor/laravel/framework/src/Illuminate/Http/Middleware/HandleCors.php(74): Illuminate/Pipeline/Pipeline->Illuminate/Pipeline/{closure}()
#41 D:/ANDROID/kabaddi-counter-viewModel/backend_laravel/vendor/laravel/framework/src/Illuminate/Pipeline/Pipeline.php(219): Illuminate/Http/Middleware/HandleCors->handle()
#42 D:/ANDROID/kabaddi-counter-viewModel/backend_laravel/vendor/laravel/framework/src/Illuminate/Http/Middleware/TrustProxies.php(58): Illuminate/Pipeline/Pipeline->Illuminate/Pipeline/{closure}()
#43 D:/ANDROID/kabaddi-counter-viewModel/backend_laravel/vendor/laravel/framework/src/Illuminate/Pipeline/Pipeline.php(219): Illuminate/Http/Middleware/TrustProxies->handle()
#44 D:/ANDROID/kabaddi-counter-viewModel/backend_laravel/vendor/laravel/framework/src/Illuminate/Foundation/Http/Middleware/InvokeDeferredCallbacks.php(22): Illuminate/Pipeline/Pipeline->Illuminate/Pipeline/{closure}()
#45 D:/ANDROID/kabaddi-counter-viewModel/backend_laravel/vendor/laravel/framework/src/Illuminate/Pipeline/Pipeline.php(219): Illuminate/Foundation/Http/Middleware/InvokeDeferredCallbacks->handle()
#46 D:/ANDROID/kabaddi-counter-viewModel/backend_laravel/vendor/laravel/framework/src/Illuminate/Http/Middleware/ValidatePathEncoding.php(28): Illuminate/Pipeline/Pipeline->Illuminate/Pipeline/{closure}()
#47 D:/ANDROID/kabaddi-counter-viewModel/backend_laravel/vendor/laravel/framework/src/Illuminate/Pipeline/Pipeline.php(219): Illuminate/Http/Middleware/ValidatePathEncoding->handle()
#48 D:/ANDROID/kabaddi-counter-viewModel/backend_laravel/vendor/laravel/framework/src/Illuminate/Pipeline/Pipeline.php(137): Illuminate/Pipeline/Pipeline->Illuminate/Pipeline/{closure}()
#49 D:/ANDROID/kabaddi-counter-viewModel/backend_laravel/vendor/laravel/framework/src/Illuminate/Foundation/Http/Kernel.php(175): Illuminate/Pipeline/Pipeline->then()
#50 D:/ANDROID/kabaddi-counter-viewModel/backend_laravel/vendor/laravel/framework/src/Illuminate/Foundation/Http/Kernel.php(144): Illuminate/Foundation/Http/Kernel->sendRequestThroughRouter()
#51 D:/ANDROID/kabaddi-counter-viewModel/backend_laravel/vendor/laravel/framework/src/Illuminate/Foundation/Application.php(1220): Illuminate/Foundation/Http/Kernel->handle()
#52 D:/ANDROID/kabaddi-counter-viewModel/backend_laravel/public/index.php(20): Illuminate/Foundation/Application->handleRequest()
#53 D:/ANDROID/kabaddi-counter-viewModel/backend_laravel/vendor/laravel/framework/src/Illuminate/Foundation/resources/server.php(23): require_once('...')
#54 {main}
"} 
[2026-06-09 04:18:46] local.ERROR: SplFileObject::__construct(D:\ANDROID\kabaddi-counter-viewModel\backend_laravel\${APP_BASE_PATH}/android-kabbadi-rani-tantan-firebase-adminsdk-fbsvc-815c4e9e70.json): Failed to open stream: No such file or directory {"exception":"[object] (Kreait\\Firebase\\Exception\\InvalidArgumentException(code: 0): SplFileObject::__construct(D:\\ANDROID\\kabaddi-counter-viewModel\\backend_laravel\\${APP_BASE_PATH}/android-kabbadi-rani-tantan-firebase-adminsdk-fbsvc-815c4e9e70.json): Failed to open stream: No such file or directory at D:/ANDROID/kabaddi-counter-viewModel/backend_laravel/vendor/kreait/firebase-php/src/Valinor/Source.php:57)
[stacktrace]
#0 D:/ANDROID/kabaddi-counter-viewModel/backend_laravel/vendor/kreait/firebase-php/src/Valinor/Source.php(40): Kreait/Firebase/Valinor/Source::file()
#1 D:/ANDROID/kabaddi-counter-viewModel/backend_laravel/vendor/kreait/firebase-php/src/Factory.php(663): Kreait/Firebase/Valinor/Source::parse()
#2 D:/ANDROID/kabaddi-counter-viewModel/backend_laravel/vendor/kreait/firebase-php/src/Factory.php(146): Kreait/Firebase/Factory->mapServiceAccount()
#3 D:/ANDROID/kabaddi-counter-viewModel/backend_laravel/vendor/kreait/laravel-firebase/src/FirebaseProjectManager.php(75): Kreait/Firebase/Factory->withServiceAccount()
#4 D:/ANDROID/kabaddi-counter-viewModel/backend_laravel/vendor/kreait/laravel-firebase/src/FirebaseProjectManager.php(35): Kreait/Laravel/Firebase/FirebaseProjectManager->configure()
#5 D:/ANDROID/kabaddi-counter-viewModel/backend_laravel/vendor/kreait/laravel-firebase/src/ServiceProvider.php(47): Kreait/Laravel/Firebase/FirebaseProjectManager->project()
#6 D:/ANDROID/kabaddi-counter-viewModel/backend_laravel/vendor/laravel/framework/src/Illuminate/Container/Container.php(1118): Kreait/Laravel/Firebase/ServiceProvider::Kreait/Laravel/Firebase/{closure}()
#7 D:/ANDROID/kabaddi-counter-viewModel/backend_laravel/vendor/laravel/framework/src/Illuminate/Container/Container.php(936): Illuminate/Container/Container->build()
#8 D:/ANDROID/kabaddi-counter-viewModel/backend_laravel/vendor/laravel/framework/src/Illuminate/Foundation/Application.php(1078): Illuminate/Container/Container->resolve()
#9 D:/ANDROID/kabaddi-counter-viewModel/backend_laravel/vendor/laravel/framework/src/Illuminate/Container/Container.php(864): Illuminate/Foundation/Application->resolve()
#10 D:/ANDROID/kabaddi-counter-viewModel/backend_laravel/vendor/laravel/framework/src/Illuminate/Foundation/Application.php(1058): Illuminate/Container/Container->make()
#11 D:/ANDROID/kabaddi-counter-viewModel/backend_laravel/vendor/laravel/framework/src/Illuminate/Routing/ResolvesRouteDependencies.php(92): Illuminate/Foundation/Application->make()
#12 D:/ANDROID/kabaddi-counter-viewModel/backend_laravel/vendor/laravel/framework/src/Illuminate/Routing/ResolvesRouteDependencies.php(51): Illuminate/Routing/ControllerDispatcher->transformDependency()
#13 D:/ANDROID/kabaddi-counter-viewModel/backend_laravel/vendor/laravel/framework/src/Illuminate/Routing/ResolvesRouteDependencies.php(30): Illuminate/Routing/ControllerDispatcher->resolveMethodDependencies()
#14 D:/ANDROID/kabaddi-counter-viewModel/backend_laravel/vendor/laravel/framework/src/Illuminate/Routing/ControllerDispatcher.php(59): Illuminate/Routing/ControllerDispatcher->resolveClassMethodDependencies()
#15 D:/ANDROID/kabaddi-counter-viewModel/backend_laravel/vendor/laravel/framework/src/Illuminate/Routing/ControllerDispatcher.php(40): Illuminate/Routing/ControllerDispatcher->resolveParameters()
#16 D:/ANDROID/kabaddi-counter-viewModel/backend_laravel/vendor/laravel/framework/src/Illuminate/Routing/Route.php(269): Illuminate/Routing/ControllerDispatcher->dispatch()
#17 D:/ANDROID/kabaddi-counter-viewModel/backend_laravel/vendor/laravel/framework/src/Illuminate/Routing/Route.php(215): Illuminate/Routing/Route->runController()
#18 D:/ANDROID/kabaddi-counter-viewModel/backend_laravel/vendor/laravel/framework/src/Illuminate/Routing/Router.php(822): Illuminate/Routing/Route->run()
#19 D:/ANDROID/kabaddi-counter-viewModel/backend_laravel/vendor/laravel/framework/src/Illuminate/Pipeline/Pipeline.php(180): Illuminate/Routing/Router->Illuminate/Routing/{closure}()
#20 D:/ANDROID/kabaddi-counter-viewModel/backend_laravel/vendor/laravel/framework/src/Illuminate/Routing/Middleware/SubstituteBindings.php(52): Illuminate/Pipeline/Pipeline->Illuminate/Pipeline/{closure}()
#21 D:/ANDROID/kabaddi-counter-viewModel/backend_laravel/vendor/laravel/framework/src/Illuminate/Pipeline/Pipeline.php(219): Illuminate/Routing/Middleware/SubstituteBindings->handle()
#22 D:/ANDROID/kabaddi-counter-viewModel/backend_laravel/vendor/laravel/framework/src/Illuminate/Pipeline/Pipeline.php(137): Illuminate/Pipeline/Pipeline->Illuminate/Pipeline/{closure}()
#23 D:/ANDROID/kabaddi-counter-viewModel/backend_laravel/vendor/laravel/framework/src/Illuminate/Routing/Router.php(821): Illuminate/Pipeline/Pipeline->then()
#24 D:/ANDROID/kabaddi-counter-viewModel/backend_laravel/vendor/laravel/framework/src/Illuminate/Routing/Router.php(800): Illuminate/Routing/Router->runRouteWithinStack()
#25 D:/ANDROID/kabaddi-counter-viewModel/backend_laravel/vendor/laravel/framework/src/Illuminate/Routing/Router.php(764): Illuminate/Routing/Router->runRoute()
#26 D:/ANDROID/kabaddi-counter-viewModel/backend_laravel/vendor/laravel/framework/src/Illuminate/Routing/Router.php(753): Illuminate/Routing/Router->dispatchToRoute()
#27 D:/ANDROID/kabaddi-counter-viewModel/backend_laravel/vendor/laravel/framework/src/Illuminate/Foundation/Http/Kernel.php(200): Illuminate/Routing/Router->dispatch()
#28 D:/ANDROID/kabaddi-counter-viewModel/backend_laravel/vendor/laravel/framework/src/Illuminate/Pipeline/Pipeline.php(180): Illuminate/Foundation/Http/Kernel->Illuminate/Foundation/Http/{closure}()
#29 D:/ANDROID/kabaddi-counter-viewModel/backend_laravel/vendor/laravel/framework/src/Illuminate/Foundation/Http/Middleware/TransformsRequest.php(21): Illuminate/Pipeline/Pipeline->Illuminate/Pipeline/{closure}()
#30 D:/ANDROID/kabaddi-counter-viewModel/backend_laravel/vendor/laravel/framework/src/Illuminate/Foundation/Http/Middleware/ConvertEmptyStringsToNull.php(31): Illuminate/Foundation/Http/Middleware/TransformsRequest->handle()
#31 D:/ANDROID/kabaddi-counter-viewModel/backend_laravel/vendor/laravel/framework/src/Illuminate/Pipeline/Pipeline.php(219): Illuminate/Foundation/Http/Middleware/ConvertEmptyStringsToNull->handle()
#32 D:/ANDROID/kabaddi-counter-viewModel/backend_laravel/vendor/laravel/framework/src/Illuminate/Foundation/Http/Middleware/TransformsRequest.php(21): Illuminate/Pipeline/Pipeline->Illuminate/Pipeline/{closure}()
#33 D:/ANDROID/kabaddi-counter-viewModel/backend_laravel/vendor/laravel/framework/src/Illuminate/Foundation/Http/Middleware/TrimStrings.php(51): Illuminate/Foundation/Http/Middleware/TransformsRequest->handle()
#34 D:/ANDROID/kabaddi-counter-viewModel/backend_laravel/vendor/laravel/framework/src/Illuminate/Pipeline/Pipeline.php(219): Illuminate/Foundation/Http/Middleware/TrimStrings->handle()
#35 D:/ANDROID/kabaddi-counter-viewModel/backend_laravel/vendor/laravel/framework/src/Illuminate/Http/Middleware/ValidatePostSize.php(27): Illuminate/Pipeline/Pipeline->Illuminate/Pipeline/{closure}()
#36 D:/ANDROID/kabaddi-counter-viewModel/backend_laravel/vendor/laravel/framework/src/Illuminate/Pipeline/Pipeline.php(219): Illuminate/Http/Middleware/ValidatePostSize->handle()
#37 D:/ANDROID/kabaddi-counter-viewModel/backend_laravel/vendor/laravel/framework/src/Illuminate/Foundation/Http/Middleware/PreventRequestsDuringMaintenance.php(109): Illuminate/Pipeline/Pipeline->Illuminate/Pipeline/{closure}()
#38 D:/ANDROID/kabaddi-counter-viewModel/backend_laravel/vendor/laravel/framework/src/Illuminate/Pipeline/Pipeline.php(219): Illuminate/Foundation/Http/Middleware/PreventRequestsDuringMaintenance->handle()
#39 D:/ANDROID/kabaddi-counter-viewModel/backend_laravel/vendor/laravel/framework/src/Illuminate/Http/Middleware/HandleCors.php(74): Illuminate/Pipeline/Pipeline->Illuminate/Pipeline/{closure}()
#40 D:/ANDROID/kabaddi-counter-viewModel/backend_laravel/vendor/laravel/framework/src/Illuminate/Pipeline/Pipeline.php(219): Illuminate/Http/Middleware/HandleCors->handle()
#41 D:/ANDROID/kabaddi-counter-viewModel/backend_laravel/vendor/laravel/framework/src/Illuminate/Http/Middleware/TrustProxies.php(58): Illuminate/Pipeline/Pipeline->Illuminate/Pipeline/{closure}()
#42 D:/ANDROID/kabaddi-counter-viewModel/backend_laravel/vendor/laravel/framework/src/Illuminate/Pipeline/Pipeline.php(219): Illuminate/Http/Middleware/TrustProxies->handle()
#43 D:/ANDROID/kabaddi-counter-viewModel/backend_laravel/vendor/laravel/framework/src/Illuminate/Foundation/Http/Middleware/InvokeDeferredCallbacks.php(22): Illuminate/Pipeline/Pipeline->Illuminate/Pipeline/{closure}()
#44 D:/ANDROID/kabaddi-counter-viewModel/backend_laravel/vendor/laravel/framework/src/Illuminate/Pipeline/Pipeline.php(219): Illuminate/Foundation/Http/Middleware/InvokeDeferredCallbacks->handle()
#45 D:/ANDROID/kabaddi-counter-viewModel/backend_laravel/vendor/laravel/framework/src/Illuminate/Http/Middleware/ValidatePathEncoding.php(28): Illuminate/Pipeline/Pipeline->Illuminate/Pipeline/{closure}()
#46 D:/ANDROID/kabaddi-counter-viewModel/backend_laravel/vendor/laravel/framework/src/Illuminate/Pipeline/Pipeline.php(219): Illuminate/Http/Middleware/ValidatePathEncoding->handle()
#47 D:/ANDROID/kabaddi-counter-viewModel/backend_laravel/vendor/laravel/framework/src/Illuminate/Pipeline/Pipeline.php(137): Illuminate/Pipeline/Pipeline->Illuminate/Pipeline/{closure}()
#48 D:/ANDROID/kabaddi-counter-viewModel/backend_laravel/vendor/laravel/framework/src/Illuminate/Foundation/Http/Kernel.php(175): Illuminate/Pipeline/Pipeline->then()
#49 D:/ANDROID/kabaddi-counter-viewModel/backend_laravel/vendor/laravel/framework/src/Illuminate/Foundation/Http/Kernel.php(144): Illuminate/Foundation/Http/Kernel->sendRequestThroughRouter()
#50 D:/ANDROID/kabaddi-counter-viewModel/backend_laravel/vendor/laravel/framework/src/Illuminate/Foundation/Application.php(1220): Illuminate/Foundation/Http/Kernel->handle()
#51 D:/ANDROID/kabaddi-counter-viewModel/backend_laravel/public/index.php(20): Illuminate/Foundation/Application->handleRequest()
#52 D:/ANDROID/kabaddi-counter-viewModel/backend_laravel/vendor/laravel/framework/src/Illuminate/Foundation/resources/server.php(23): require_once('...')
#53 {main}

[previous exception] [object] (RuntimeException(code: 0): SplFileObject::__construct(D:\\ANDROID\\kabaddi-counter-viewModel\\backend_laravel\\${APP_BASE_PATH}/android-kabbadi-rani-tantan-firebase-adminsdk-fbsvc-815c4e9e70.json): Failed to open stream: No such file or directory at D:/ANDROID/kabaddi-counter-viewModel/backend_laravel/vendor/kreait/firebase-php/src/Valinor/Source.php:55)
[stacktrace]
#0 D:/ANDROID/kabaddi-counter-viewModel/backend_laravel/vendor/kreait/firebase-php/src/Valinor/Source.php(55): SplFileObject->__construct()
#1 D:/ANDROID/kabaddi-counter-viewModel/backend_laravel/vendor/kreait/firebase-php/src/Valinor/Source.php(40): Kreait/Firebase/Valinor/Source::file()
#2 D:/ANDROID/kabaddi-counter-viewModel/backend_laravel/vendor/kreait/firebase-php/src/Factory.php(663): Kreait/Firebase/Valinor/Source::parse()
#3 D:/ANDROID/kabaddi-counter-viewModel/backend_laravel/vendor/kreait/firebase-php/src/Factory.php(146): Kreait/Firebase/Factory->mapServiceAccount()
#4 D:/ANDROID/kabaddi-counter-viewModel/backend_laravel/vendor/kreait/laravel-firebase/src/FirebaseProjectManager.php(75): Kreait/Firebase/Factory->withServiceAccount()
#5 D:/ANDROID/kabaddi-counter-viewModel/backend_laravel/vendor/kreait/laravel-firebase/src/FirebaseProjectManager.php(35): Kreait/Laravel/Firebase/FirebaseProjectManager->configure()
#6 D:/ANDROID/kabaddi-counter-viewModel/backend_laravel/vendor/kreait/laravel-firebase/src/ServiceProvider.php(47): Kreait/Laravel/Firebase/FirebaseProjectManager->project()
#7 D:/ANDROID/kabaddi-counter-viewModel/backend_laravel/vendor/laravel/framework/src/Illuminate/Container/Container.php(1118): Kreait/Laravel/Firebase/ServiceProvider::Kreait/Laravel/Firebase/{closure}()
#8 D:/ANDROID/kabaddi-counter-viewModel/backend_laravel/vendor/laravel/framework/src/Illuminate/Container/Container.php(936): Illuminate/Container/Container->build()
#9 D:/ANDROID/kabaddi-counter-viewModel/backend_laravel/vendor/laravel/framework/src/Illuminate/Foundation/Application.php(1078): Illuminate/Container/Container->resolve()
#10 D:/ANDROID/kabaddi-counter-viewModel/backend_laravel/vendor/laravel/framework/src/Illuminate/Container/Container.php(864): Illuminate/Foundation/Application->resolve()
#11 D:/ANDROID/kabaddi-counter-viewModel/backend_laravel/vendor/laravel/framework/src/Illuminate/Foundation/Application.php(1058): Illuminate/Container/Container->make()
#12 D:/ANDROID/kabaddi-counter-viewModel/backend_laravel/vendor/laravel/framework/src/Illuminate/Routing/ResolvesRouteDependencies.php(92): Illuminate/Foundation/Application->make()
#13 D:/ANDROID/kabaddi-counter-viewModel/backend_laravel/vendor/laravel/framework/src/Illuminate/Routing/ResolvesRouteDependencies.php(51): Illuminate/Routing/ControllerDispatcher->transformDependency()
#14 D:/ANDROID/kabaddi-counter-viewModel/backend_laravel/vendor/laravel/framework/src/Illuminate/Routing/ResolvesRouteDependencies.php(30): Illuminate/Routing/ControllerDispatcher->resolveMethodDependencies()
#15 D:/ANDROID/kabaddi-counter-viewModel/backend_laravel/vendor/laravel/framework/src/Illuminate/Routing/ControllerDispatcher.php(59): Illuminate/Routing/ControllerDispatcher->resolveClassMethodDependencies()
#16 D:/ANDROID/kabaddi-counter-viewModel/backend_laravel/vendor/laravel/framework/src/Illuminate/Routing/ControllerDispatcher.php(40): Illuminate/Routing/ControllerDispatcher->resolveParameters()
#17 D:/ANDROID/kabaddi-counter-viewModel/backend_laravel/vendor/laravel/framework/src/Illuminate/Routing/Route.php(269): Illuminate/Routing/ControllerDispatcher->dispatch()
#18 D:/ANDROID/kabaddi-counter-viewModel/backend_laravel/vendor/laravel/framework/src/Illuminate/Routing/Route.php(215): Illuminate/Routing/Route->runController()
#19 D:/ANDROID/kabaddi-counter-viewModel/backend_laravel/vendor/laravel/framework/src/Illuminate/Routing/Router.php(822): Illuminate/Routing/Route->run()
#20 D:/ANDROID/kabaddi-counter-viewModel/backend_laravel/vendor/laravel/framework/src/Illuminate/Pipeline/Pipeline.php(180): Illuminate/Routing/Router->Illuminate/Routing/{closure}()
#21 D:/ANDROID/kabaddi-counter-viewModel/backend_laravel/vendor/laravel/framework/src/Illuminate/Routing/Middleware/SubstituteBindings.php(52): Illuminate/Pipeline/Pipeline->Illuminate/Pipeline/{closure}()
#22 D:/ANDROID/kabaddi-counter-viewModel/backend_laravel/vendor/laravel/framework/src/Illuminate/Pipeline/Pipeline.php(219): Illuminate/Routing/Middleware/SubstituteBindings->handle()
#23 D:/ANDROID/kabaddi-counter-viewModel/backend_laravel/vendor/laravel/framework/src/Illuminate/Pipeline/Pipeline.php(137): Illuminate/Pipeline/Pipeline->Illuminate/Pipeline/{closure}()
#24 D:/ANDROID/kabaddi-counter-viewModel/backend_laravel/vendor/laravel/framework/src/Illuminate/Routing/Router.php(821): Illuminate/Pipeline/Pipeline->then()
#25 D:/ANDROID/kabaddi-counter-viewModel/backend_laravel/vendor/laravel/framework/src/Illuminate/Routing/Router.php(800): Illuminate/Routing/Router->runRouteWithinStack()
#26 D:/ANDROID/kabaddi-counter-viewModel/backend_laravel/vendor/laravel/framework/src/Illuminate/Routing/Router.php(764): Illuminate/Routing/Router->runRoute()
#27 D:/ANDROID/kabaddi-counter-viewModel/backend_laravel/vendor/laravel/framework/src/Illuminate/Routing/Router.php(753): Illuminate/Routing/Router->dispatchToRoute()
#28 D:/ANDROID/kabaddi-counter-viewModel/backend_laravel/vendor/laravel/framework/src/Illuminate/Foundation/Http/Kernel.php(200): Illuminate/Routing/Router->dispatch()
#29 D:/ANDROID/kabaddi-counter-viewModel/backend_laravel/vendor/laravel/framework/src/Illuminate/Pipeline/Pipeline.php(180): Illuminate/Foundation/Http/Kernel->Illuminate/Foundation/Http/{closure}()
#30 D:/ANDROID/kabaddi-counter-viewModel/backend_laravel/vendor/laravel/framework/src/Illuminate/Foundation/Http/Middleware/TransformsRequest.php(21): Illuminate/Pipeline/Pipeline->Illuminate/Pipeline/{closure}()
#31 D:/ANDROID/kabaddi-counter-viewModel/backend_laravel/vendor/laravel/framework/src/Illuminate/Foundation/Http/Middleware/ConvertEmptyStringsToNull.php(31): Illuminate/Foundation/Http/Middleware/TransformsRequest->handle()
#32 D:/ANDROID/kabaddi-counter-viewModel/backend_laravel/vendor/laravel/framework/src/Illuminate/Pipeline/Pipeline.php(219): Illuminate/Foundation/Http/Middleware/ConvertEmptyStringsToNull->handle()
#33 D:/ANDROID/kabaddi-counter-viewModel/backend_laravel/vendor/laravel/framework/src/Illuminate/Foundation/Http/Middleware/TransformsRequest.php(21): Illuminate/Pipeline/Pipeline->Illuminate/Pipeline/{closure}()
#34 D:/ANDROID/kabaddi-counter-viewModel/backend_laravel/vendor/laravel/framework/src/Illuminate/Foundation/Http/Middleware/TrimStrings.php(51): Illuminate/Foundation/Http/Middleware/TransformsRequest->handle()
#35 D:/ANDROID/kabaddi-counter-viewModel/backend_laravel/vendor/laravel/framework/src/Illuminate/Pipeline/Pipeline.php(219): Illuminate/Foundation/Http/Middleware/TrimStrings->handle()
#36 D:/ANDROID/kabaddi-counter-viewModel/backend_laravel/vendor/laravel/framework/src/Illuminate/Http/Middleware/ValidatePostSize.php(27): Illuminate/Pipeline/Pipeline->Illuminate/Pipeline/{closure}()
#37 D:/ANDROID/kabaddi-counter-viewModel/backend_laravel/vendor/laravel/framework/src/Illuminate/Pipeline/Pipeline.php(219): Illuminate/Http/Middleware/ValidatePostSize->handle()
#38 D:/ANDROID/kabaddi-counter-viewModel/backend_laravel/vendor/laravel/framework/src/Illuminate/Foundation/Http/Middleware/PreventRequestsDuringMaintenance.php(109): Illuminate/Pipeline/Pipeline->Illuminate/Pipeline/{closure}()
#39 D:/ANDROID/kabaddi-counter-viewModel/backend_laravel/vendor/laravel/framework/src/Illuminate/Pipeline/Pipeline.php(219): Illuminate/Foundation/Http/Middleware/PreventRequestsDuringMaintenance->handle()
#40 D:/ANDROID/kabaddi-counter-viewModel/backend_laravel/vendor/laravel/framework/src/Illuminate/Http/Middleware/HandleCors.php(74): Illuminate/Pipeline/Pipeline->Illuminate/Pipeline/{closure}()
#41 D:/ANDROID/kabaddi-counter-viewModel/backend_laravel/vendor/laravel/framework/src/Illuminate/Pipeline/Pipeline.php(219): Illuminate/Http/Middleware/HandleCors->handle()
#42 D:/ANDROID/kabaddi-counter-viewModel/backend_laravel/vendor/laravel/framework/src/Illuminate/Http/Middleware/TrustProxies.php(58): Illuminate/Pipeline/Pipeline->Illuminate/Pipeline/{closure}()
#43 D:/ANDROID/kabaddi-counter-viewModel/backend_laravel/vendor/laravel/framework/src/Illuminate/Pipeline/Pipeline.php(219): Illuminate/Http/Middleware/TrustProxies->handle()
#44 D:/ANDROID/kabaddi-counter-viewModel/backend_laravel/vendor/laravel/framework/src/Illuminate/Foundation/Http/Middleware/InvokeDeferredCallbacks.php(22): Illuminate/Pipeline/Pipeline->Illuminate/Pipeline/{closure}()
#45 D:/ANDROID/kabaddi-counter-viewModel/backend_laravel/vendor/laravel/framework/src/Illuminate/Pipeline/Pipeline.php(219): Illuminate/Foundation/Http/Middleware/InvokeDeferredCallbacks->handle()
#46 D:/ANDROID/kabaddi-counter-viewModel/backend_laravel/vendor/laravel/framework/src/Illuminate/Http/Middleware/ValidatePathEncoding.php(28): Illuminate/Pipeline/Pipeline->Illuminate/Pipeline/{closure}()
#47 D:/ANDROID/kabaddi-counter-viewModel/backend_laravel/vendor/laravel/framework/src/Illuminate/Pipeline/Pipeline.php(219): Illuminate/Http/Middleware/ValidatePathEncoding->handle()
#48 D:/ANDROID/kabaddi-counter-viewModel/backend_laravel/vendor/laravel/framework/src/Illuminate/Pipeline/Pipeline.php(137): Illuminate/Pipeline/Pipeline->Illuminate/Pipeline/{closure}()
#49 D:/ANDROID/kabaddi-counter-viewModel/backend_laravel/vendor/laravel/framework/src/Illuminate/Foundation/Http/Kernel.php(175): Illuminate/Pipeline/Pipeline->then()
#50 D:/ANDROID/kabaddi-counter-viewModel/backend_laravel/vendor/laravel/framework/src/Illuminate/Foundation/Http/Kernel.php(144): Illuminate/Foundation/Http/Kernel->sendRequestThroughRouter()
#51 D:/ANDROID/kabaddi-counter-viewModel/backend_laravel/vendor/laravel/framework/src/Illuminate/Foundation/Application.php(1220): Illuminate/Foundation/Http/Kernel->handle()
#52 D:/ANDROID/kabaddi-counter-viewModel/backend_laravel/public/index.php(20): Illuminate/Foundation/Application->handleRequest()
#53 D:/ANDROID/kabaddi-counter-viewModel/backend_laravel/vendor/laravel/framework/src/Illuminate/Foundation/resources/server.php(23): require_once('...')
#54 {main}
"} 
[2026-06-09 04:21:08] local.ERROR: SplFileObject::__construct(D:\ANDROID\kabaddi-counter-viewModel\backend_laravel\${APP_BASE_PATH}/android-kabbadi-rani-tantan-firebase-adminsdk-fbsvc-815c4e9e70.json): Failed to open stream: No such file or directory {"exception":"[object] (Kreait\\Firebase\\Exception\\InvalidArgumentException(code: 0): SplFileObject::__construct(D:\\ANDROID\\kabaddi-counter-viewModel\\backend_laravel\\${APP_BASE_PATH}/android-kabbadi-rani-tantan-firebase-adminsdk-fbsvc-815c4e9e70.json): Failed to open stream: No such file or directory at D:/ANDROID/kabaddi-counter-viewModel/backend_laravel/vendor/kreait/firebase-php/src/Valinor/Source.php:57)
[stacktrace]
#0 D:/ANDROID/kabaddi-counter-viewModel/backend_laravel/vendor/kreait/firebase-php/src/Valinor/Source.php(40): Kreait/Firebase/Valinor/Source::file()
#1 D:/ANDROID/kabaddi-counter-viewModel/backend_laravel/vendor/kreait/firebase-php/src/Factory.php(663): Kreait/Firebase/Valinor/Source::parse()
#2 D:/ANDROID/kabaddi-counter-viewModel/backend_laravel/vendor/kreait/firebase-php/src/Factory.php(146): Kreait/Firebase/Factory->mapServiceAccount()
#3 D:/ANDROID/kabaddi-counter-viewModel/backend_laravel/vendor/kreait/laravel-firebase/src/FirebaseProjectManager.php(75): Kreait/Firebase/Factory->withServiceAccount()
#4 D:/ANDROID/kabaddi-counter-viewModel/backend_laravel/vendor/kreait/laravel-firebase/src/FirebaseProjectManager.php(35): Kreait/Laravel/Firebase/FirebaseProjectManager->configure()
#5 D:/ANDROID/kabaddi-counter-viewModel/backend_laravel/vendor/kreait/laravel-firebase/src/ServiceProvider.php(47): Kreait/Laravel/Firebase/FirebaseProjectManager->project()
#6 D:/ANDROID/kabaddi-counter-viewModel/backend_laravel/vendor/laravel/framework/src/Illuminate/Container/Container.php(1118): Kreait/Laravel/Firebase/ServiceProvider::Kreait/Laravel/Firebase/{closure}()
#7 D:/ANDROID/kabaddi-counter-viewModel/backend_laravel/vendor/laravel/framework/src/Illuminate/Container/Container.php(936): Illuminate/Container/Container->build()
#8 D:/ANDROID/kabaddi-counter-viewModel/backend_laravel/vendor/laravel/framework/src/Illuminate/Foundation/Application.php(1078): Illuminate/Container/Container->resolve()
#9 D:/ANDROID/kabaddi-counter-viewModel/backend_laravel/vendor/laravel/framework/src/Illuminate/Container/Container.php(864): Illuminate/Foundation/Application->resolve()
#10 D:/ANDROID/kabaddi-counter-viewModel/backend_laravel/vendor/laravel/framework/src/Illuminate/Foundation/Application.php(1058): Illuminate/Container/Container->make()
#11 D:/ANDROID/kabaddi-counter-viewModel/backend_laravel/vendor/laravel/framework/src/Illuminate/Routing/ResolvesRouteDependencies.php(92): Illuminate/Foundation/Application->make()
#12 D:/ANDROID/kabaddi-counter-viewModel/backend_laravel/vendor/laravel/framework/src/Illuminate/Routing/ResolvesRouteDependencies.php(51): Illuminate/Routing/ControllerDispatcher->transformDependency()
#13 D:/ANDROID/kabaddi-counter-viewModel/backend_laravel/vendor/laravel/framework/src/Illuminate/Routing/ResolvesRouteDependencies.php(30): Illuminate/Routing/ControllerDispatcher->resolveMethodDependencies()
#14 D:/ANDROID/kabaddi-counter-viewModel/backend_laravel/vendor/laravel/framework/src/Illuminate/Routing/ControllerDispatcher.php(59): Illuminate/Routing/ControllerDispatcher->resolveClassMethodDependencies()
#15 D:/ANDROID/kabaddi-counter-viewModel/backend_laravel/vendor/laravel/framework/src/Illuminate/Routing/ControllerDispatcher.php(40): Illuminate/Routing/ControllerDispatcher->resolveParameters()
#16 D:/ANDROID/kabaddi-counter-viewModel/backend_laravel/vendor/laravel/framework/src/Illuminate/Routing/Route.php(269): Illuminate/Routing/ControllerDispatcher->dispatch()
#17 D:/ANDROID/kabaddi-counter-viewModel/backend_laravel/vendor/laravel/framework/src/Illuminate/Routing/Route.php(215): Illuminate/Routing/Route->runController()
#18 D:/ANDROID/kabaddi-counter-viewModel/backend_laravel/vendor/laravel/framework/src/Illuminate/Routing/Router.php(822): Illuminate/Routing/Route->run()
#19 D:/ANDROID/kabaddi-counter-viewModel/backend_laravel/vendor/laravel/framework/src/Illuminate/Pipeline/Pipeline.php(180): Illuminate/Routing/Router->Illuminate/Routing/{closure}()
#20 D:/ANDROID/kabaddi-counter-viewModel/backend_laravel/vendor/laravel/framework/src/Illuminate/Routing/Middleware/SubstituteBindings.php(52): Illuminate/Pipeline/Pipeline->Illuminate/Pipeline/{closure}()
#21 D:/ANDROID/kabaddi-counter-viewModel/backend_laravel/vendor/laravel/framework/src/Illuminate/Pipeline/Pipeline.php(219): Illuminate/Routing/Middleware/SubstituteBindings->handle()
#22 D:/ANDROID/kabaddi-counter-viewModel/backend_laravel/vendor/laravel/framework/src/Illuminate/Pipeline/Pipeline.php(137): Illuminate/Pipeline/Pipeline->Illuminate/Pipeline/{closure}()
#23 D:/ANDROID/kabaddi-counter-viewModel/backend_laravel/vendor/laravel/framework/src/Illuminate/Routing/Router.php(821): Illuminate/Pipeline/Pipeline->then()
#24 D:/ANDROID/kabaddi-counter-viewModel/backend_laravel/vendor/laravel/framework/src/Illuminate/Routing/Router.php(800): Illuminate/Routing/Router->runRouteWithinStack()
#25 D:/ANDROID/kabaddi-counter-viewModel/backend_laravel/vendor/laravel/framework/src/Illuminate/Routing/Router.php(764): Illuminate/Routing/Router->runRoute()
#26 D:/ANDROID/kabaddi-counter-viewModel/backend_laravel/vendor/laravel/framework/src/Illuminate/Routing/Router.php(753): Illuminate/Routing/Router->dispatchToRoute()
#27 D:/ANDROID/kabaddi-counter-viewModel/backend_laravel/vendor/laravel/framework/src/Illuminate/Foundation/Http/Kernel.php(200): Illuminate/Routing/Router->dispatch()
#28 D:/ANDROID/kabaddi-counter-viewModel/backend_laravel/vendor/laravel/framework/src/Illuminate/Pipeline/Pipeline.php(180): Illuminate/Foundation/Http/Kernel->Illuminate/Foundation/Http/{closure}()
#29 D:/ANDROID/kabaddi-counter-viewModel/backend_laravel/vendor/laravel/framework/src/Illuminate/Foundation/Http/Middleware/TransformsRequest.php(21): Illuminate/Pipeline/Pipeline->Illuminate/Pipeline/{closure}()
#30 D:/ANDROID/kabaddi-counter-viewModel/backend_laravel/vendor/laravel/framework/src/Illuminate/Foundation/Http/Middleware/ConvertEmptyStringsToNull.php(31): Illuminate/Foundation/Http/Middleware/TransformsRequest->handle()
#31 D:/ANDROID/kabaddi-counter-viewModel/backend_laravel/vendor/laravel/framework/src/Illuminate/Pipeline/Pipeline.php(219): Illuminate/Foundation/Http/Middleware/ConvertEmptyStringsToNull->handle()
#32 D:/ANDROID/kabaddi-counter-viewModel/backend_laravel/vendor/laravel/framework/src/Illuminate/Foundation/Http/Middleware/TransformsRequest.php(21): Illuminate/Pipeline/Pipeline->Illuminate/Pipeline/{closure}()
#33 D:/ANDROID/kabaddi-counter-viewModel/backend_laravel/vendor/laravel/framework/src/Illuminate/Foundation/Http/Middleware/TrimStrings.php(51): Illuminate/Foundation/Http/Middleware/TransformsRequest->handle()
#34 D:/ANDROID/kabaddi-counter-viewModel/backend_laravel/vendor/laravel/framework/src/Illuminate/Pipeline/Pipeline.php(219): Illuminate/Foundation/Http/Middleware/TrimStrings->handle()
#35 D:/ANDROID/kabaddi-counter-viewModel/backend_laravel/vendor/laravel/framework/src/Illuminate/Http/Middleware/ValidatePostSize.php(27): Illuminate/Pipeline/Pipeline->Illuminate/Pipeline/{closure}()
#36 D:/ANDROID/kabaddi-counter-viewModel/backend_laravel/vendor/laravel/framework/src/Illuminate/Pipeline/Pipeline.php(219): Illuminate/Http/Middleware/ValidatePostSize->handle()
#37 D:/ANDROID/kabaddi-counter-viewModel/backend_laravel/vendor/laravel/framework/src/Illuminate/Foundation/Http/Middleware/PreventRequestsDuringMaintenance.php(109): Illuminate/Pipeline/Pipeline->Illuminate/Pipeline/{closure}()
#38 D:/ANDROID/kabaddi-counter-viewModel/backend_laravel/vendor/laravel/framework/src/Illuminate/Pipeline/Pipeline.php(219): Illuminate/Foundation/Http/Middleware/PreventRequestsDuringMaintenance->handle()
#39 D:/ANDROID/kabaddi-counter-viewModel/backend_laravel/vendor/laravel/framework/src/Illuminate/Http/Middleware/HandleCors.php(74): Illuminate/Pipeline/Pipeline->Illuminate/Pipeline/{closure}()
#40 D:/ANDROID/kabaddi-counter-viewModel/backend_laravel/vendor/laravel/framework/src/Illuminate/Pipeline/Pipeline.php(219): Illuminate/Http/Middleware/HandleCors->handle()
#41 D:/ANDROID/kabaddi-counter-viewModel/backend_laravel/vendor/laravel/framework/src/Illuminate/Http/Middleware/TrustProxies.php(58): Illuminate/Pipeline/Pipeline->Illuminate/Pipeline/{closure}()
#42 D:/ANDROID/kabaddi-counter-viewModel/backend_laravel/vendor/laravel/framework/src/Illuminate/Pipeline/Pipeline.php(219): Illuminate/Http/Middleware/TrustProxies->handle()
#43 D:/ANDROID/kabaddi-counter-viewModel/backend_laravel/vendor/laravel/framework/src/Illuminate/Foundation/Http/Middleware/InvokeDeferredCallbacks.php(22): Illuminate/Pipeline/Pipeline->Illuminate/Pipeline/{closure}()
#44 D:/ANDROID/kabaddi-counter-viewModel/backend_laravel/vendor/laravel/framework/src/Illuminate/Pipeline/Pipeline.php(219): Illuminate/Foundation/Http/Middleware/InvokeDeferredCallbacks->handle()
#45 D:/ANDROID/kabaddi-counter-viewModel/backend_laravel/vendor/laravel/framework/src/Illuminate/Http/Middleware/ValidatePathEncoding.php(28): Illuminate/Pipeline/Pipeline->Illuminate/Pipeline/{closure}()
#46 D:/ANDROID/kabaddi-counter-viewModel/backend_laravel/vendor/laravel/framework/src/Illuminate/Pipeline/Pipeline.php(219): Illuminate/Http/Middleware/ValidatePathEncoding->handle()
#47 D:/ANDROID/kabaddi-counter-viewModel/backend_laravel/vendor/laravel/framework/src/Illuminate/Pipeline/Pipeline.php(137): Illuminate/Pipeline/Pipeline->Illuminate/Pipeline/{closure}()
#48 D:/ANDROID/kabaddi-counter-viewModel/backend_laravel/vendor/laravel/framework/src/Illuminate/Foundation/Http/Kernel.php(175): Illuminate/Pipeline/Pipeline->then()
#49 D:/ANDROID/kabaddi-counter-viewModel/backend_laravel/vendor/laravel/framework/src/Illuminate/Foundation/Http/Kernel.php(144): Illuminate/Foundation/Http/Kernel->sendRequestThroughRouter()
#50 D:/ANDROID/kabaddi-counter-viewModel/backend_laravel/vendor/laravel/framework/src/Illuminate/Foundation/Application.php(1220): Illuminate/Foundation/Http/Kernel->handle()
#51 D:/ANDROID/kabaddi-counter-viewModel/backend_laravel/public/index.php(20): Illuminate/Foundation/Application->handleRequest()
#52 D:/ANDROID/kabaddi-counter-viewModel/backend_laravel/vendor/laravel/framework/src/Illuminate/Foundation/resources/server.php(23): require_once('...')
#53 {main}

[previous exception] [object] (RuntimeException(code: 0): SplFileObject::__construct(D:\\ANDROID\\kabaddi-counter-viewModel\\backend_laravel\\${APP_BASE_PATH}/android-kabbadi-rani-tantan-firebase-adminsdk-fbsvc-815c4e9e70.json): Failed to open stream: No such file or directory at D:/ANDROID/kabaddi-counter-viewModel/backend_laravel/vendor/kreait/firebase-php/src/Valinor/Source.php:55)
[stacktrace]
#0 D:/ANDROID/kabaddi-counter-viewModel/backend_laravel/vendor/kreait/firebase-php/src/Valinor/Source.php(55): SplFileObject->__construct()
#1 D:/ANDROID/kabaddi-counter-viewModel/backend_laravel/vendor/kreait/firebase-php/src/Valinor/Source.php(40): Kreait/Firebase/Valinor/Source::file()
#2 D:/ANDROID/kabaddi-counter-viewModel/backend_laravel/vendor/kreait/firebase-php/src/Factory.php(663): Kreait/Firebase/Valinor/Source::parse()
#3 D:/ANDROID/kabaddi-counter-viewModel/backend_laravel/vendor/kreait/firebase-php/src/Factory.php(146): Kreait/Firebase/Factory->mapServiceAccount()
#4 D:/ANDROID/kabaddi-counter-viewModel/backend_laravel/vendor/kreait/laravel-firebase/src/FirebaseProjectManager.php(75): Kreait/Firebase/Factory->withServiceAccount()
#5 D:/ANDROID/kabaddi-counter-viewModel/backend_laravel/vendor/kreait/laravel-firebase/src/FirebaseProjectManager.php(35): Kreait/Laravel/Firebase/FirebaseProjectManager->configure()
#6 D:/ANDROID/kabaddi-counter-viewModel/backend_laravel/vendor/kreait/laravel-firebase/src/ServiceProvider.php(47): Kreait/Laravel/Firebase/FirebaseProjectManager->project()
#7 D:/ANDROID/kabaddi-counter-viewModel/backend_laravel/vendor/laravel/framework/src/Illuminate/Container/Container.php(1118): Kreait/Laravel/Firebase/ServiceProvider::Kreait/Laravel/Firebase/{closure}()
#8 D:/ANDROID/kabaddi-counter-viewModel/backend_laravel/vendor/laravel/framework/src/Illuminate/Container/Container.php(936): Illuminate/Container/Container->build()
#9 D:/ANDROID/kabaddi-counter-viewModel/backend_laravel/vendor/laravel/framework/src/Illuminate/Foundation/Application.php(1078): Illuminate/Container/Container->resolve()
#10 D:/ANDROID/kabaddi-counter-viewModel/backend_laravel/vendor/laravel/framework/src/Illuminate/Container/Container.php(864): Illuminate/Foundation/Application->resolve()
#11 D:/ANDROID/kabaddi-counter-viewModel/backend_laravel/vendor/laravel/framework/src/Illuminate/Foundation/Application.php(1058): Illuminate/Container/Container->make()
#12 D:/ANDROID/kabaddi-counter-viewModel/backend_laravel/vendor/laravel/framework/src/Illuminate/Routing/ResolvesRouteDependencies.php(92): Illuminate/Foundation/Application->make()
#13 D:/ANDROID/kabaddi-counter-viewModel/backend_laravel/vendor/laravel/framework/src/Illuminate/Routing/ResolvesRouteDependencies.php(51): Illuminate/Routing/ControllerDispatcher->transformDependency()
#14 D:/ANDROID/kabaddi-counter-viewModel/backend_laravel/vendor/laravel/framework/src/Illuminate/Routing/ResolvesRouteDependencies.php(30): Illuminate/Routing/ControllerDispatcher->resolveMethodDependencies()
#15 D:/ANDROID/kabaddi-counter-viewModel/backend_laravel/vendor/laravel/framework/src/Illuminate/Routing/ControllerDispatcher.php(59): Illuminate/Routing/ControllerDispatcher->resolveClassMethodDependencies()
#16 D:/ANDROID/kabaddi-counter-viewModel/backend_laravel/vendor/laravel/framework/src/Illuminate/Routing/ControllerDispatcher.php(40): Illuminate/Routing/ControllerDispatcher->resolveParameters()
#17 D:/ANDROID/kabaddi-counter-viewModel/backend_laravel/vendor/laravel/framework/src/Illuminate/Routing/Route.php(269): Illuminate/Routing/ControllerDispatcher->dispatch()
#18 D:/ANDROID/kabaddi-counter-viewModel/backend_laravel/vendor/laravel/framework/src/Illuminate/Routing/Route.php(215): Illuminate/Routing/Route->runController()
#19 D:/ANDROID/kabaddi-counter-viewModel/backend_laravel/vendor/laravel/framework/src/Illuminate/Routing/Router.php(822): Illuminate/Routing/Route->run()
#20 D:/ANDROID/kabaddi-counter-viewModel/backend_laravel/vendor/laravel/framework/src/Illuminate/Pipeline/Pipeline.php(180): Illuminate/Routing/Router->Illuminate/Routing/{closure}()
#21 D:/ANDROID/kabaddi-counter-viewModel/backend_laravel/vendor/laravel/framework/src/Illuminate/Routing/Middleware/SubstituteBindings.php(52): Illuminate/Pipeline/Pipeline->Illuminate/Pipeline/{closure}()
#22 D:/ANDROID/kabaddi-counter-viewModel/backend_laravel/vendor/laravel/framework/src/Illuminate/Pipeline/Pipeline.php(219): Illuminate/Routing/Middleware/SubstituteBindings->handle()
#23 D:/ANDROID/kabaddi-counter-viewModel/backend_laravel/vendor/laravel/framework/src/Illuminate/Pipeline/Pipeline.php(137): Illuminate/Pipeline/Pipeline->Illuminate/Pipeline/{closure}()
#24 D:/ANDROID/kabaddi-counter-viewModel/backend_laravel/vendor/laravel/framework/src/Illuminate/Routing/Router.php(821): Illuminate/Pipeline/Pipeline->then()
#25 D:/ANDROID/kabaddi-counter-viewModel/backend_laravel/vendor/laravel/framework/src/Illuminate/Routing/Router.php(800): Illuminate/Routing/Router->runRouteWithinStack()
#26 D:/ANDROID/kabaddi-counter-viewModel/backend_laravel/vendor/laravel/framework/src/Illuminate/Routing/Router.php(764): Illuminate/Routing/Router->runRoute()
#27 D:/ANDROID/kabaddi-counter-viewModel/backend_laravel/vendor/laravel/framework/src/Illuminate/Routing/Router.php(753): Illuminate/Routing/Router->dispatchToRoute()
#28 D:/ANDROID/kabaddi-counter-viewModel/backend_laravel/vendor/laravel/framework/src/Illuminate/Foundation/Http/Kernel.php(200): Illuminate/Routing/Router->dispatch()
#29 D:/ANDROID/kabaddi-counter-viewModel/backend_laravel/vendor/laravel/framework/src/Illuminate/Pipeline/Pipeline.php(180): Illuminate/Foundation/Http/Kernel->Illuminate/Foundation/Http/{closure}()
#30 D:/ANDROID/kabaddi-counter-viewModel/backend_laravel/vendor/laravel/framework/src/Illuminate/Foundation/Http/Middleware/TransformsRequest.php(21): Illuminate/Pipeline/Pipeline->Illuminate/Pipeline/{closure}()
#31 D:/ANDROID/kabaddi-counter-viewModel/backend_laravel/vendor/laravel/framework/src/Illuminate/Foundation/Http/Middleware/ConvertEmptyStringsToNull.php(31): Illuminate/Foundation/Http/Middleware/TransformsRequest->handle()
#32 D:/ANDROID/kabaddi-counter-viewModel/backend_laravel/vendor/laravel/framework/src/Illuminate/Pipeline/Pipeline.php(219): Illuminate/Foundation/Http/Middleware/ConvertEmptyStringsToNull->handle()
#33 D:/ANDROID/kabaddi-counter-viewModel/backend_laravel/vendor/laravel/framework/src/Illuminate/Foundation/Http/Middleware/TransformsRequest.php(21): Illuminate/Pipeline/Pipeline->Illuminate/Pipeline/{closure}()
#34 D:/ANDROID/kabaddi-counter-viewModel/backend_laravel/vendor/laravel/framework/src/Illuminate/Foundation/Http/Middleware/TrimStrings.php(51): Illuminate/Foundation/Http/Middleware/TransformsRequest->handle()
#35 D:/ANDROID/kabaddi-counter-viewModel/backend_laravel/vendor/laravel/framework/src/Illuminate/Pipeline/Pipeline.php(219): Illuminate/Foundation/Http/Middleware/TrimStrings->handle()
#36 D:/ANDROID/kabaddi-counter-viewModel/backend_laravel/vendor/laravel/framework/src/Illuminate/Http/Middleware/ValidatePostSize.php(27): Illuminate/Pipeline/Pipeline->Illuminate/Pipeline/{closure}()
#37 D:/ANDROID/kabaddi-counter-viewModel/backend_laravel/vendor/laravel/framework/src/Illuminate/Pipeline/Pipeline.php(219): Illuminate/Http/Middleware/ValidatePostSize->handle()
#38 D:/ANDROID/kabaddi-counter-viewModel/backend_laravel/vendor/laravel/framework/src/Illuminate/Foundation/Http/Middleware/PreventRequestsDuringMaintenance.php(109): Illuminate/Pipeline/Pipeline->Illuminate/Pipeline/{closure}()
#39 D:/ANDROID/kabaddi-counter-viewModel/backend_laravel/vendor/laravel/framework/src/Illuminate/Pipeline/Pipeline.php(219): Illuminate/Foundation/Http/Middleware/PreventRequestsDuringMaintenance->handle()
#40 D:/ANDROID/kabaddi-counter-viewModel/backend_laravel/vendor/laravel/framework/src/Illuminate/Http/Middleware/HandleCors.php(74): Illuminate/Pipeline/Pipeline->Illuminate/Pipeline/{closure}()
#41 D:/ANDROID/kabaddi-counter-viewModel/backend_laravel/vendor/laravel/framework/src/Illuminate/Pipeline/Pipeline.php(219): Illuminate/Http/Middleware/HandleCors->handle()
#42 D:/ANDROID/kabaddi-counter-viewModel/backend_laravel/vendor/laravel/framework/src/Illuminate/Http/Middleware/TrustProxies.php(58): Illuminate/Pipeline/Pipeline->Illuminate/Pipeline/{closure}()
#43 D:/ANDROID/kabaddi-counter-viewModel/backend_laravel/vendor/laravel/framework/src/Illuminate/Pipeline/Pipeline.php(219): Illuminate/Http/Middleware/TrustProxies->handle()
#44 D:/ANDROID/kabaddi-counter-viewModel/backend_laravel/vendor/laravel/framework/src/Illuminate/Foundation/Http/Middleware/InvokeDeferredCallbacks.php(22): Illuminate/Pipeline/Pipeline->Illuminate/Pipeline/{closure}()
#45 D:/ANDROID/kabaddi-counter-viewModel/backend_laravel/vendor/laravel/framework/src/Illuminate/Pipeline/Pipeline.php(219): Illuminate/Foundation/Http/Middleware/InvokeDeferredCallbacks->handle()
#46 D:/ANDROID/kabaddi-counter-viewModel/backend_laravel/vendor/laravel/framework/src/Illuminate/Http/Middleware/ValidatePathEncoding.php(28): Illuminate/Pipeline/Pipeline->Illuminate/Pipeline/{closure}()
#47 D:/ANDROID/kabaddi-counter-viewModel/backend_laravel/vendor/laravel/framework/src/Illuminate/Pipeline/Pipeline.php(219): Illuminate/Http/Middleware/ValidatePathEncoding->handle()
#48 D:/ANDROID/kabaddi-counter-viewModel/backend_laravel/vendor/laravel/framework/src/Illuminate/Pipeline/Pipeline.php(137): Illuminate/Pipeline/Pipeline->Illuminate/Pipeline/{closure}()
#49 D:/ANDROID/kabaddi-counter-viewModel/backend_laravel/vendor/laravel/framework/src/Illuminate/Foundation/Http/Kernel.php(175): Illuminate/Pipeline/Pipeline->then()
#50 D:/ANDROID/kabaddi-counter-viewModel/backend_laravel/vendor/laravel/framework/src/Illuminate/Foundation/Http/Kernel.php(144): Illuminate/Foundation/Http/Kernel->sendRequestThroughRouter()
#51 D:/ANDROID/kabaddi-counter-viewModel/backend_laravel/vendor/laravel/framework/src/Illuminate/Foundation/Application.php(1220): Illuminate/Foundation/Http/Kernel->handle()
#52 D:/ANDROID/kabaddi-counter-viewModel/backend_laravel/public/index.php(20): Illuminate/Foundation/Application->handleRequest()
#53 D:/ANDROID/kabaddi-counter-viewModel/backend_laravel/vendor/laravel/framework/src/Illuminate/Foundation/resources/server.php(23): require_once('...')
#54 {main}
"} 
[2026-06-09 04:25:03] local.ERROR: SplFileObject::__construct(D:\ANDROID\kabaddi-counter-viewModel\backend_laravel\D:/ANDROID/kabaddi-counter-viewModel/backend_laravel/android-kabbadi-rani-tantan-firebase-adminsdk-fbsvc-815c4e9e70.json): Failed to open stream: No such file or directory {"exception":"[object] (Kreait\\Firebase\\Exception\\InvalidArgumentException(code: 0): SplFileObject::__construct(D:\\ANDROID\\kabaddi-counter-viewModel\\backend_laravel\\D:/ANDROID/kabaddi-counter-viewModel/backend_laravel/android-kabbadi-rani-tantan-firebase-adminsdk-fbsvc-815c4e9e70.json): Failed to open stream: No such file or directory at D:/ANDROID/kabaddi-counter-viewModel/backend_laravel/vendor/kreait/firebase-php/src/Valinor/Source.php:57)
[stacktrace]
#0 D:/ANDROID/kabaddi-counter-viewModel/backend_laravel/vendor/kreait/firebase-php/src/Valinor/Source.php(40): Kreait/Firebase/Valinor/Source::file()
#1 D:/ANDROID/kabaddi-counter-viewModel/backend_laravel/vendor/kreait/firebase-php/src/Factory.php(663): Kreait/Firebase/Valinor/Source::parse()
#2 D:/ANDROID/kabaddi-counter-viewModel/backend_laravel/vendor/kreait/firebase-php/src/Factory.php(146): Kreait/Firebase/Factory->mapServiceAccount()
#3 D:/ANDROID/kabaddi-counter-viewModel/backend_laravel/vendor/kreait/laravel-firebase/src/FirebaseProjectManager.php(75): Kreait/Firebase/Factory->withServiceAccount()
#4 D:/ANDROID/kabaddi-counter-viewModel/backend_laravel/vendor/kreait/laravel-firebase/src/FirebaseProjectManager.php(35): Kreait/Laravel/Firebase/FirebaseProjectManager->configure()
#5 D:/ANDROID/kabaddi-counter-viewModel/backend_laravel/vendor/kreait/laravel-firebase/src/ServiceProvider.php(47): Kreait/Laravel/Firebase/FirebaseProjectManager->project()
#6 D:/ANDROID/kabaddi-counter-viewModel/backend_laravel/vendor/laravel/framework/src/Illuminate/Container/Container.php(1118): Kreait/Laravel/Firebase/ServiceProvider::Kreait/Laravel/Firebase/{closure}()
#7 D:/ANDROID/kabaddi-counter-viewModel/backend_laravel/vendor/laravel/framework/src/Illuminate/Container/Container.php(936): Illuminate/Container/Container->build()
#8 D:/ANDROID/kabaddi-counter-viewModel/backend_laravel/vendor/laravel/framework/src/Illuminate/Foundation/Application.php(1078): Illuminate/Container/Container->resolve()
#9 D:/ANDROID/kabaddi-counter-viewModel/backend_laravel/vendor/laravel/framework/src/Illuminate/Container/Container.php(864): Illuminate/Foundation/Application->resolve()
#10 D:/ANDROID/kabaddi-counter-viewModel/backend_laravel/vendor/laravel/framework/src/Illuminate/Foundation/Application.php(1058): Illuminate/Container/Container->make()
#11 D:/ANDROID/kabaddi-counter-viewModel/backend_laravel/vendor/laravel/framework/src/Illuminate/Routing/ResolvesRouteDependencies.php(92): Illuminate/Foundation/Application->make()
#12 D:/ANDROID/kabaddi-counter-viewModel/backend_laravel/vendor/laravel/framework/src/Illuminate/Routing/ResolvesRouteDependencies.php(51): Illuminate/Routing/ControllerDispatcher->transformDependency()
#13 D:/ANDROID/kabaddi-counter-viewModel/backend_laravel/vendor/laravel/framework/src/Illuminate/Routing/ResolvesRouteDependencies.php(30): Illuminate/Routing/ControllerDispatcher->resolveMethodDependencies()
#14 D:/ANDROID/kabaddi-counter-viewModel/backend_laravel/vendor/laravel/framework/src/Illuminate/Routing/ControllerDispatcher.php(59): Illuminate/Routing/ControllerDispatcher->resolveClassMethodDependencies()
#15 D:/ANDROID/kabaddi-counter-viewModel/backend_laravel/vendor/laravel/framework/src/Illuminate/Routing/ControllerDispatcher.php(40): Illuminate/Routing/ControllerDispatcher->resolveParameters()
#16 D:/ANDROID/kabaddi-counter-viewModel/backend_laravel/vendor/laravel/framework/src/Illuminate/Routing/Route.php(269): Illuminate/Routing/ControllerDispatcher->dispatch()
#17 D:/ANDROID/kabaddi-counter-viewModel/backend_laravel/vendor/laravel/framework/src/Illuminate/Routing/Route.php(215): Illuminate/Routing/Route->runController()
#18 D:/ANDROID/kabaddi-counter-viewModel/backend_laravel/vendor/laravel/framework/src/Illuminate/Routing/Router.php(822): Illuminate/Routing/Route->run()
#19 D:/ANDROID/kabaddi-counter-viewModel/backend_laravel/vendor/laravel/framework/src/Illuminate/Pipeline/Pipeline.php(180): Illuminate/Routing/Router->Illuminate/Routing/{closure}()
#20 D:/ANDROID/kabaddi-counter-viewModel/backend_laravel/vendor/laravel/framework/src/Illuminate/Routing/Middleware/SubstituteBindings.php(52): Illuminate/Pipeline/Pipeline->Illuminate/Pipeline/{closure}()
#21 D:/ANDROID/kabaddi-counter-viewModel/backend_laravel/vendor/laravel/framework/src/Illuminate/Pipeline/Pipeline.php(219): Illuminate/Routing/Middleware/SubstituteBindings->handle()
#22 D:/ANDROID/kabaddi-counter-viewModel/backend_laravel/vendor/laravel/framework/src/Illuminate/Pipeline/Pipeline.php(137): Illuminate/Pipeline/Pipeline->Illuminate/Pipeline/{closure}()
#23 D:/ANDROID/kabaddi-counter-viewModel/backend_laravel/vendor/laravel/framework/src/Illuminate/Routing/Router.php(821): Illuminate/Pipeline/Pipeline->then()
#24 D:/ANDROID/kabaddi-counter-viewModel/backend_laravel/vendor/laravel/framework/src/Illuminate/Routing/Router.php(800): Illuminate/Routing/Router->runRouteWithinStack()
#25 D:/ANDROID/kabaddi-counter-viewModel/backend_laravel/vendor/laravel/framework/src/Illuminate/Routing/Router.php(764): Illuminate/Routing/Router->runRoute()
#26 D:/ANDROID/kabaddi-counter-viewModel/backend_laravel/vendor/laravel/framework/src/Illuminate/Routing/Router.php(753): Illuminate/Routing/Router->dispatchToRoute()
#27 D:/ANDROID/kabaddi-counter-viewModel/backend_laravel/vendor/laravel/framework/src/Illuminate/Foundation/Http/Kernel.php(200): Illuminate/Routing/Router->dispatch()
#28 D:/ANDROID/kabaddi-counter-viewModel/backend_laravel/vendor/laravel/framework/src/Illuminate/Pipeline/Pipeline.php(180): Illuminate/Foundation/Http/Kernel->Illuminate/Foundation/Http/{closure}()
#29 D:/ANDROID/kabaddi-counter-viewModel/backend_laravel/vendor/laravel/framework/src/Illuminate/Foundation/Http/Middleware/TransformsRequest.php(21): Illuminate/Pipeline/Pipeline->Illuminate/Pipeline/{closure}()
#30 D:/ANDROID/kabaddi-counter-viewModel/backend_laravel/vendor/laravel/framework/src/Illuminate/Foundation/Http/Middleware/ConvertEmptyStringsToNull.php(31): Illuminate/Foundation/Http/Middleware/TransformsRequest->handle()
#31 D:/ANDROID/kabaddi-counter-viewModel/backend_laravel/vendor/laravel/framework/src/Illuminate/Pipeline/Pipeline.php(219): Illuminate/Foundation/Http/Middleware/ConvertEmptyStringsToNull->handle()
#32 D:/ANDROID/kabaddi-counter-viewModel/backend_laravel/vendor/laravel/framework/src/Illuminate/Foundation/Http/Middleware/TransformsRequest.php(21): Illuminate/Pipeline/Pipeline->Illuminate/Pipeline/{closure}()
#33 D:/ANDROID/kabaddi-counter-viewModel/backend_laravel/vendor/laravel/framework/src/Illuminate/Foundation/Http/Middleware/TrimStrings.php(51): Illuminate/Foundation/Http/Middleware/TransformsRequest->handle()
#34 D:/ANDROID/kabaddi-counter-viewModel/backend_laravel/vendor/laravel/framework/src/Illuminate/Pipeline/Pipeline.php(219): Illuminate/Foundation/Http/Middleware/TrimStrings->handle()
#35 D:/ANDROID/kabaddi-counter-viewModel/backend_laravel/vendor/laravel/framework/src/Illuminate/Http/Middleware/ValidatePostSize.php(27): Illuminate/Pipeline/Pipeline->Illuminate/Pipeline/{closure}()
#36 D:/ANDROID/kabaddi-counter-viewModel/backend_laravel/vendor/laravel/framework/src/Illuminate/Pipeline/Pipeline.php(219): Illuminate/Http/Middleware/ValidatePostSize->handle()
#37 D:/ANDROID/kabaddi-counter-viewModel/backend_laravel/vendor/laravel/framework/src/Illuminate/Foundation/Http/Middleware/PreventRequestsDuringMaintenance.php(109): Illuminate/Pipeline/Pipeline->Illuminate/Pipeline/{closure}()
#38 D:/ANDROID/kabaddi-counter-viewModel/backend_laravel/vendor/laravel/framework/src/Illuminate/Pipeline/Pipeline.php(219): Illuminate/Foundation/Http/Middleware/PreventRequestsDuringMaintenance->handle()
#39 D:/ANDROID/kabaddi-counter-viewModel/backend_laravel/vendor/laravel/framework/src/Illuminate/Http/Middleware/HandleCors.php(74): Illuminate/Pipeline/Pipeline->Illuminate/Pipeline/{closure}()
#40 D:/ANDROID/kabaddi-counter-viewModel/backend_laravel/vendor/laravel/framework/src/Illuminate/Pipeline/Pipeline.php(219): Illuminate/Http/Middleware/HandleCors->handle()
#41 D:/ANDROID/kabaddi-counter-viewModel/backend_laravel/vendor/laravel/framework/src/Illuminate/Http/Middleware/TrustProxies.php(58): Illuminate/Pipeline/Pipeline->Illuminate/Pipeline/{closure}()
#42 D:/ANDROID/kabaddi-counter-viewModel/backend_laravel/vendor/laravel/framework/src/Illuminate/Pipeline/Pipeline.php(219): Illuminate/Http/Middleware/TrustProxies->handle()
#43 D:/ANDROID/kabaddi-counter-viewModel/backend_laravel/vendor/laravel/framework/src/Illuminate/Foundation/Http/Middleware/InvokeDeferredCallbacks.php(22): Illuminate/Pipeline/Pipeline->Illuminate/Pipeline/{closure}()
#44 D:/ANDROID/kabaddi-counter-viewModel/backend_laravel/vendor/laravel/framework/src/Illuminate/Pipeline/Pipeline.php(219): Illuminate/Foundation/Http/Middleware/InvokeDeferredCallbacks->handle()
#45 D:/ANDROID/kabaddi-counter-viewModel/backend_laravel/vendor/laravel/framework/src/Illuminate/Http/Middleware/ValidatePathEncoding.php(28): Illuminate/Pipeline/Pipeline->Illuminate/Pipeline/{closure}()
#46 D:/ANDROID/kabaddi-counter-viewModel/backend_laravel/vendor/laravel/framework/src/Illuminate/Pipeline/Pipeline.php(219): Illuminate/Http/Middleware/ValidatePathEncoding->handle()
#47 D:/ANDROID/kabaddi-counter-viewModel/backend_laravel/vendor/laravel/framework/src/Illuminate/Pipeline/Pipeline.php(137): Illuminate/Pipeline/Pipeline->Illuminate/Pipeline/{closure}()
#48 D:/ANDROID/kabaddi-counter-viewModel/backend_laravel/vendor/laravel/framework/src/Illuminate/Foundation/Http/Kernel.php(175): Illuminate/Pipeline/Pipeline->then()
#49 D:/ANDROID/kabaddi-counter-viewModel/backend_laravel/vendor/laravel/framework/src/Illuminate/Foundation/Http/Kernel.php(144): Illuminate/Foundation/Http/Kernel->sendRequestThroughRouter()
#50 D:/ANDROID/kabaddi-counter-viewModel/backend_laravel/vendor/laravel/framework/src/Illuminate/Foundation/Application.php(1220): Illuminate/Foundation/Http/Kernel->handle()
#51 D:/ANDROID/kabaddi-counter-viewModel/backend_laravel/public/index.php(20): Illuminate/Foundation/Application->handleRequest()
#52 D:/ANDROID/kabaddi-counter-viewModel/backend_laravel/vendor/laravel/framework/src/Illuminate/Foundation/resources/server.php(23): require_once('...')
#53 {main}

[previous exception] [object] (RuntimeException(code: 0): SplFileObject::__construct(D:\\ANDROID\\kabaddi-counter-viewModel\\backend_laravel\\D:/ANDROID/kabaddi-counter-viewModel/backend_laravel/android-kabbadi-rani-tantan-firebase-adminsdk-fbsvc-815c4e9e70.json): Failed to open stream: No such file or directory at D:/ANDROID/kabaddi-counter-viewModel/backend_laravel/vendor/kreait/firebase-php/src/Valinor/Source.php:55)
[stacktrace]
#0 D:/ANDROID/kabaddi-counter-viewModel/backend_laravel/vendor/kreait/firebase-php/src/Valinor/Source.php(55): SplFileObject->__construct()
#1 D:/ANDROID/kabaddi-counter-viewModel/backend_laravel/vendor/kreait/firebase-php/src/Valinor/Source.php(40): Kreait/Firebase/Valinor/Source::file()
#2 D:/ANDROID/kabaddi-counter-viewModel/backend_laravel/vendor/kreait/firebase-php/src/Factory.php(663): Kreait/Firebase/Valinor/Source::parse()
#3 D:/ANDROID/kabaddi-counter-viewModel/backend_laravel/vendor/kreait/firebase-php/src/Factory.php(146): Kreait/Firebase/Factory->mapServiceAccount()
#4 D:/ANDROID/kabaddi-counter-viewModel/backend_laravel/vendor/kreait/laravel-firebase/src/FirebaseProjectManager.php(75): Kreait/Firebase/Factory->withServiceAccount()
#5 D:/ANDROID/kabaddi-counter-viewModel/backend_laravel/vendor/kreait/laravel-firebase/src/FirebaseProjectManager.php(35): Kreait/Laravel/Firebase/FirebaseProjectManager->configure()
#6 D:/ANDROID/kabaddi-counter-viewModel/backend_laravel/vendor/kreait/laravel-firebase/src/ServiceProvider.php(47): Kreait/Laravel/Firebase/FirebaseProjectManager->project()
#7 D:/ANDROID/kabaddi-counter-viewModel/backend_laravel/vendor/laravel/framework/src/Illuminate/Container/Container.php(1118): Kreait/Laravel/Firebase/ServiceProvider::Kreait/Laravel/Firebase/{closure}()
#8 D:/ANDROID/kabaddi-counter-viewModel/backend_laravel/vendor/laravel/framework/src/Illuminate/Container/Container.php(936): Illuminate/Container/Container->build()
#9 D:/ANDROID/kabaddi-counter-viewModel/backend_laravel/vendor/laravel/framework/src/Illuminate/Foundation/Application.php(1078): Illuminate/Container/Container->resolve()
#10 D:/ANDROID/kabaddi-counter-viewModel/backend_laravel/vendor/laravel/framework/src/Illuminate/Container/Container.php(864): Illuminate/Foundation/Application->resolve()
#11 D:/ANDROID/kabaddi-counter-viewModel/backend_laravel/vendor/laravel/framework/src/Illuminate/Foundation/Application.php(1058): Illuminate/Container/Container->make()
#12 D:/ANDROID/kabaddi-counter-viewModel/backend_laravel/vendor/laravel/framework/src/Illuminate/Routing/ResolvesRouteDependencies.php(92): Illuminate/Foundation/Application->make()
#13 D:/ANDROID/kabaddi-counter-viewModel/backend_laravel/vendor/laravel/framework/src/Illuminate/Routing/ResolvesRouteDependencies.php(51): Illuminate/Routing/ControllerDispatcher->transformDependency()
#14 D:/ANDROID/kabaddi-counter-viewModel/backend_laravel/vendor/laravel/framework/src/Illuminate/Routing/ResolvesRouteDependencies.php(30): Illuminate/Routing/ControllerDispatcher->resolveMethodDependencies()
#15 D:/ANDROID/kabaddi-counter-viewModel/backend_laravel/vendor/laravel/framework/src/Illuminate/Routing/ControllerDispatcher.php(59): Illuminate/Routing/ControllerDispatcher->resolveClassMethodDependencies()
#16 D:/ANDROID/kabaddi-counter-viewModel/backend_laravel/vendor/laravel/framework/src/Illuminate/Routing/ControllerDispatcher.php(40): Illuminate/Routing/ControllerDispatcher->resolveParameters()
#17 D:/ANDROID/kabaddi-counter-viewModel/backend_laravel/vendor/laravel/framework/src/Illuminate/Routing/Route.php(269): Illuminate/Routing/ControllerDispatcher->dispatch()
#18 D:/ANDROID/kabaddi-counter-viewModel/backend_laravel/vendor/laravel/framework/src/Illuminate/Routing/Route.php(215): Illuminate/Routing/Route->runController()
#19 D:/ANDROID/kabaddi-counter-viewModel/backend_laravel/vendor/laravel/framework/src/Illuminate/Routing/Router.php(822): Illuminate/Routing/Route->run()
#20 D:/ANDROID/kabaddi-counter-viewModel/backend_laravel/vendor/laravel/framework/src/Illuminate/Pipeline/Pipeline.php(180): Illuminate/Routing/Router->Illuminate/Routing/{closure}()
#21 D:/ANDROID/kabaddi-counter-viewModel/backend_laravel/vendor/laravel/framework/src/Illuminate/Routing/Middleware/SubstituteBindings.php(52): Illuminate/Pipeline/Pipeline->Illuminate/Pipeline/{closure}()
#22 D:/ANDROID/kabaddi-counter-viewModel/backend_laravel/vendor/laravel/framework/src/Illuminate/Pipeline/Pipeline.php(219): Illuminate/Routing/Middleware/SubstituteBindings->handle()
#23 D:/ANDROID/kabaddi-counter-viewModel/backend_laravel/vendor/laravel/framework/src/Illuminate/Pipeline/Pipeline.php(137): Illuminate/Pipeline/Pipeline->Illuminate/Pipeline/{closure}()
#24 D:/ANDROID/kabaddi-counter-viewModel/backend_laravel/vendor/laravel/framework/src/Illuminate/Routing/Router.php(821): Illuminate/Pipeline/Pipeline->then()
#25 D:/ANDROID/kabaddi-counter-viewModel/backend_laravel/vendor/laravel/framework/src/Illuminate/Routing/Router.php(800): Illuminate/Routing/Router->runRouteWithinStack()
#26 D:/ANDROID/kabaddi-counter-viewModel/backend_laravel/vendor/laravel/framework/src/Illuminate/Routing/Router.php(764): Illuminate/Routing/Router->runRoute()
#27 D:/ANDROID/kabaddi-counter-viewModel/backend_laravel/vendor/laravel/framework/src/Illuminate/Routing/Router.php(753): Illuminate/Routing/Router->dispatchToRoute()
#28 D:/ANDROID/kabaddi-counter-viewModel/backend_laravel/vendor/laravel/framework/src/Illuminate/Foundation/Http/Kernel.php(200): Illuminate/Routing/Router->dispatch()
#29 D:/ANDROID/kabaddi-counter-viewModel/backend_laravel/vendor/laravel/framework/src/Illuminate/Pipeline/Pipeline.php(180): Illuminate/Foundation/Http/Kernel->Illuminate/Foundation/Http/{closure}()
#30 D:/ANDROID/kabaddi-counter-viewModel/backend_laravel/vendor/laravel/framework/src/Illuminate/Foundation/Http/Middleware/TransformsRequest.php(21): Illuminate/Pipeline/Pipeline->Illuminate/Pipeline/{closure}()
#31 D:/ANDROID/kabaddi-counter-viewModel/backend_laravel/vendor/laravel/framework/src/Illuminate/Foundation/Http/Middleware/ConvertEmptyStringsToNull.php(31): Illuminate/Foundation/Http/Middleware/TransformsRequest->handle()
#32 D:/ANDROID/kabaddi-counter-viewModel/backend_laravel/vendor/laravel/framework/src/Illuminate/Pipeline/Pipeline.php(219): Illuminate/Foundation/Http/Middleware/ConvertEmptyStringsToNull->handle()
#33 D:/ANDROID/kabaddi-counter-viewModel/backend_laravel/vendor/laravel/framework/src/Illuminate/Foundation/Http/Middleware/TransformsRequest.php(21): Illuminate/Pipeline/Pipeline->Illuminate/Pipeline/{closure}()
#34 D:/ANDROID/kabaddi-counter-viewModel/backend_laravel/vendor/laravel/framework/src/Illuminate/Foundation/Http/Middleware/TrimStrings.php(51): Illuminate/Foundation/Http/Middleware/TransformsRequest->handle()
#35 D:/ANDROID/kabaddi-counter-viewModel/backend_laravel/vendor/laravel/framework/src/Illuminate/Pipeline/Pipeline.php(219): Illuminate/Foundation/Http/Middleware/TrimStrings->handle()
#36 D:/ANDROID/kabaddi-counter-viewModel/backend_laravel/vendor/laravel/framework/src/Illuminate/Http/Middleware/ValidatePostSize.php(27): Illuminate/Pipeline/Pipeline->Illuminate/Pipeline/{closure}()
#37 D:/ANDROID/kabaddi-counter-viewModel/backend_laravel/vendor/laravel/framework/src/Illuminate/Pipeline/Pipeline.php(219): Illuminate/Http/Middleware/ValidatePostSize->handle()
#38 D:/ANDROID/kabaddi-counter-viewModel/backend_laravel/vendor/laravel/framework/src/Illuminate/Foundation/Http/Middleware/PreventRequestsDuringMaintenance.php(109): Illuminate/Pipeline/Pipeline->Illuminate/Pipeline/{closure}()
#39 D:/ANDROID/kabaddi-counter-viewModel/backend_laravel/vendor/laravel/framework/src/Illuminate/Pipeline/Pipeline.php(219): Illuminate/Foundation/Http/Middleware/PreventRequestsDuringMaintenance->handle()
#40 D:/ANDROID/kabaddi-counter-viewModel/backend_laravel/vendor/laravel/framework/src/Illuminate/Http/Middleware/HandleCors.php(74): Illuminate/Pipeline/Pipeline->Illuminate/Pipeline/{closure}()
#41 D:/ANDROID/kabaddi-counter-viewModel/backend_laravel/vendor/laravel/framework/src/Illuminate/Pipeline/Pipeline.php(219): Illuminate/Http/Middleware/HandleCors->handle()
#42 D:/ANDROID/kabaddi-counter-viewModel/backend_laravel/vendor/laravel/framework/src/Illuminate/Http/Middleware/TrustProxies.php(58): Illuminate/Pipeline/Pipeline->Illuminate/Pipeline/{closure}()
#43 D:/ANDROID/kabaddi-counter-viewModel/backend_laravel/vendor/laravel/framework/src/Illuminate/Pipeline/Pipeline.php(219): Illuminate/Http/Middleware/TrustProxies->handle()
#44 D:/ANDROID/kabaddi-counter-viewModel/backend_laravel/vendor/laravel/framework/src/Illuminate/Foundation/Http/Middleware/InvokeDeferredCallbacks.php(22): Illuminate/Pipeline/Pipeline->Illuminate/Pipeline/{closure}()
#45 D:/ANDROID/kabaddi-counter-viewModel/backend_laravel/vendor/laravel/framework/src/Illuminate/Pipeline/Pipeline.php(219): Illuminate/Foundation/Http/Middleware/InvokeDeferredCallbacks->handle()
#46 D:/ANDROID/kabaddi-counter-viewModel/backend_laravel/vendor/laravel/framework/src/Illuminate/Http/Middleware/ValidatePathEncoding.php(28): Illuminate/Pipeline/Pipeline->Illuminate/Pipeline/{closure}()
#47 D:/ANDROID/kabaddi-counter-viewModel/backend_laravel/vendor/laravel/framework/src/Illuminate/Pipeline/Pipeline.php(219): Illuminate/Http/Middleware/ValidatePathEncoding->handle()
#48 D:/ANDROID/kabaddi-counter-viewModel/backend_laravel/vendor/laravel/framework/src/Illuminate/Pipeline/Pipeline.php(137): Illuminate/Pipeline/Pipeline->Illuminate/Pipeline/{closure}()
#49 D:/ANDROID/kabaddi-counter-viewModel/backend_laravel/vendor/laravel/framework/src/Illuminate/Foundation/Http/Kernel.php(175): Illuminate/Pipeline/Pipeline->then()
#50 D:/ANDROID/kabaddi-counter-viewModel/backend_laravel/vendor/laravel/framework/src/Illuminate/Foundation/Http/Kernel.php(144): Illuminate/Foundation/Http/Kernel->sendRequestThroughRouter()
#51 D:/ANDROID/kabaddi-counter-viewModel/backend_laravel/vendor/laravel/framework/src/Illuminate/Foundation/Application.php(1220): Illuminate/Foundation/Http/Kernel->handle()
#52 D:/ANDROID/kabaddi-counter-viewModel/backend_laravel/public/index.php(20): Illuminate/Foundation/Application->handleRequest()
#53 D:/ANDROID/kabaddi-counter-viewModel/backend_laravel/vendor/laravel/framework/src/Illuminate/Foundation/resources/server.php(23): require_once('...')
#54 {main}
"} 
[2026-06-09 04:25:13] local.ERROR: SplFileObject::__construct(D:\ANDROID\kabaddi-counter-viewModel\backend_laravel\D:/ANDROID/kabaddi-counter-viewModel/backend_laravel/android-kabbadi-rani-tantan-firebase-adminsdk-fbsvc-815c4e9e70.json): Failed to open stream: No such file or directory {"exception":"[object] (Kreait\\Firebase\\Exception\\InvalidArgumentException(code: 0): SplFileObject::__construct(D:\\ANDROID\\kabaddi-counter-viewModel\\backend_laravel\\D:/ANDROID/kabaddi-counter-viewModel/backend_laravel/android-kabbadi-rani-tantan-firebase-adminsdk-fbsvc-815c4e9e70.json): Failed to open stream: No such file or directory at D:/ANDROID/kabaddi-counter-viewModel/backend_laravel/vendor/kreait/firebase-php/src/Valinor/Source.php:57)
[stacktrace]
#0 D:/ANDROID/kabaddi-counter-viewModel/backend_laravel/vendor/kreait/firebase-php/src/Valinor/Source.php(40): Kreait/Firebase/Valinor/Source::file()
#1 D:/ANDROID/kabaddi-counter-viewModel/backend_laravel/vendor/kreait/firebase-php/src/Factory.php(663): Kreait/Firebase/Valinor/Source::parse()
#2 D:/ANDROID/kabaddi-counter-viewModel/backend_laravel/vendor/kreait/firebase-php/src/Factory.php(146): Kreait/Firebase/Factory->mapServiceAccount()
#3 D:/ANDROID/kabaddi-counter-viewModel/backend_laravel/vendor/kreait/laravel-firebase/src/FirebaseProjectManager.php(75): Kreait/Firebase/Factory->withServiceAccount()
#4 D:/ANDROID/kabaddi-counter-viewModel/backend_laravel/vendor/kreait/laravel-firebase/src/FirebaseProjectManager.php(35): Kreait/Laravel/Firebase/FirebaseProjectManager->configure()
#5 D:/ANDROID/kabaddi-counter-viewModel/backend_laravel/vendor/kreait/laravel-firebase/src/ServiceProvider.php(47): Kreait/Laravel/Firebase/FirebaseProjectManager->project()
#6 D:/ANDROID/kabaddi-counter-viewModel/backend_laravel/vendor/laravel/framework/src/Illuminate/Container/Container.php(1118): Kreait/Laravel/Firebase/ServiceProvider::Kreait/Laravel/Firebase/{closure}()
#7 D:/ANDROID/kabaddi-counter-viewModel/backend_laravel/vendor/laravel/framework/src/Illuminate/Container/Container.php(936): Illuminate/Container/Container->build()
#8 D:/ANDROID/kabaddi-counter-viewModel/backend_laravel/vendor/laravel/framework/src/Illuminate/Foundation/Application.php(1078): Illuminate/Container/Container->resolve()
#9 D:/ANDROID/kabaddi-counter-viewModel/backend_laravel/vendor/laravel/framework/src/Illuminate/Container/Container.php(864): Illuminate/Foundation/Application->resolve()
#10 D:/ANDROID/kabaddi-counter-viewModel/backend_laravel/vendor/laravel/framework/src/Illuminate/Foundation/Application.php(1058): Illuminate/Container/Container->make()
#11 D:/ANDROID/kabaddi-counter-viewModel/backend_laravel/vendor/laravel/framework/src/Illuminate/Routing/ResolvesRouteDependencies.php(92): Illuminate/Foundation/Application->make()
#12 D:/ANDROID/kabaddi-counter-viewModel/backend_laravel/vendor/laravel/framework/src/Illuminate/Routing/ResolvesRouteDependencies.php(51): Illuminate/Routing/ControllerDispatcher->transformDependency()
#13 D:/ANDROID/kabaddi-counter-viewModel/backend_laravel/vendor/laravel/framework/src/Illuminate/Routing/ResolvesRouteDependencies.php(30): Illuminate/Routing/ControllerDispatcher->resolveMethodDependencies()
#14 D:/ANDROID/kabaddi-counter-viewModel/backend_laravel/vendor/laravel/framework/src/Illuminate/Routing/ControllerDispatcher.php(59): Illuminate/Routing/ControllerDispatcher->resolveClassMethodDependencies()
#15 D:/ANDROID/kabaddi-counter-viewModel/backend_laravel/vendor/laravel/framework/src/Illuminate/Routing/ControllerDispatcher.php(40): Illuminate/Routing/ControllerDispatcher->resolveParameters()
#16 D:/ANDROID/kabaddi-counter-viewModel/backend_laravel/vendor/laravel/framework/src/Illuminate/Routing/Route.php(269): Illuminate/Routing/ControllerDispatcher->dispatch()
#17 D:/ANDROID/kabaddi-counter-viewModel/backend_laravel/vendor/laravel/framework/src/Illuminate/Routing/Route.php(215): Illuminate/Routing/Route->runController()
#18 D:/ANDROID/kabaddi-counter-viewModel/backend_laravel/vendor/laravel/framework/src/Illuminate/Routing/Router.php(822): Illuminate/Routing/Route->run()
#19 D:/ANDROID/kabaddi-counter-viewModel/backend_laravel/vendor/laravel/framework/src/Illuminate/Pipeline/Pipeline.php(180): Illuminate/Routing/Router->Illuminate/Routing/{closure}()
#20 D:/ANDROID/kabaddi-counter-viewModel/backend_laravel/vendor/laravel/framework/src/Illuminate/Routing/Middleware/SubstituteBindings.php(52): Illuminate/Pipeline/Pipeline->Illuminate/Pipeline/{closure}()
#21 D:/ANDROID/kabaddi-counter-viewModel/backend_laravel/vendor/laravel/framework/src/Illuminate/Pipeline/Pipeline.php(219): Illuminate/Routing/Middleware/SubstituteBindings->handle()
#22 D:/ANDROID/kabaddi-counter-viewModel/backend_laravel/vendor/laravel/framework/src/Illuminate/Pipeline/Pipeline.php(137): Illuminate/Pipeline/Pipeline->Illuminate/Pipeline/{closure}()
#23 D:/ANDROID/kabaddi-counter-viewModel/backend_laravel/vendor/laravel/framework/src/Illuminate/Routing/Router.php(821): Illuminate/Pipeline/Pipeline->then()
#24 D:/ANDROID/kabaddi-counter-viewModel/backend_laravel/vendor/laravel/framework/src/Illuminate/Routing/Router.php(800): Illuminate/Routing/Router->runRouteWithinStack()
#25 D:/ANDROID/kabaddi-counter-viewModel/backend_laravel/vendor/laravel/framework/src/Illuminate/Routing/Router.php(764): Illuminate/Routing/Router->runRoute()
#26 D:/ANDROID/kabaddi-counter-viewModel/backend_laravel/vendor/laravel/framework/src/Illuminate/Routing/Router.php(753): Illuminate/Routing/Router->dispatchToRoute()
#27 D:/ANDROID/kabaddi-counter-viewModel/backend_laravel/vendor/laravel/framework/src/Illuminate/Foundation/Http/Kernel.php(200): Illuminate/Routing/Router->dispatch()
#28 D:/ANDROID/kabaddi-counter-viewModel/backend_laravel/vendor/laravel/framework/src/Illuminate/Pipeline/Pipeline.php(180): Illuminate/Foundation/Http/Kernel->Illuminate/Foundation/Http/{closure}()
#29 D:/ANDROID/kabaddi-counter-viewModel/backend_laravel/vendor/laravel/framework/src/Illuminate/Foundation/Http/Middleware/TransformsRequest.php(21): Illuminate/Pipeline/Pipeline->Illuminate/Pipeline/{closure}()
#30 D:/ANDROID/kabaddi-counter-viewModel/backend_laravel/vendor/laravel/framework/src/Illuminate/Foundation/Http/Middleware/ConvertEmptyStringsToNull.php(31): Illuminate/Foundation/Http/Middleware/TransformsRequest->handle()
#31 D:/ANDROID/kabaddi-counter-viewModel/backend_laravel/vendor/laravel/framework/src/Illuminate/Pipeline/Pipeline.php(219): Illuminate/Foundation/Http/Middleware/ConvertEmptyStringsToNull->handle()
#32 D:/ANDROID/kabaddi-counter-viewModel/backend_laravel/vendor/laravel/framework/src/Illuminate/Foundation/Http/Middleware/TransformsRequest.php(21): Illuminate/Pipeline/Pipeline->Illuminate/Pipeline/{closure}()
#33 D:/ANDROID/kabaddi-counter-viewModel/backend_laravel/vendor/laravel/framework/src/Illuminate/Foundation/Http/Middleware/TrimStrings.php(51): Illuminate/Foundation/Http/Middleware/TransformsRequest->handle()
#34 D:/ANDROID/kabaddi-counter-viewModel/backend_laravel/vendor/laravel/framework/src/Illuminate/Pipeline/Pipeline.php(219): Illuminate/Foundation/Http/Middleware/TrimStrings->handle()
#35 D:/ANDROID/kabaddi-counter-viewModel/backend_laravel/vendor/laravel/framework/src/Illuminate/Http/Middleware/ValidatePostSize.php(27): Illuminate/Pipeline/Pipeline->Illuminate/Pipeline/{closure}()
#36 D:/ANDROID/kabaddi-counter-viewModel/backend_laravel/vendor/laravel/framework/src/Illuminate/Pipeline/Pipeline.php(219): Illuminate/Http/Middleware/ValidatePostSize->handle()
#37 D:/ANDROID/kabaddi-counter-viewModel/backend_laravel/vendor/laravel/framework/src/Illuminate/Foundation/Http/Middleware/PreventRequestsDuringMaintenance.php(109): Illuminate/Pipeline/Pipeline->Illuminate/Pipeline/{closure}()
#38 D:/ANDROID/kabaddi-counter-viewModel/backend_laravel/vendor/laravel/framework/src/Illuminate/Pipeline/Pipeline.php(219): Illuminate/Foundation/Http/Middleware/PreventRequestsDuringMaintenance->handle()
#39 D:/ANDROID/kabaddi-counter-viewModel/backend_laravel/vendor/laravel/framework/src/Illuminate/Http/Middleware/HandleCors.php(74): Illuminate/Pipeline/Pipeline->Illuminate/Pipeline/{closure}()
#40 D:/ANDROID/kabaddi-counter-viewModel/backend_laravel/vendor/laravel/framework/src/Illuminate/Pipeline/Pipeline.php(219): Illuminate/Http/Middleware/HandleCors->handle()
#41 D:/ANDROID/kabaddi-counter-viewModel/backend_laravel/vendor/laravel/framework/src/Illuminate/Http/Middleware/TrustProxies.php(58): Illuminate/Pipeline/Pipeline->Illuminate/Pipeline/{closure}()
#42 D:/ANDROID/kabaddi-counter-viewModel/backend_laravel/vendor/laravel/framework/src/Illuminate/Pipeline/Pipeline.php(219): Illuminate/Http/Middleware/TrustProxies->handle()
#43 D:/ANDROID/kabaddi-counter-viewModel/backend_laravel/vendor/laravel/framework/src/Illuminate/Foundation/Http/Middleware/InvokeDeferredCallbacks.php(22): Illuminate/Pipeline/Pipeline->Illuminate/Pipeline/{closure}()
#44 D:/ANDROID/kabaddi-counter-viewModel/backend_laravel/vendor/laravel/framework/src/Illuminate/Pipeline/Pipeline.php(219): Illuminate/Foundation/Http/Middleware/InvokeDeferredCallbacks->handle()
#45 D:/ANDROID/kabaddi-counter-viewModel/backend_laravel/vendor/laravel/framework/src/Illuminate/Http/Middleware/ValidatePathEncoding.php(28): Illuminate/Pipeline/Pipeline->Illuminate/Pipeline/{closure}()
#46 D:/ANDROID/kabaddi-counter-viewModel/backend_laravel/vendor/laravel/framework/src/Illuminate/Pipeline/Pipeline.php(219): Illuminate/Http/Middleware/ValidatePathEncoding->handle()
#47 D:/ANDROID/kabaddi-counter-viewModel/backend_laravel/vendor/laravel/framework/src/Illuminate/Pipeline/Pipeline.php(137): Illuminate/Pipeline/Pipeline->Illuminate/Pipeline/{closure}()
#48 D:/ANDROID/kabaddi-counter-viewModel/backend_laravel/vendor/laravel/framework/src/Illuminate/Foundation/Http/Kernel.php(175): Illuminate/Pipeline/Pipeline->then()
#49 D:/ANDROID/kabaddi-counter-viewModel/backend_laravel/vendor/laravel/framework/src/Illuminate/Foundation/Http/Kernel.php(144): Illuminate/Foundation/Http/Kernel->sendRequestThroughRouter()
#50 D:/ANDROID/kabaddi-counter-viewModel/backend_laravel/vendor/laravel/framework/src/Illuminate/Foundation/Application.php(1220): Illuminate/Foundation/Http/Kernel->handle()
#51 D:/ANDROID/kabaddi-counter-viewModel/backend_laravel/public/index.php(20): Illuminate/Foundation/Application->handleRequest()
#52 D:/ANDROID/kabaddi-counter-viewModel/backend_laravel/vendor/laravel/framework/src/Illuminate/Foundation/resources/server.php(23): require_once('...')
#53 {main}

[previous exception] [object] (RuntimeException(code: 0): SplFileObject::__construct(D:\\ANDROID\\kabaddi-counter-viewModel\\backend_laravel\\D:/ANDROID/kabaddi-counter-viewModel/backend_laravel/android-kabbadi-rani-tantan-firebase-adminsdk-fbsvc-815c4e9e70.json): Failed to open stream: No such file or directory at D:/ANDROID/kabaddi-counter-viewModel/backend_laravel/vendor/kreait/firebase-php/src/Valinor/Source.php:55)
[stacktrace]
#0 D:/ANDROID/kabaddi-counter-viewModel/backend_laravel/vendor/kreait/firebase-php/src/Valinor/Source.php(55): SplFileObject->__construct()
#1 D:/ANDROID/kabaddi-counter-viewModel/backend_laravel/vendor/kreait/firebase-php/src/Valinor/Source.php(40): Kreait/Firebase/Valinor/Source::file()
#2 D:/ANDROID/kabaddi-counter-viewModel/backend_laravel/vendor/kreait/firebase-php/src/Factory.php(663): Kreait/Firebase/Valinor/Source::parse()
#3 D:/ANDROID/kabaddi-counter-viewModel/backend_laravel/vendor/kreait/firebase-php/src/Factory.php(146): Kreait/Firebase/Factory->mapServiceAccount()
#4 D:/ANDROID/kabaddi-counter-viewModel/backend_laravel/vendor/kreait/laravel-firebase/src/FirebaseProjectManager.php(75): Kreait/Firebase/Factory->withServiceAccount()
#5 D:/ANDROID/kabaddi-counter-viewModel/backend_laravel/vendor/kreait/laravel-firebase/src/FirebaseProjectManager.php(35): Kreait/Laravel/Firebase/FirebaseProjectManager->configure()
#6 D:/ANDROID/kabaddi-counter-viewModel/backend_laravel/vendor/kreait/laravel-firebase/src/ServiceProvider.php(47): Kreait/Laravel/Firebase/FirebaseProjectManager->project()
#7 D:/ANDROID/kabaddi-counter-viewModel/backend_laravel/vendor/laravel/framework/src/Illuminate/Container/Container.php(1118): Kreait/Laravel/Firebase/ServiceProvider::Kreait/Laravel/Firebase/{closure}()
#8 D:/ANDROID/kabaddi-counter-viewModel/backend_laravel/vendor/laravel/framework/src/Illuminate/Container/Container.php(936): Illuminate/Container/Container->build()
#9 D:/ANDROID/kabaddi-counter-viewModel/backend_laravel/vendor/laravel/framework/src/Illuminate/Foundation/Application.php(1078): Illuminate/Container/Container->resolve()
#10 D:/ANDROID/kabaddi-counter-viewModel/backend_laravel/vendor/laravel/framework/src/Illuminate/Container/Container.php(864): Illuminate/Foundation/Application->resolve()
#11 D:/ANDROID/kabaddi-counter-viewModel/backend_laravel/vendor/laravel/framework/src/Illuminate/Foundation/Application.php(1058): Illuminate/Container/Container->make()
#12 D:/ANDROID/kabaddi-counter-viewModel/backend_laravel/vendor/laravel/framework/src/Illuminate/Routing/ResolvesRouteDependencies.php(92): Illuminate/Foundation/Application->make()
#13 D:/ANDROID/kabaddi-counter-viewModel/backend_laravel/vendor/laravel/framework/src/Illuminate/Routing/ResolvesRouteDependencies.php(51): Illuminate/Routing/ControllerDispatcher->transformDependency()
#14 D:/ANDROID/kabaddi-counter-viewModel/backend_laravel/vendor/laravel/framework/src/Illuminate/Routing/ResolvesRouteDependencies.php(30): Illuminate/Routing/ControllerDispatcher->resolveMethodDependencies()
#15 D:/ANDROID/kabaddi-counter-viewModel/backend_laravel/vendor/laravel/framework/src/Illuminate/Routing/ControllerDispatcher.php(59): Illuminate/Routing/ControllerDispatcher->resolveClassMethodDependencies()
#16 D:/ANDROID/kabaddi-counter-viewModel/backend_laravel/vendor/laravel/framework/src/Illuminate/Routing/ControllerDispatcher.php(40): Illuminate/Routing/ControllerDispatcher->resolveParameters()
#17 D:/ANDROID/kabaddi-counter-viewModel/backend_laravel/vendor/laravel/framework/src/Illuminate/Routing/Route.php(269): Illuminate/Routing/ControllerDispatcher->dispatch()
#18 D:/ANDROID/kabaddi-counter-viewModel/backend_laravel/vendor/laravel/framework/src/Illuminate/Routing/Route.php(215): Illuminate/Routing/Route->runController()
#19 D:/ANDROID/kabaddi-counter-viewModel/backend_laravel/vendor/laravel/framework/src/Illuminate/Routing/Router.php(822): Illuminate/Routing/Route->run()
#20 D:/ANDROID/kabaddi-counter-viewModel/backend_laravel/vendor/laravel/framework/src/Illuminate/Pipeline/Pipeline.php(180): Illuminate/Routing/Router->Illuminate/Routing/{closure}()
#21 D:/ANDROID/kabaddi-counter-viewModel/backend_laravel/vendor/laravel/framework/src/Illuminate/Routing/Middleware/SubstituteBindings.php(52): Illuminate/Pipeline/Pipeline->Illuminate/Pipeline/{closure}()
#22 D:/ANDROID/kabaddi-counter-viewModel/backend_laravel/vendor/laravel/framework/src/Illuminate/Pipeline/Pipeline.php(219): Illuminate/Routing/Middleware/SubstituteBindings->handle()
#23 D:/ANDROID/kabaddi-counter-viewModel/backend_laravel/vendor/laravel/framework/src/Illuminate/Pipeline/Pipeline.php(137): Illuminate/Pipeline/Pipeline->Illuminate/Pipeline/{closure}()
#24 D:/ANDROID/kabaddi-counter-viewModel/backend_laravel/vendor/laravel/framework/src/Illuminate/Routing/Router.php(821): Illuminate/Pipeline/Pipeline->then()
#25 D:/ANDROID/kabaddi-counter-viewModel/backend_laravel/vendor/laravel/framework/src/Illuminate/Routing/Router.php(800): Illuminate/Routing/Router->runRouteWithinStack()
#26 D:/ANDROID/kabaddi-counter-viewModel/backend_laravel/vendor/laravel/framework/src/Illuminate/Routing/Router.php(764): Illuminate/Routing/Router->runRoute()
#27 D:/ANDROID/kabaddi-counter-viewModel/backend_laravel/vendor/laravel/framework/src/Illuminate/Routing/Router.php(753): Illuminate/Routing/Router->dispatchToRoute()
#28 D:/ANDROID/kabaddi-counter-viewModel/backend_laravel/vendor/laravel/framework/src/Illuminate/Foundation/Http/Kernel.php(200): Illuminate/Routing/Router->dispatch()
#29 D:/ANDROID/kabaddi-counter-viewModel/backend_laravel/vendor/laravel/framework/src/Illuminate/Pipeline/Pipeline.php(180): Illuminate/Foundation/Http/Kernel->Illuminate/Foundation/Http/{closure}()
#30 D:/ANDROID/kabaddi-counter-viewModel/backend_laravel/vendor/laravel/framework/src/Illuminate/Foundation/Http/Middleware/TransformsRequest.php(21): Illuminate/Pipeline/Pipeline->Illuminate/Pipeline/{closure}()
#31 D:/ANDROID/kabaddi-counter-viewModel/backend_laravel/vendor/laravel/framework/src/Illuminate/Foundation/Http/Middleware/ConvertEmptyStringsToNull.php(31): Illuminate/Foundation/Http/Middleware/TransformsRequest->handle()
#32 D:/ANDROID/kabaddi-counter-viewModel/backend_laravel/vendor/laravel/framework/src/Illuminate/Pipeline/Pipeline.php(219): Illuminate/Foundation/Http/Middleware/ConvertEmptyStringsToNull->handle()
#33 D:/ANDROID/kabaddi-counter-viewModel/backend_laravel/vendor/laravel/framework/src/Illuminate/Foundation/Http/Middleware/TransformsRequest.php(21): Illuminate/Pipeline/Pipeline->Illuminate/Pipeline/{closure}()
#34 D:/ANDROID/kabaddi-counter-viewModel/backend_laravel/vendor/laravel/framework/src/Illuminate/Foundation/Http/Middleware/TrimStrings.php(51): Illuminate/Foundation/Http/Middleware/TransformsRequest->handle()
#35 D:/ANDROID/kabaddi-counter-viewModel/backend_laravel/vendor/laravel/framework/src/Illuminate/Pipeline/Pipeline.php(219): Illuminate/Foundation/Http/Middleware/TrimStrings->handle()
#36 D:/ANDROID/kabaddi-counter-viewModel/backend_laravel/vendor/laravel/framework/src/Illuminate/Http/Middleware/ValidatePostSize.php(27): Illuminate/Pipeline/Pipeline->Illuminate/Pipeline/{closure}()
#37 D:/ANDROID/kabaddi-counter-viewModel/backend_laravel/vendor/laravel/framework/src/Illuminate/Pipeline/Pipeline.php(219): Illuminate/Http/Middleware/ValidatePostSize->handle()
#38 D:/ANDROID/kabaddi-counter-viewModel/backend_laravel/vendor/laravel/framework/src/Illuminate/Foundation/Http/Middleware/PreventRequestsDuringMaintenance.php(109): Illuminate/Pipeline/Pipeline->Illuminate/Pipeline/{closure}()
#39 D:/ANDROID/kabaddi-counter-viewModel/backend_laravel/vendor/laravel/framework/src/Illuminate/Pipeline/Pipeline.php(219): Illuminate/Foundation/Http/Middleware/PreventRequestsDuringMaintenance->handle()
#40 D:/ANDROID/kabaddi-counter-viewModel/backend_laravel/vendor/laravel/framework/src/Illuminate/Http/Middleware/HandleCors.php(74): Illuminate/Pipeline/Pipeline->Illuminate/Pipeline/{closure}()
#41 D:/ANDROID/kabaddi-counter-viewModel/backend_laravel/vendor/laravel/framework/src/Illuminate/Pipeline/Pipeline.php(219): Illuminate/Http/Middleware/HandleCors->handle()
#42 D:/ANDROID/kabaddi-counter-viewModel/backend_laravel/vendor/laravel/framework/src/Illuminate/Http/Middleware/TrustProxies.php(58): Illuminate/Pipeline/Pipeline->Illuminate/Pipeline/{closure}()
#43 D:/ANDROID/kabaddi-counter-viewModel/backend_laravel/vendor/laravel/framework/src/Illuminate/Pipeline/Pipeline.php(219): Illuminate/Http/Middleware/TrustProxies->handle()
#44 D:/ANDROID/kabaddi-counter-viewModel/backend_laravel/vendor/laravel/framework/src/Illuminate/Foundation/Http/Middleware/InvokeDeferredCallbacks.php(22): Illuminate/Pipeline/Pipeline->Illuminate/Pipeline/{closure}()
#45 D:/ANDROID/kabaddi-counter-viewModel/backend_laravel/vendor/laravel/framework/src/Illuminate/Pipeline/Pipeline.php(219): Illuminate/Foundation/Http/Middleware/InvokeDeferredCallbacks->handle()
#46 D:/ANDROID/kabaddi-counter-viewModel/backend_laravel/vendor/laravel/framework/src/Illuminate/Http/Middleware/ValidatePathEncoding.php(28): Illuminate/Pipeline/Pipeline->Illuminate/Pipeline/{closure}()
#47 D:/ANDROID/kabaddi-counter-viewModel/backend_laravel/vendor/laravel/framework/src/Illuminate/Pipeline/Pipeline.php(219): Illuminate/Http/Middleware/ValidatePathEncoding->handle()
#48 D:/ANDROID/kabaddi-counter-viewModel/backend_laravel/vendor/laravel/framework/src/Illuminate/Pipeline/Pipeline.php(137): Illuminate/Pipeline/Pipeline->Illuminate/Pipeline/{closure}()
#49 D:/ANDROID/kabaddi-counter-viewModel/backend_laravel/vendor/laravel/framework/src/Illuminate/Foundation/Http/Kernel.php(175): Illuminate/Pipeline/Pipeline->then()
#50 D:/ANDROID/kabaddi-counter-viewModel/backend_laravel/vendor/laravel/framework/src/Illuminate/Foundation/Http/Kernel.php(144): Illuminate/Foundation/Http/Kernel->sendRequestThroughRouter()
#51 D:/ANDROID/kabaddi-counter-viewModel/backend_laravel/vendor/laravel/framework/src/Illuminate/Foundation/Application.php(1220): Illuminate/Foundation/Http/Kernel->handle()
#52 D:/ANDROID/kabaddi-counter-viewModel/backend_laravel/public/index.php(20): Illuminate/Foundation/Application->handleRequest()
#53 D:/ANDROID/kabaddi-counter-viewModel/backend_laravel/vendor/laravel/framework/src/Illuminate/Foundation/resources/server.php(23): require_once('...')
#54 {main}
"} 
[2026-06-09 04:28:03] local.ERROR: SQLSTATE[42S22]: Column not found: 1054 Unknown column 'subscribers.matches_id' in 'where clause' (Connection: mysql, Host: 127.0.0.1, Port: 3306, Database: kabaddi_counter, SQL: select * from `subscribers` where `subscribers`.`matches_id` = 3 and `subscribers`.`matches_id` is not null) {"exception":"[object] (Illuminate\\Database\\QueryException(code: 42S22): SQLSTATE[42S22]: Column not found: 1054 Unknown column 'subscribers.matches_id' in 'where clause' (Connection: mysql, Host: 127.0.0.1, Port: 3306, Database: kabaddi_counter, SQL: select * from `subscribers` where `subscribers`.`matches_id` = 3 and `subscribers`.`matches_id` is not null) at D:/ANDROID/kabaddi-counter-viewModel/backend_laravel/vendor/laravel/framework/src/Illuminate/Database/Connection.php:841)
[stacktrace]
#0 D:/ANDROID/kabaddi-counter-viewModel/backend_laravel/vendor/laravel/framework/src/Illuminate/Database/Connection.php(797): Illuminate/Database/Connection->runQueryCallback()
#1 D:/ANDROID/kabaddi-counter-viewModel/backend_laravel/vendor/laravel/framework/src/Illuminate/Database/Connection.php(412): Illuminate/Database/Connection->run()
#2 D:/ANDROID/kabaddi-counter-viewModel/backend_laravel/vendor/laravel/framework/src/Illuminate/Database/Query/Builder.php(3567): Illuminate/Database/Connection->select()
#3 D:/ANDROID/kabaddi-counter-viewModel/backend_laravel/vendor/laravel/framework/src/Illuminate/Database/Query/Builder.php(3551): Illuminate/Database/Query/Builder->runSelect()
#4 D:/ANDROID/kabaddi-counter-viewModel/backend_laravel/vendor/laravel/framework/src/Illuminate/Database/Eloquent/Builder.php(908): Illuminate/Database/Query/Builder->get()
#5 D:/ANDROID/kabaddi-counter-viewModel/backend_laravel/vendor/laravel/framework/src/Illuminate/Database/Eloquent/Builder.php(890): Illuminate/Database/Eloquent/Builder->getModels()
#6 D:/ANDROID/kabaddi-counter-viewModel/backend_laravel/vendor/laravel/framework/src/Illuminate/Database/Eloquent/Relations/HasMany.php(41): Illuminate/Database/Eloquent/Builder->get()
#7 D:/ANDROID/kabaddi-counter-viewModel/backend_laravel/vendor/laravel/framework/src/Illuminate/Database/Eloquent/Concerns/HasAttributes.php(651): Illuminate/Database/Eloquent/Relations/HasMany->getResults()
#8 D:/ANDROID/kabaddi-counter-viewModel/backend_laravel/vendor/laravel/framework/src/Illuminate/Database/Eloquent/Concerns/HasAttributes.php(587): Illuminate/Database/Eloquent/Model->getRelationshipFromMethod()
#9 D:/ANDROID/kabaddi-counter-viewModel/backend_laravel/vendor/laravel/framework/src/Illuminate/Database/Eloquent/Concerns/HasAttributes.php(506): Illuminate/Database/Eloquent/Model->getRelationValue()
#10 D:/ANDROID/kabaddi-counter-viewModel/backend_laravel/vendor/laravel/framework/src/Illuminate/Database/Eloquent/Model.php(2690): Illuminate/Database/Eloquent/Model->getAttribute()
#11 D:/ANDROID/kabaddi-counter-viewModel/backend_laravel/app/Http/Controllers/Api/MatchController.php(141): Illuminate/Database/Eloquent/Model->__get()
#12 D:/ANDROID/kabaddi-counter-viewModel/backend_laravel/vendor/laravel/framework/src/Illuminate/Routing/ControllerDispatcher.php(46): App/Http/Controllers/Api/MatchController->endMatch()
#13 D:/ANDROID/kabaddi-counter-viewModel/backend_laravel/vendor/laravel/framework/src/Illuminate/Routing/Route.php(269): Illuminate/Routing/ControllerDispatcher->dispatch()
#14 D:/ANDROID/kabaddi-counter-viewModel/backend_laravel/vendor/laravel/framework/src/Illuminate/Routing/Route.php(215): Illuminate/Routing/Route->runController()
#15 D:/ANDROID/kabaddi-counter-viewModel/backend_laravel/vendor/laravel/framework/src/Illuminate/Routing/Router.php(822): Illuminate/Routing/Route->run()
#16 D:/ANDROID/kabaddi-counter-viewModel/backend_laravel/vendor/laravel/framework/src/Illuminate/Pipeline/Pipeline.php(180): Illuminate/Routing/Router->Illuminate/Routing/{closure}()
#17 D:/ANDROID/kabaddi-counter-viewModel/backend_laravel/vendor/laravel/framework/src/Illuminate/Routing/Middleware/SubstituteBindings.php(52): Illuminate/Pipeline/Pipeline->Illuminate/Pipeline/{closure}()
#18 D:/ANDROID/kabaddi-counter-viewModel/backend_laravel/vendor/laravel/framework/src/Illuminate/Pipeline/Pipeline.php(219): Illuminate/Routing/Middleware/SubstituteBindings->handle()
#19 D:/ANDROID/kabaddi-counter-viewModel/backend_laravel/vendor/laravel/framework/src/Illuminate/Pipeline/Pipeline.php(137): Illuminate/Pipeline/Pipeline->Illuminate/Pipeline/{closure}()
#20 D:/ANDROID/kabaddi-counter-viewModel/backend_laravel/vendor/laravel/framework/src/Illuminate/Routing/Router.php(821): Illuminate/Pipeline/Pipeline->then()
#21 D:/ANDROID/kabaddi-counter-viewModel/backend_laravel/vendor/laravel/framework/src/Illuminate/Routing/Router.php(800): Illuminate/Routing/Router->runRouteWithinStack()
#22 D:/ANDROID/kabaddi-counter-viewModel/backend_laravel/vendor/laravel/framework/src/Illuminate/Routing/Router.php(764): Illuminate/Routing/Router->runRoute()
#23 D:/ANDROID/kabaddi-counter-viewModel/backend_laravel/vendor/laravel/framework/src/Illuminate/Routing/Router.php(753): Illuminate/Routing/Router->dispatchToRoute()
#24 D:/ANDROID/kabaddi-counter-viewModel/backend_laravel/vendor/laravel/framework/src/Illuminate/Foundation/Http/Kernel.php(200): Illuminate/Routing/Router->dispatch()
#25 D:/ANDROID/kabaddi-counter-viewModel/backend_laravel/vendor/laravel/framework/src/Illuminate/Pipeline/Pipeline.php(180): Illuminate/Foundation/Http/Kernel->Illuminate/Foundation/Http/{closure}()
#26 D:/ANDROID/kabaddi-counter-viewModel/backend_laravel/vendor/laravel/framework/src/Illuminate/Foundation/Http/Middleware/TransformsRequest.php(21): Illuminate/Pipeline/Pipeline->Illuminate/Pipeline/{closure}()
#27 D:/ANDROID/kabaddi-counter-viewModel/backend_laravel/vendor/laravel/framework/src/Illuminate/Foundation/Http/Middleware/ConvertEmptyStringsToNull.php(31): Illuminate/Foundation/Http/Middleware/TransformsRequest->handle()
#28 D:/ANDROID/kabaddi-counter-viewModel/backend_laravel/vendor/laravel/framework/src/Illuminate/Pipeline/Pipeline.php(219): Illuminate/Foundation/Http/Middleware/ConvertEmptyStringsToNull->handle()
#29 D:/ANDROID/kabaddi-counter-viewModel/backend_laravel/vendor/laravel/framework/src/Illuminate/Foundation/Http/Middleware/TransformsRequest.php(21): Illuminate/Pipeline/Pipeline->Illuminate/Pipeline/{closure}()
#30 D:/ANDROID/kabaddi-counter-viewModel/backend_laravel/vendor/laravel/framework/src/Illuminate/Foundation/Http/Middleware/TrimStrings.php(51): Illuminate/Foundation/Http/Middleware/TransformsRequest->handle()
#31 D:/ANDROID/kabaddi-counter-viewModel/backend_laravel/vendor/laravel/framework/src/Illuminate/Pipeline/Pipeline.php(219): Illuminate/Foundation/Http/Middleware/TrimStrings->handle()
#32 D:/ANDROID/kabaddi-counter-viewModel/backend_laravel/vendor/laravel/framework/src/Illuminate/Http/Middleware/ValidatePostSize.php(27): Illuminate/Pipeline/Pipeline->Illuminate/Pipeline/{closure}()
#33 D:/ANDROID/kabaddi-counter-viewModel/backend_laravel/vendor/laravel/framework/src/Illuminate/Pipeline/Pipeline.php(219): Illuminate/Http/Middleware/ValidatePostSize->handle()
#34 D:/ANDROID/kabaddi-counter-viewModel/backend_laravel/vendor/laravel/framework/src/Illuminate/Foundation/Http/Middleware/PreventRequestsDuringMaintenance.php(109): Illuminate/Pipeline/Pipeline->Illuminate/Pipeline/{closure}()
#35 D:/ANDROID/kabaddi-counter-viewModel/backend_laravel/vendor/laravel/framework/src/Illuminate/Pipeline/Pipeline.php(219): Illuminate/Foundation/Http/Middleware/PreventRequestsDuringMaintenance->handle()
#36 D:/ANDROID/kabaddi-counter-viewModel/backend_laravel/vendor/laravel/framework/src/Illuminate/Http/Middleware/HandleCors.php(74): Illuminate/Pipeline/Pipeline->Illuminate/Pipeline/{closure}()
#37 D:/ANDROID/kabaddi-counter-viewModel/backend_laravel/vendor/laravel/framework/src/Illuminate/Pipeline/Pipeline.php(219): Illuminate/Http/Middleware/HandleCors->handle()
#38 D:/ANDROID/kabaddi-counter-viewModel/backend_laravel/vendor/laravel/framework/src/Illuminate/Http/Middleware/TrustProxies.php(58): Illuminate/Pipeline/Pipeline->Illuminate/Pipeline/{closure}()
#39 D:/ANDROID/kabaddi-counter-viewModel/backend_laravel/vendor/laravel/framework/src/Illuminate/Pipeline/Pipeline.php(219): Illuminate/Http/Middleware/TrustProxies->handle()
#40 D:/ANDROID/kabaddi-counter-viewModel/backend_laravel/vendor/laravel/framework/src/Illuminate/Foundation/Http/Middleware/InvokeDeferredCallbacks.php(22): Illuminate/Pipeline/Pipeline->Illuminate/Pipeline/{closure}()
#41 D:/ANDROID/kabaddi-counter-viewModel/backend_laravel/vendor/laravel/framework/src/Illuminate/Pipeline/Pipeline.php(219): Illuminate/Foundation/Http/Middleware/InvokeDeferredCallbacks->handle()
#42 D:/ANDROID/kabaddi-counter-viewModel/backend_laravel/vendor/laravel/framework/src/Illuminate/Http/Middleware/ValidatePathEncoding.php(28): Illuminate/Pipeline/Pipeline->Illuminate/Pipeline/{closure}()
#43 D:/ANDROID/kabaddi-counter-viewModel/backend_laravel/vendor/laravel/framework/src/Illuminate/Pipeline/Pipeline.php(219): Illuminate/Http/Middleware/ValidatePathEncoding->handle()
#44 D:/ANDROID/kabaddi-counter-viewModel/backend_laravel/vendor/laravel/framework/src/Illuminate/Pipeline/Pipeline.php(137): Illuminate/Pipeline/Pipeline->Illuminate/Pipeline/{closure}()
#45 D:/ANDROID/kabaddi-counter-viewModel/backend_laravel/vendor/laravel/framework/src/Illuminate/Foundation/Http/Kernel.php(175): Illuminate/Pipeline/Pipeline->then()
#46 D:/ANDROID/kabaddi-counter-viewModel/backend_laravel/vendor/laravel/framework/src/Illuminate/Foundation/Http/Kernel.php(144): Illuminate/Foundation/Http/Kernel->sendRequestThroughRouter()
#47 D:/ANDROID/kabaddi-counter-viewModel/backend_laravel/vendor/laravel/framework/src/Illuminate/Foundation/Application.php(1220): Illuminate/Foundation/Http/Kernel->handle()
#48 D:/ANDROID/kabaddi-counter-viewModel/backend_laravel/public/index.php(20): Illuminate/Foundation/Application->handleRequest()
#49 D:/ANDROID/kabaddi-counter-viewModel/backend_laravel/vendor/laravel/framework/src/Illuminate/Foundation/resources/server.php(23): require_once('...')
#50 {main}

[previous exception] [object] (PDOException(code: 42S22): SQLSTATE[42S22]: Column not found: 1054 Unknown column 'subscribers.matches_id' in 'where clause' at D:/ANDROID/kabaddi-counter-viewModel/backend_laravel/vendor/laravel/framework/src/Illuminate/Database/Connection.php:421)
[stacktrace]
#0 D:/ANDROID/kabaddi-counter-viewModel/backend_laravel/vendor/laravel/framework/src/Illuminate/Database/Connection.php(421): PDO->prepare()
#1 D:/ANDROID/kabaddi-counter-viewModel/backend_laravel/vendor/laravel/framework/src/Illuminate/Database/Connection.php(830): Illuminate/Database/Connection->Illuminate/Database/{closure}()
#2 D:/ANDROID/kabaddi-counter-viewModel/backend_laravel/vendor/laravel/framework/src/Illuminate/Database/Connection.php(797): Illuminate/Database/Connection->runQueryCallback()
#3 D:/ANDROID/kabaddi-counter-viewModel/backend_laravel/vendor/laravel/framework/src/Illuminate/Database/Connection.php(412): Illuminate/Database/Connection->run()
#4 D:/ANDROID/kabaddi-counter-viewModel/backend_laravel/vendor/laravel/framework/src/Illuminate/Database/Query/Builder.php(3567): Illuminate/Database/Connection->select()
#5 D:/ANDROID/kabaddi-counter-viewModel/backend_laravel/vendor/laravel/framework/src/Illuminate/Database/Query/Builder.php(3551): Illuminate/Database/Query/Builder->runSelect()
#6 D:/ANDROID/kabaddi-counter-viewModel/backend_laravel/vendor/laravel/framework/src/Illuminate/Database/Eloquent/Builder.php(908): Illuminate/Database/Query/Builder->get()
#7 D:/ANDROID/kabaddi-counter-viewModel/backend_laravel/vendor/laravel/framework/src/Illuminate/Database/Eloquent/Builder.php(890): Illuminate/Database/Eloquent/Builder->getModels()
#8 D:/ANDROID/kabaddi-counter-viewModel/backend_laravel/vendor/laravel/framework/src/Illuminate/Database/Eloquent/Relations/HasMany.php(41): Illuminate/Database/Eloquent/Builder->get()
#9 D:/ANDROID/kabaddi-counter-viewModel/backend_laravel/vendor/laravel/framework/src/Illuminate/Database/Eloquent/Concerns/HasAttributes.php(651): Illuminate/Database/Eloquent/Relations/HasMany->getResults()
#10 D:/ANDROID/kabaddi-counter-viewModel/backend_laravel/vendor/laravel/framework/src/Illuminate/Database/Eloquent/Concerns/HasAttributes.php(587): Illuminate/Database/Eloquent/Model->getRelationshipFromMethod()
#11 D:/ANDROID/kabaddi-counter-viewModel/backend_laravel/vendor/laravel/framework/src/Illuminate/Database/Eloquent/Concerns/HasAttributes.php(506): Illuminate/Database/Eloquent/Model->getRelationValue()
#12 D:/ANDROID/kabaddi-counter-viewModel/backend_laravel/vendor/laravel/framework/src/Illuminate/Database/Eloquent/Model.php(2690): Illuminate/Database/Eloquent/Model->getAttribute()
#13 D:/ANDROID/kabaddi-counter-viewModel/backend_laravel/app/Http/Controllers/Api/MatchController.php(141): Illuminate/Database/Eloquent/Model->__get()
#14 D:/ANDROID/kabaddi-counter-viewModel/backend_laravel/vendor/laravel/framework/src/Illuminate/Routing/ControllerDispatcher.php(46): App/Http/Controllers/Api/MatchController->endMatch()
#15 D:/ANDROID/kabaddi-counter-viewModel/backend_laravel/vendor/laravel/framework/src/Illuminate/Routing/Route.php(269): Illuminate/Routing/ControllerDispatcher->dispatch()
#16 D:/ANDROID/kabaddi-counter-viewModel/backend_laravel/vendor/laravel/framework/src/Illuminate/Routing/Route.php(215): Illuminate/Routing/Route->runController()
#17 D:/ANDROID/kabaddi-counter-viewModel/backend_laravel/vendor/laravel/framework/src/Illuminate/Routing/Router.php(822): Illuminate/Routing/Route->run()
#18 D:/ANDROID/kabaddi-counter-viewModel/backend_laravel/vendor/laravel/framework/src/Illuminate/Pipeline/Pipeline.php(180): Illuminate/Routing/Router->Illuminate/Routing/{closure}()
#19 D:/ANDROID/kabaddi-counter-viewModel/backend_laravel/vendor/laravel/framework/src/Illuminate/Routing/Middleware/SubstituteBindings.php(52): Illuminate/Pipeline/Pipeline->Illuminate/Pipeline/{closure}()
#20 D:/ANDROID/kabaddi-counter-viewModel/backend_laravel/vendor/laravel/framework/src/Illuminate/Pipeline/Pipeline.php(219): Illuminate/Routing/Middleware/SubstituteBindings->handle()
#21 D:/ANDROID/kabaddi-counter-viewModel/backend_laravel/vendor/laravel/framework/src/Illuminate/Pipeline/Pipeline.php(137): Illuminate/Pipeline/Pipeline->Illuminate/Pipeline/{closure}()
#22 D:/ANDROID/kabaddi-counter-viewModel/backend_laravel/vendor/laravel/framework/src/Illuminate/Routing/Router.php(821): Illuminate/Pipeline/Pipeline->then()
#23 D:/ANDROID/kabaddi-counter-viewModel/backend_laravel/vendor/laravel/framework/src/Illuminate/Routing/Router.php(800): Illuminate/Routing/Router->runRouteWithinStack()
#24 D:/ANDROID/kabaddi-counter-viewModel/backend_laravel/vendor/laravel/framework/src/Illuminate/Routing/Router.php(764): Illuminate/Routing/Router->runRoute()
#25 D:/ANDROID/kabaddi-counter-viewModel/backend_laravel/vendor/laravel/framework/src/Illuminate/Routing/Router.php(753): Illuminate/Routing/Router->dispatchToRoute()
#26 D:/ANDROID/kabaddi-counter-viewModel/backend_laravel/vendor/laravel/framework/src/Illuminate/Foundation/Http/Kernel.php(200): Illuminate/Routing/Router->dispatch()
#27 D:/ANDROID/kabaddi-counter-viewModel/backend_laravel/vendor/laravel/framework/src/Illuminate/Pipeline/Pipeline.php(180): Illuminate/Foundation/Http/Kernel->Illuminate/Foundation/Http/{closure}()
#28 D:/ANDROID/kabaddi-counter-viewModel/backend_laravel/vendor/laravel/framework/src/Illuminate/Foundation/Http/Middleware/TransformsRequest.php(21): Illuminate/Pipeline/Pipeline->Illuminate/Pipeline/{closure}()
#29 D:/ANDROID/kabaddi-counter-viewModel/backend_laravel/vendor/laravel/framework/src/Illuminate/Foundation/Http/Middleware/ConvertEmptyStringsToNull.php(31): Illuminate/Foundation/Http/Middleware/TransformsRequest->handle()
#30 D:/ANDROID/kabaddi-counter-viewModel/backend_laravel/vendor/laravel/framework/src/Illuminate/Pipeline/Pipeline.php(219): Illuminate/Foundation/Http/Middleware/ConvertEmptyStringsToNull->handle()
#31 D:/ANDROID/kabaddi-counter-viewModel/backend_laravel/vendor/laravel/framework/src/Illuminate/Foundation/Http/Middleware/TransformsRequest.php(21): Illuminate/Pipeline/Pipeline->Illuminate/Pipeline/{closure}()
#32 D:/ANDROID/kabaddi-counter-viewModel/backend_laravel/vendor/laravel/framework/src/Illuminate/Foundation/Http/Middleware/TrimStrings.php(51): Illuminate/Foundation/Http/Middleware/TransformsRequest->handle()
#33 D:/ANDROID/kabaddi-counter-viewModel/backend_laravel/vendor/laravel/framework/src/Illuminate/Pipeline/Pipeline.php(219): Illuminate/Foundation/Http/Middleware/TrimStrings->handle()
#34 D:/ANDROID/kabaddi-counter-viewModel/backend_laravel/vendor/laravel/framework/src/Illuminate/Http/Middleware/ValidatePostSize.php(27): Illuminate/Pipeline/Pipeline->Illuminate/Pipeline/{closure}()
#35 D:/ANDROID/kabaddi-counter-viewModel/backend_laravel/vendor/laravel/framework/src/Illuminate/Pipeline/Pipeline.php(219): Illuminate/Http/Middleware/ValidatePostSize->handle()
#36 D:/ANDROID/kabaddi-counter-viewModel/backend_laravel/vendor/laravel/framework/src/Illuminate/Foundation/Http/Middleware/PreventRequestsDuringMaintenance.php(109): Illuminate/Pipeline/Pipeline->Illuminate/Pipeline/{closure}()
#37 D:/ANDROID/kabaddi-counter-viewModel/backend_laravel/vendor/laravel/framework/src/Illuminate/Pipeline/Pipeline.php(219): Illuminate/Foundation/Http/Middleware/PreventRequestsDuringMaintenance->handle()
#38 D:/ANDROID/kabaddi-counter-viewModel/backend_laravel/vendor/laravel/framework/src/Illuminate/Http/Middleware/HandleCors.php(74): Illuminate/Pipeline/Pipeline->Illuminate/Pipeline/{closure}()
#39 D:/ANDROID/kabaddi-counter-viewModel/backend_laravel/vendor/laravel/framework/src/Illuminate/Pipeline/Pipeline.php(219): Illuminate/Http/Middleware/HandleCors->handle()
#40 D:/ANDROID/kabaddi-counter-viewModel/backend_laravel/vendor/laravel/framework/src/Illuminate/Http/Middleware/TrustProxies.php(58): Illuminate/Pipeline/Pipeline->Illuminate/Pipeline/{closure}()
#41 D:/ANDROID/kabaddi-counter-viewModel/backend_laravel/vendor/laravel/framework/src/Illuminate/Pipeline/Pipeline.php(219): Illuminate/Http/Middleware/TrustProxies->handle()
#42 D:/ANDROID/kabaddi-counter-viewModel/backend_laravel/vendor/laravel/framework/src/Illuminate/Foundation/Http/Middleware/InvokeDeferredCallbacks.php(22): Illuminate/Pipeline/Pipeline->Illuminate/Pipeline/{closure}()
#43 D:/ANDROID/kabaddi-counter-viewModel/backend_laravel/vendor/laravel/framework/src/Illuminate/Pipeline/Pipeline.php(219): Illuminate/Foundation/Http/Middleware/InvokeDeferredCallbacks->handle()
#44 D:/ANDROID/kabaddi-counter-viewModel/backend_laravel/vendor/laravel/framework/src/Illuminate/Http/Middleware/ValidatePathEncoding.php(28): Illuminate/Pipeline/Pipeline->Illuminate/Pipeline/{closure}()
#45 D:/ANDROID/kabaddi-counter-viewModel/backend_laravel/vendor/laravel/framework/src/Illuminate/Pipeline/Pipeline.php(219): Illuminate/Http/Middleware/ValidatePathEncoding->handle()
#46 D:/ANDROID/kabaddi-counter-viewModel/backend_laravel/vendor/laravel/framework/src/Illuminate/Pipeline/Pipeline.php(137): Illuminate/Pipeline/Pipeline->Illuminate/Pipeline/{closure}()
#47 D:/ANDROID/kabaddi-counter-viewModel/backend_laravel/vendor/laravel/framework/src/Illuminate/Foundation/Http/Kernel.php(175): Illuminate/Pipeline/Pipeline->then()
#48 D:/ANDROID/kabaddi-counter-viewModel/backend_laravel/vendor/laravel/framework/src/Illuminate/Foundation/Http/Kernel.php(144): Illuminate/Foundation/Http/Kernel->sendRequestThroughRouter()
#49 D:/ANDROID/kabaddi-counter-viewModel/backend_laravel/vendor/laravel/framework/src/Illuminate/Foundation/Application.php(1220): Illuminate/Foundation/Http/Kernel->handle()
#50 D:/ANDROID/kabaddi-counter-viewModel/backend_laravel/public/index.php(20): Illuminate/Foundation/Application->handleRequest()
#51 D:/ANDROID/kabaddi-counter-viewModel/backend_laravel/vendor/laravel/framework/src/Illuminate/Foundation/resources/server.php(23): require_once('...')
#52 {main}
"} 
[2026-06-09 04:28:15] local.ERROR: SQLSTATE[42S22]: Column not found: 1054 Unknown column 'subscribers.matches_id' in 'where clause' (Connection: mysql, Host: 127.0.0.1, Port: 3306, Database: kabaddi_counter, SQL: select * from `subscribers` where `subscribers`.`matches_id` = 3 and `subscribers`.`matches_id` is not null) {"exception":"[object] (Illuminate\\Database\\QueryException(code: 42S22): SQLSTATE[42S22]: Column not found: 1054 Unknown column 'subscribers.matches_id' in 'where clause' (Connection: mysql, Host: 127.0.0.1, Port: 3306, Database: kabaddi_counter, SQL: select * from `subscribers` where `subscribers`.`matches_id` = 3 and `subscribers`.`matches_id` is not null) at D:/ANDROID/kabaddi-counter-viewModel/backend_laravel/vendor/laravel/framework/src/Illuminate/Database/Connection.php:841)
[stacktrace]
#0 D:/ANDROID/kabaddi-counter-viewModel/backend_laravel/vendor/laravel/framework/src/Illuminate/Database/Connection.php(797): Illuminate/Database/Connection->runQueryCallback()
#1 D:/ANDROID/kabaddi-counter-viewModel/backend_laravel/vendor/laravel/framework/src/Illuminate/Database/Connection.php(412): Illuminate/Database/Connection->run()
#2 D:/ANDROID/kabaddi-counter-viewModel/backend_laravel/vendor/laravel/framework/src/Illuminate/Database/Query/Builder.php(3567): Illuminate/Database/Connection->select()
#3 D:/ANDROID/kabaddi-counter-viewModel/backend_laravel/vendor/laravel/framework/src/Illuminate/Database/Query/Builder.php(3551): Illuminate/Database/Query/Builder->runSelect()
#4 D:/ANDROID/kabaddi-counter-viewModel/backend_laravel/vendor/laravel/framework/src/Illuminate/Database/Eloquent/Builder.php(908): Illuminate/Database/Query/Builder->get()
#5 D:/ANDROID/kabaddi-counter-viewModel/backend_laravel/vendor/laravel/framework/src/Illuminate/Database/Eloquent/Builder.php(890): Illuminate/Database/Eloquent/Builder->getModels()
#6 D:/ANDROID/kabaddi-counter-viewModel/backend_laravel/vendor/laravel/framework/src/Illuminate/Database/Eloquent/Relations/HasMany.php(41): Illuminate/Database/Eloquent/Builder->get()
#7 D:/ANDROID/kabaddi-counter-viewModel/backend_laravel/vendor/laravel/framework/src/Illuminate/Database/Eloquent/Concerns/HasAttributes.php(651): Illuminate/Database/Eloquent/Relations/HasMany->getResults()
#8 D:/ANDROID/kabaddi-counter-viewModel/backend_laravel/vendor/laravel/framework/src/Illuminate/Database/Eloquent/Concerns/HasAttributes.php(587): Illuminate/Database/Eloquent/Model->getRelationshipFromMethod()
#9 D:/ANDROID/kabaddi-counter-viewModel/backend_laravel/vendor/laravel/framework/src/Illuminate/Database/Eloquent/Concerns/HasAttributes.php(506): Illuminate/Database/Eloquent/Model->getRelationValue()
#10 D:/ANDROID/kabaddi-counter-viewModel/backend_laravel/vendor/laravel/framework/src/Illuminate/Database/Eloquent/Model.php(2690): Illuminate/Database/Eloquent/Model->getAttribute()
#11 D:/ANDROID/kabaddi-counter-viewModel/backend_laravel/app/Http/Controllers/Api/MatchController.php(141): Illuminate/Database/Eloquent/Model->__get()
#12 D:/ANDROID/kabaddi-counter-viewModel/backend_laravel/vendor/laravel/framework/src/Illuminate/Routing/ControllerDispatcher.php(46): App/Http/Controllers/Api/MatchController->endMatch()
#13 D:/ANDROID/kabaddi-counter-viewModel/backend_laravel/vendor/laravel/framework/src/Illuminate/Routing/Route.php(269): Illuminate/Routing/ControllerDispatcher->dispatch()
#14 D:/ANDROID/kabaddi-counter-viewModel/backend_laravel/vendor/laravel/framework/src/Illuminate/Routing/Route.php(215): Illuminate/Routing/Route->runController()
#15 D:/ANDROID/kabaddi-counter-viewModel/backend_laravel/vendor/laravel/framework/src/Illuminate/Routing/Router.php(822): Illuminate/Routing/Route->run()
#16 D:/ANDROID/kabaddi-counter-viewModel/backend_laravel/vendor/laravel/framework/src/Illuminate/Pipeline/Pipeline.php(180): Illuminate/Routing/Router->Illuminate/Routing/{closure}()
#17 D:/ANDROID/kabaddi-counter-viewModel/backend_laravel/vendor/laravel/framework/src/Illuminate/Routing/Middleware/SubstituteBindings.php(52): Illuminate/Pipeline/Pipeline->Illuminate/Pipeline/{closure}()
#18 D:/ANDROID/kabaddi-counter-viewModel/backend_laravel/vendor/laravel/framework/src/Illuminate/Pipeline/Pipeline.php(219): Illuminate/Routing/Middleware/SubstituteBindings->handle()
#19 D:/ANDROID/kabaddi-counter-viewModel/backend_laravel/vendor/laravel/framework/src/Illuminate/Pipeline/Pipeline.php(137): Illuminate/Pipeline/Pipeline->Illuminate/Pipeline/{closure}()
#20 D:/ANDROID/kabaddi-counter-viewModel/backend_laravel/vendor/laravel/framework/src/Illuminate/Routing/Router.php(821): Illuminate/Pipeline/Pipeline->then()
#21 D:/ANDROID/kabaddi-counter-viewModel/backend_laravel/vendor/laravel/framework/src/Illuminate/Routing/Router.php(800): Illuminate/Routing/Router->runRouteWithinStack()
#22 D:/ANDROID/kabaddi-counter-viewModel/backend_laravel/vendor/laravel/framework/src/Illuminate/Routing/Router.php(764): Illuminate/Routing/Router->runRoute()
#23 D:/ANDROID/kabaddi-counter-viewModel/backend_laravel/vendor/laravel/framework/src/Illuminate/Routing/Router.php(753): Illuminate/Routing/Router->dispatchToRoute()
#24 D:/ANDROID/kabaddi-counter-viewModel/backend_laravel/vendor/laravel/framework/src/Illuminate/Foundation/Http/Kernel.php(200): Illuminate/Routing/Router->dispatch()
#25 D:/ANDROID/kabaddi-counter-viewModel/backend_laravel/vendor/laravel/framework/src/Illuminate/Pipeline/Pipeline.php(180): Illuminate/Foundation/Http/Kernel->Illuminate/Foundation/Http/{closure}()
#26 D:/ANDROID/kabaddi-counter-viewModel/backend_laravel/vendor/laravel/framework/src/Illuminate/Foundation/Http/Middleware/TransformsRequest.php(21): Illuminate/Pipeline/Pipeline->Illuminate/Pipeline/{closure}()
#27 D:/ANDROID/kabaddi-counter-viewModel/backend_laravel/vendor/laravel/framework/src/Illuminate/Foundation/Http/Middleware/ConvertEmptyStringsToNull.php(31): Illuminate/Foundation/Http/Middleware/TransformsRequest->handle()
#28 D:/ANDROID/kabaddi-counter-viewModel/backend_laravel/vendor/laravel/framework/src/Illuminate/Pipeline/Pipeline.php(219): Illuminate/Foundation/Http/Middleware/ConvertEmptyStringsToNull->handle()
#29 D:/ANDROID/kabaddi-counter-viewModel/backend_laravel/vendor/laravel/framework/src/Illuminate/Foundation/Http/Middleware/TransformsRequest.php(21): Illuminate/Pipeline/Pipeline->Illuminate/Pipeline/{closure}()
#30 D:/ANDROID/kabaddi-counter-viewModel/backend_laravel/vendor/laravel/framework/src/Illuminate/Foundation/Http/Middleware/TrimStrings.php(51): Illuminate/Foundation/Http/Middleware/TransformsRequest->handle()
#31 D:/ANDROID/kabaddi-counter-viewModel/backend_laravel/vendor/laravel/framework/src/Illuminate/Pipeline/Pipeline.php(219): Illuminate/Foundation/Http/Middleware/TrimStrings->handle()
#32 D:/ANDROID/kabaddi-counter-viewModel/backend_laravel/vendor/laravel/framework/src/Illuminate/Http/Middleware/ValidatePostSize.php(27): Illuminate/Pipeline/Pipeline->Illuminate/Pipeline/{closure}()
#33 D:/ANDROID/kabaddi-counter-viewModel/backend_laravel/vendor/laravel/framework/src/Illuminate/Pipeline/Pipeline.php(219): Illuminate/Http/Middleware/ValidatePostSize->handle()
#34 D:/ANDROID/kabaddi-counter-viewModel/backend_laravel/vendor/laravel/framework/src/Illuminate/Foundation/Http/Middleware/PreventRequestsDuringMaintenance.php(109): Illuminate/Pipeline/Pipeline->Illuminate/Pipeline/{closure}()
#35 D:/ANDROID/kabaddi-counter-viewModel/backend_laravel/vendor/laravel/framework/src/Illuminate/Pipeline/Pipeline.php(219): Illuminate/Foundation/Http/Middleware/PreventRequestsDuringMaintenance->handle()
#36 D:/ANDROID/kabaddi-counter-viewModel/backend_laravel/vendor/laravel/framework/src/Illuminate/Http/Middleware/HandleCors.php(74): Illuminate/Pipeline/Pipeline->Illuminate/Pipeline/{closure}()
#37 D:/ANDROID/kabaddi-counter-viewModel/backend_laravel/vendor/laravel/framework/src/Illuminate/Pipeline/Pipeline.php(219): Illuminate/Http/Middleware/HandleCors->handle()
#38 D:/ANDROID/kabaddi-counter-viewModel/backend_laravel/vendor/laravel/framework/src/Illuminate/Http/Middleware/TrustProxies.php(58): Illuminate/Pipeline/Pipeline->Illuminate/Pipeline/{closure}()
#39 D:/ANDROID/kabaddi-counter-viewModel/backend_laravel/vendor/laravel/framework/src/Illuminate/Pipeline/Pipeline.php(219): Illuminate/Http/Middleware/TrustProxies->handle()
#40 D:/ANDROID/kabaddi-counter-viewModel/backend_laravel/vendor/laravel/framework/src/Illuminate/Foundation/Http/Middleware/InvokeDeferredCallbacks.php(22): Illuminate/Pipeline/Pipeline->Illuminate/Pipeline/{closure}()
#41 D:/ANDROID/kabaddi-counter-viewModel/backend_laravel/vendor/laravel/framework/src/Illuminate/Pipeline/Pipeline.php(219): Illuminate/Foundation/Http/Middleware/InvokeDeferredCallbacks->handle()
#42 D:/ANDROID/kabaddi-counter-viewModel/backend_laravel/vendor/laravel/framework/src/Illuminate/Http/Middleware/ValidatePathEncoding.php(28): Illuminate/Pipeline/Pipeline->Illuminate/Pipeline/{closure}()
#43 D:/ANDROID/kabaddi-counter-viewModel/backend_laravel/vendor/laravel/framework/src/Illuminate/Pipeline/Pipeline.php(219): Illuminate/Http/Middleware/ValidatePathEncoding->handle()
#44 D:/ANDROID/kabaddi-counter-viewModel/backend_laravel/vendor/laravel/framework/src/Illuminate/Pipeline/Pipeline.php(137): Illuminate/Pipeline/Pipeline->Illuminate/Pipeline/{closure}()
#45 D:/ANDROID/kabaddi-counter-viewModel/backend_laravel/vendor/laravel/framework/src/Illuminate/Foundation/Http/Kernel.php(175): Illuminate/Pipeline/Pipeline->then()
#46 D:/ANDROID/kabaddi-counter-viewModel/backend_laravel/vendor/laravel/framework/src/Illuminate/Foundation/Http/Kernel.php(144): Illuminate/Foundation/Http/Kernel->sendRequestThroughRouter()
#47 D:/ANDROID/kabaddi-counter-viewModel/backend_laravel/vendor/laravel/framework/src/Illuminate/Foundation/Application.php(1220): Illuminate/Foundation/Http/Kernel->handle()
#48 D:/ANDROID/kabaddi-counter-viewModel/backend_laravel/public/index.php(20): Illuminate/Foundation/Application->handleRequest()
#49 D:/ANDROID/kabaddi-counter-viewModel/backend_laravel/vendor/laravel/framework/src/Illuminate/Foundation/resources/server.php(23): require_once('...')
#50 {main}

[previous exception] [object] (PDOException(code: 42S22): SQLSTATE[42S22]: Column not found: 1054 Unknown column 'subscribers.matches_id' in 'where clause' at D:/ANDROID/kabaddi-counter-viewModel/backend_laravel/vendor/laravel/framework/src/Illuminate/Database/Connection.php:421)
[stacktrace]
#0 D:/ANDROID/kabaddi-counter-viewModel/backend_laravel/vendor/laravel/framework/src/Illuminate/Database/Connection.php(421): PDO->prepare()
#1 D:/ANDROID/kabaddi-counter-viewModel/backend_laravel/vendor/laravel/framework/src/Illuminate/Database/Connection.php(830): Illuminate/Database/Connection->Illuminate/Database/{closure}()
#2 D:/ANDROID/kabaddi-counter-viewModel/backend_laravel/vendor/laravel/framework/src/Illuminate/Database/Connection.php(797): Illuminate/Database/Connection->runQueryCallback()
#3 D:/ANDROID/kabaddi-counter-viewModel/backend_laravel/vendor/laravel/framework/src/Illuminate/Database/Connection.php(412): Illuminate/Database/Connection->run()
#4 D:/ANDROID/kabaddi-counter-viewModel/backend_laravel/vendor/laravel/framework/src/Illuminate/Database/Query/Builder.php(3567): Illuminate/Database/Connection->select()
#5 D:/ANDROID/kabaddi-counter-viewModel/backend_laravel/vendor/laravel/framework/src/Illuminate/Database/Query/Builder.php(3551): Illuminate/Database/Query/Builder->runSelect()
#6 D:/ANDROID/kabaddi-counter-viewModel/backend_laravel/vendor/laravel/framework/src/Illuminate/Database/Eloquent/Builder.php(908): Illuminate/Database/Query/Builder->get()
#7 D:/ANDROID/kabaddi-counter-viewModel/backend_laravel/vendor/laravel/framework/src/Illuminate/Database/Eloquent/Builder.php(890): Illuminate/Database/Eloquent/Builder->getModels()
#8 D:/ANDROID/kabaddi-counter-viewModel/backend_laravel/vendor/laravel/framework/src/Illuminate/Database/Eloquent/Relations/HasMany.php(41): Illuminate/Database/Eloquent/Builder->get()
#9 D:/ANDROID/kabaddi-counter-viewModel/backend_laravel/vendor/laravel/framework/src/Illuminate/Database/Eloquent/Concerns/HasAttributes.php(651): Illuminate/Database/Eloquent/Relations/HasMany->getResults()
#10 D:/ANDROID/kabaddi-counter-viewModel/backend_laravel/vendor/laravel/framework/src/Illuminate/Database/Eloquent/Concerns/HasAttributes.php(587): Illuminate/Database/Eloquent/Model->getRelationshipFromMethod()
#11 D:/ANDROID/kabaddi-counter-viewModel/backend_laravel/vendor/laravel/framework/src/Illuminate/Database/Eloquent/Concerns/HasAttributes.php(506): Illuminate/Database/Eloquent/Model->getRelationValue()
#12 D:/ANDROID/kabaddi-counter-viewModel/backend_laravel/vendor/laravel/framework/src/Illuminate/Database/Eloquent/Model.php(2690): Illuminate/Database/Eloquent/Model->getAttribute()
#13 D:/ANDROID/kabaddi-counter-viewModel/backend_laravel/app/Http/Controllers/Api/MatchController.php(141): Illuminate/Database/Eloquent/Model->__get()
#14 D:/ANDROID/kabaddi-counter-viewModel/backend_laravel/vendor/laravel/framework/src/Illuminate/Routing/ControllerDispatcher.php(46): App/Http/Controllers/Api/MatchController->endMatch()
#15 D:/ANDROID/kabaddi-counter-viewModel/backend_laravel/vendor/laravel/framework/src/Illuminate/Routing/Route.php(269): Illuminate/Routing/ControllerDispatcher->dispatch()
#16 D:/ANDROID/kabaddi-counter-viewModel/backend_laravel/vendor/laravel/framework/src/Illuminate/Routing/Route.php(215): Illuminate/Routing/Route->runController()
#17 D:/ANDROID/kabaddi-counter-viewModel/backend_laravel/vendor/laravel/framework/src/Illuminate/Routing/Router.php(822): Illuminate/Routing/Route->run()
#18 D:/ANDROID/kabaddi-counter-viewModel/backend_laravel/vendor/laravel/framework/src/Illuminate/Pipeline/Pipeline.php(180): Illuminate/Routing/Router->Illuminate/Routing/{closure}()
#19 D:/ANDROID/kabaddi-counter-viewModel/backend_laravel/vendor/laravel/framework/src/Illuminate/Routing/Middleware/SubstituteBindings.php(52): Illuminate/Pipeline/Pipeline->Illuminate/Pipeline/{closure}()
#20 D:/ANDROID/kabaddi-counter-viewModel/backend_laravel/vendor/laravel/framework/src/Illuminate/Pipeline/Pipeline.php(219): Illuminate/Routing/Middleware/SubstituteBindings->handle()
#21 D:/ANDROID/kabaddi-counter-viewModel/backend_laravel/vendor/laravel/framework/src/Illuminate/Pipeline/Pipeline.php(137): Illuminate/Pipeline/Pipeline->Illuminate/Pipeline/{closure}()
#22 D:/ANDROID/kabaddi-counter-viewModel/backend_laravel/vendor/laravel/framework/src/Illuminate/Routing/Router.php(821): Illuminate/Pipeline/Pipeline->then()
#23 D:/ANDROID/kabaddi-counter-viewModel/backend_laravel/vendor/laravel/framework/src/Illuminate/Routing/Router.php(800): Illuminate/Routing/Router->runRouteWithinStack()
#24 D:/ANDROID/kabaddi-counter-viewModel/backend_laravel/vendor/laravel/framework/src/Illuminate/Routing/Router.php(764): Illuminate/Routing/Router->runRoute()
#25 D:/ANDROID/kabaddi-counter-viewModel/backend_laravel/vendor/laravel/framework/src/Illuminate/Routing/Router.php(753): Illuminate/Routing/Router->dispatchToRoute()
#26 D:/ANDROID/kabaddi-counter-viewModel/backend_laravel/vendor/laravel/framework/src/Illuminate/Foundation/Http/Kernel.php(200): Illuminate/Routing/Router->dispatch()
#27 D:/ANDROID/kabaddi-counter-viewModel/backend_laravel/vendor/laravel/framework/src/Illuminate/Pipeline/Pipeline.php(180): Illuminate/Foundation/Http/Kernel->Illuminate/Foundation/Http/{closure}()
#28 D:/ANDROID/kabaddi-counter-viewModel/backend_laravel/vendor/laravel/framework/src/Illuminate/Foundation/Http/Middleware/TransformsRequest.php(21): Illuminate/Pipeline/Pipeline->Illuminate/Pipeline/{closure}()
#29 D:/ANDROID/kabaddi-counter-viewModel/backend_laravel/vendor/laravel/framework/src/Illuminate/Foundation/Http/Middleware/ConvertEmptyStringsToNull.php(31): Illuminate/Foundation/Http/Middleware/TransformsRequest->handle()
#30 D:/ANDROID/kabaddi-counter-viewModel/backend_laravel/vendor/laravel/framework/src/Illuminate/Pipeline/Pipeline.php(219): Illuminate/Foundation/Http/Middleware/ConvertEmptyStringsToNull->handle()
#31 D:/ANDROID/kabaddi-counter-viewModel/backend_laravel/vendor/laravel/framework/src/Illuminate/Foundation/Http/Middleware/TransformsRequest.php(21): Illuminate/Pipeline/Pipeline->Illuminate/Pipeline/{closure}()
#32 D:/ANDROID/kabaddi-counter-viewModel/backend_laravel/vendor/laravel/framework/src/Illuminate/Foundation/Http/Middleware/TrimStrings.php(51): Illuminate/Foundation/Http/Middleware/TransformsRequest->handle()
#33 D:/ANDROID/kabaddi-counter-viewModel/backend_laravel/vendor/laravel/framework/src/Illuminate/Pipeline/Pipeline.php(219): Illuminate/Foundation/Http/Middleware/TrimStrings->handle()
#34 D:/ANDROID/kabaddi-counter-viewModel/backend_laravel/vendor/laravel/framework/src/Illuminate/Http/Middleware/ValidatePostSize.php(27): Illuminate/Pipeline/Pipeline->Illuminate/Pipeline/{closure}()
#35 D:/ANDROID/kabaddi-counter-viewModel/backend_laravel/vendor/laravel/framework/src/Illuminate/Pipeline/Pipeline.php(219): Illuminate/Http/Middleware/ValidatePostSize->handle()
#36 D:/ANDROID/kabaddi-counter-viewModel/backend_laravel/vendor/laravel/framework/src/Illuminate/Foundation/Http/Middleware/PreventRequestsDuringMaintenance.php(109): Illuminate/Pipeline/Pipeline->Illuminate/Pipeline/{closure}()
#37 D:/ANDROID/kabaddi-counter-viewModel/backend_laravel/vendor/laravel/framework/src/Illuminate/Pipeline/Pipeline.php(219): Illuminate/Foundation/Http/Middleware/PreventRequestsDuringMaintenance->handle()
#38 D:/ANDROID/kabaddi-counter-viewModel/backend_laravel/vendor/laravel/framework/src/Illuminate/Http/Middleware/HandleCors.php(74): Illuminate/Pipeline/Pipeline->Illuminate/Pipeline/{closure}()
#39 D:/ANDROID/kabaddi-counter-viewModel/backend_laravel/vendor/laravel/framework/src/Illuminate/Pipeline/Pipeline.php(219): Illuminate/Http/Middleware/HandleCors->handle()
#40 D:/ANDROID/kabaddi-counter-viewModel/backend_laravel/vendor/laravel/framework/src/Illuminate/Http/Middleware/TrustProxies.php(58): Illuminate/Pipeline/Pipeline->Illuminate/Pipeline/{closure}()
#41 D:/ANDROID/kabaddi-counter-viewModel/backend_laravel/vendor/laravel/framework/src/Illuminate/Pipeline/Pipeline.php(219): Illuminate/Http/Middleware/TrustProxies->handle()
#42 D:/ANDROID/kabaddi-counter-viewModel/backend_laravel/vendor/laravel/framework/src/Illuminate/Foundation/Http/Middleware/InvokeDeferredCallbacks.php(22): Illuminate/Pipeline/Pipeline->Illuminate/Pipeline/{closure}()
#43 D:/ANDROID/kabaddi-counter-viewModel/backend_laravel/vendor/laravel/framework/src/Illuminate/Pipeline/Pipeline.php(219): Illuminate/Foundation/Http/Middleware/InvokeDeferredCallbacks->handle()
#44 D:/ANDROID/kabaddi-counter-viewModel/backend_laravel/vendor/laravel/framework/src/Illuminate/Http/Middleware/ValidatePathEncoding.php(28): Illuminate/Pipeline/Pipeline->Illuminate/Pipeline/{closure}()
#45 D:/ANDROID/kabaddi-counter-viewModel/backend_laravel/vendor/laravel/framework/src/Illuminate/Pipeline/Pipeline.php(219): Illuminate/Http/Middleware/ValidatePathEncoding->handle()
#46 D:/ANDROID/kabaddi-counter-viewModel/backend_laravel/vendor/laravel/framework/src/Illuminate/Pipeline/Pipeline.php(137): Illuminate/Pipeline/Pipeline->Illuminate/Pipeline/{closure}()
#47 D:/ANDROID/kabaddi-counter-viewModel/backend_laravel/vendor/laravel/framework/src/Illuminate/Foundation/Http/Kernel.php(175): Illuminate/Pipeline/Pipeline->then()
#48 D:/ANDROID/kabaddi-counter-viewModel/backend_laravel/vendor/laravel/framework/src/Illuminate/Foundation/Http/Kernel.php(144): Illuminate/Foundation/Http/Kernel->sendRequestThroughRouter()
#49 D:/ANDROID/kabaddi-counter-viewModel/backend_laravel/vendor/laravel/framework/src/Illuminate/Foundation/Application.php(1220): Illuminate/Foundation/Http/Kernel->handle()
#50 D:/ANDROID/kabaddi-counter-viewModel/backend_laravel/public/index.php(20): Illuminate/Foundation/Application->handleRequest()
#51 D:/ANDROID/kabaddi-counter-viewModel/backend_laravel/vendor/laravel/framework/src/Illuminate/Foundation/resources/server.php(23): require_once('...')
#52 {main}
"} 
[2026-06-09 04:31:59] local.ERROR: SQLSTATE[42S22]: Column not found: 1054 Unknown column 'subscribers.matches_id' in 'where clause' (Connection: mysql, Host: 127.0.0.1, Port: 3306, Database: kabaddi_counter, SQL: select * from `subscribers` where `subscribers`.`matches_id` = 3 and `subscribers`.`matches_id` is not null) {"exception":"[object] (Illuminate\\Database\\QueryException(code: 42S22): SQLSTATE[42S22]: Column not found: 1054 Unknown column 'subscribers.matches_id' in 'where clause' (Connection: mysql, Host: 127.0.0.1, Port: 3306, Database: kabaddi_counter, SQL: select * from `subscribers` where `subscribers`.`matches_id` = 3 and `subscribers`.`matches_id` is not null) at D:/ANDROID/kabaddi-counter-viewModel/backend_laravel/vendor/laravel/framework/src/Illuminate/Database/Connection.php:841)
[stacktrace]
#0 D:/ANDROID/kabaddi-counter-viewModel/backend_laravel/vendor/laravel/framework/src/Illuminate/Database/Connection.php(797): Illuminate/Database/Connection->runQueryCallback()
#1 D:/ANDROID/kabaddi-counter-viewModel/backend_laravel/vendor/laravel/framework/src/Illuminate/Database/Connection.php(412): Illuminate/Database/Connection->run()
#2 D:/ANDROID/kabaddi-counter-viewModel/backend_laravel/vendor/laravel/framework/src/Illuminate/Database/Query/Builder.php(3567): Illuminate/Database/Connection->select()
#3 D:/ANDROID/kabaddi-counter-viewModel/backend_laravel/vendor/laravel/framework/src/Illuminate/Database/Query/Builder.php(3551): Illuminate/Database/Query/Builder->runSelect()
#4 D:/ANDROID/kabaddi-counter-viewModel/backend_laravel/vendor/laravel/framework/src/Illuminate/Database/Eloquent/Builder.php(908): Illuminate/Database/Query/Builder->get()
#5 D:/ANDROID/kabaddi-counter-viewModel/backend_laravel/vendor/laravel/framework/src/Illuminate/Database/Eloquent/Builder.php(890): Illuminate/Database/Eloquent/Builder->getModels()
#6 D:/ANDROID/kabaddi-counter-viewModel/backend_laravel/vendor/laravel/framework/src/Illuminate/Database/Eloquent/Relations/HasMany.php(41): Illuminate/Database/Eloquent/Builder->get()
#7 D:/ANDROID/kabaddi-counter-viewModel/backend_laravel/vendor/laravel/framework/src/Illuminate/Database/Eloquent/Concerns/HasAttributes.php(651): Illuminate/Database/Eloquent/Relations/HasMany->getResults()
#8 D:/ANDROID/kabaddi-counter-viewModel/backend_laravel/vendor/laravel/framework/src/Illuminate/Database/Eloquent/Concerns/HasAttributes.php(587): Illuminate/Database/Eloquent/Model->getRelationshipFromMethod()
#9 D:/ANDROID/kabaddi-counter-viewModel/backend_laravel/vendor/laravel/framework/src/Illuminate/Database/Eloquent/Concerns/HasAttributes.php(506): Illuminate/Database/Eloquent/Model->getRelationValue()
#10 D:/ANDROID/kabaddi-counter-viewModel/backend_laravel/vendor/laravel/framework/src/Illuminate/Database/Eloquent/Model.php(2690): Illuminate/Database/Eloquent/Model->getAttribute()
#11 D:/ANDROID/kabaddi-counter-viewModel/backend_laravel/app/Http/Controllers/Api/MatchController.php(141): Illuminate/Database/Eloquent/Model->__get()
#12 D:/ANDROID/kabaddi-counter-viewModel/backend_laravel/vendor/laravel/framework/src/Illuminate/Routing/ControllerDispatcher.php(46): App/Http/Controllers/Api/MatchController->endMatch()
#13 D:/ANDROID/kabaddi-counter-viewModel/backend_laravel/vendor/laravel/framework/src/Illuminate/Routing/Route.php(269): Illuminate/Routing/ControllerDispatcher->dispatch()
#14 D:/ANDROID/kabaddi-counter-viewModel/backend_laravel/vendor/laravel/framework/src/Illuminate/Routing/Route.php(215): Illuminate/Routing/Route->runController()
#15 D:/ANDROID/kabaddi-counter-viewModel/backend_laravel/vendor/laravel/framework/src/Illuminate/Routing/Router.php(822): Illuminate/Routing/Route->run()
#16 D:/ANDROID/kabaddi-counter-viewModel/backend_laravel/vendor/laravel/framework/src/Illuminate/Pipeline/Pipeline.php(180): Illuminate/Routing/Router->Illuminate/Routing/{closure}()
#17 D:/ANDROID/kabaddi-counter-viewModel/backend_laravel/vendor/laravel/framework/src/Illuminate/Routing/Middleware/SubstituteBindings.php(52): Illuminate/Pipeline/Pipeline->Illuminate/Pipeline/{closure}()
#18 D:/ANDROID/kabaddi-counter-viewModel/backend_laravel/vendor/laravel/framework/src/Illuminate/Pipeline/Pipeline.php(219): Illuminate/Routing/Middleware/SubstituteBindings->handle()
#19 D:/ANDROID/kabaddi-counter-viewModel/backend_laravel/vendor/laravel/framework/src/Illuminate/Pipeline/Pipeline.php(137): Illuminate/Pipeline/Pipeline->Illuminate/Pipeline/{closure}()
#20 D:/ANDROID/kabaddi-counter-viewModel/backend_laravel/vendor/laravel/framework/src/Illuminate/Routing/Router.php(821): Illuminate/Pipeline/Pipeline->then()
#21 D:/ANDROID/kabaddi-counter-viewModel/backend_laravel/vendor/laravel/framework/src/Illuminate/Routing/Router.php(800): Illuminate/Routing/Router->runRouteWithinStack()
#22 D:/ANDROID/kabaddi-counter-viewModel/backend_laravel/vendor/laravel/framework/src/Illuminate/Routing/Router.php(764): Illuminate/Routing/Router->runRoute()
#23 D:/ANDROID/kabaddi-counter-viewModel/backend_laravel/vendor/laravel/framework/src/Illuminate/Routing/Router.php(753): Illuminate/Routing/Router->dispatchToRoute()
#24 D:/ANDROID/kabaddi-counter-viewModel/backend_laravel/vendor/laravel/framework/src/Illuminate/Foundation/Http/Kernel.php(200): Illuminate/Routing/Router->dispatch()
#25 D:/ANDROID/kabaddi-counter-viewModel/backend_laravel/vendor/laravel/framework/src/Illuminate/Pipeline/Pipeline.php(180): Illuminate/Foundation/Http/Kernel->Illuminate/Foundation/Http/{closure}()
#26 D:/ANDROID/kabaddi-counter-viewModel/backend_laravel/vendor/laravel/framework/src/Illuminate/Foundation/Http/Middleware/TransformsRequest.php(21): Illuminate/Pipeline/Pipeline->Illuminate/Pipeline/{closure}()
#27 D:/ANDROID/kabaddi-counter-viewModel/backend_laravel/vendor/laravel/framework/src/Illuminate/Foundation/Http/Middleware/ConvertEmptyStringsToNull.php(31): Illuminate/Foundation/Http/Middleware/TransformsRequest->handle()
#28 D:/ANDROID/kabaddi-counter-viewModel/backend_laravel/vendor/laravel/framework/src/Illuminate/Pipeline/Pipeline.php(219): Illuminate/Foundation/Http/Middleware/ConvertEmptyStringsToNull->handle()
#29 D:/ANDROID/kabaddi-counter-viewModel/backend_laravel/vendor/laravel/framework/src/Illuminate/Foundation/Http/Middleware/TransformsRequest.php(21): Illuminate/Pipeline/Pipeline->Illuminate/Pipeline/{closure}()
#30 D:/ANDROID/kabaddi-counter-viewModel/backend_laravel/vendor/laravel/framework/src/Illuminate/Foundation/Http/Middleware/TrimStrings.php(51): Illuminate/Foundation/Http/Middleware/TransformsRequest->handle()
#31 D:/ANDROID/kabaddi-counter-viewModel/backend_laravel/vendor/laravel/framework/src/Illuminate/Pipeline/Pipeline.php(219): Illuminate/Foundation/Http/Middleware/TrimStrings->handle()
#32 D:/ANDROID/kabaddi-counter-viewModel/backend_laravel/vendor/laravel/framework/src/Illuminate/Http/Middleware/ValidatePostSize.php(27): Illuminate/Pipeline/Pipeline->Illuminate/Pipeline/{closure}()
#33 D:/ANDROID/kabaddi-counter-viewModel/backend_laravel/vendor/laravel/framework/src/Illuminate/Pipeline/Pipeline.php(219): Illuminate/Http/Middleware/ValidatePostSize->handle()
#34 D:/ANDROID/kabaddi-counter-viewModel/backend_laravel/vendor/laravel/framework/src/Illuminate/Foundation/Http/Middleware/PreventRequestsDuringMaintenance.php(109): Illuminate/Pipeline/Pipeline->Illuminate/Pipeline/{closure}()
#35 D:/ANDROID/kabaddi-counter-viewModel/backend_laravel/vendor/laravel/framework/src/Illuminate/Pipeline/Pipeline.php(219): Illuminate/Foundation/Http/Middleware/PreventRequestsDuringMaintenance->handle()
#36 D:/ANDROID/kabaddi-counter-viewModel/backend_laravel/vendor/laravel/framework/src/Illuminate/Http/Middleware/HandleCors.php(74): Illuminate/Pipeline/Pipeline->Illuminate/Pipeline/{closure}()
#37 D:/ANDROID/kabaddi-counter-viewModel/backend_laravel/vendor/laravel/framework/src/Illuminate/Pipeline/Pipeline.php(219): Illuminate/Http/Middleware/HandleCors->handle()
#38 D:/ANDROID/kabaddi-counter-viewModel/backend_laravel/vendor/laravel/framework/src/Illuminate/Http/Middleware/TrustProxies.php(58): Illuminate/Pipeline/Pipeline->Illuminate/Pipeline/{closure}()
#39 D:/ANDROID/kabaddi-counter-viewModel/backend_laravel/vendor/laravel/framework/src/Illuminate/Pipeline/Pipeline.php(219): Illuminate/Http/Middleware/TrustProxies->handle()
#40 D:/ANDROID/kabaddi-counter-viewModel/backend_laravel/vendor/laravel/framework/src/Illuminate/Foundation/Http/Middleware/InvokeDeferredCallbacks.php(22): Illuminate/Pipeline/Pipeline->Illuminate/Pipeline/{closure}()
#41 D:/ANDROID/kabaddi-counter-viewModel/backend_laravel/vendor/laravel/framework/src/Illuminate/Pipeline/Pipeline.php(219): Illuminate/Foundation/Http/Middleware/InvokeDeferredCallbacks->handle()
#42 D:/ANDROID/kabaddi-counter-viewModel/backend_laravel/vendor/laravel/framework/src/Illuminate/Http/Middleware/ValidatePathEncoding.php(28): Illuminate/Pipeline/Pipeline->Illuminate/Pipeline/{closure}()
#43 D:/ANDROID/kabaddi-counter-viewModel/backend_laravel/vendor/laravel/framework/src/Illuminate/Pipeline/Pipeline.php(219): Illuminate/Http/Middleware/ValidatePathEncoding->handle()
#44 D:/ANDROID/kabaddi-counter-viewModel/backend_laravel/vendor/laravel/framework/src/Illuminate/Pipeline/Pipeline.php(137): Illuminate/Pipeline/Pipeline->Illuminate/Pipeline/{closure}()
#45 D:/ANDROID/kabaddi-counter-viewModel/backend_laravel/vendor/laravel/framework/src/Illuminate/Foundation/Http/Kernel.php(175): Illuminate/Pipeline/Pipeline->then()
#46 D:/ANDROID/kabaddi-counter-viewModel/backend_laravel/vendor/laravel/framework/src/Illuminate/Foundation/Http/Kernel.php(144): Illuminate/Foundation/Http/Kernel->sendRequestThroughRouter()
#47 D:/ANDROID/kabaddi-counter-viewModel/backend_laravel/vendor/laravel/framework/src/Illuminate/Foundation/Application.php(1220): Illuminate/Foundation/Http/Kernel->handle()
#48 D:/ANDROID/kabaddi-counter-viewModel/backend_laravel/public/index.php(20): Illuminate/Foundation/Application->handleRequest()
#49 D:/ANDROID/kabaddi-counter-viewModel/backend_laravel/vendor/laravel/framework/src/Illuminate/Foundation/resources/server.php(23): require_once('...')
#50 {main}

[previous exception] [object] (PDOException(code: 42S22): SQLSTATE[42S22]: Column not found: 1054 Unknown column 'subscribers.matches_id' in 'where clause' at D:/ANDROID/kabaddi-counter-viewModel/backend_laravel/vendor/laravel/framework/src/Illuminate/Database/Connection.php:421)
[stacktrace]
#0 D:/ANDROID/kabaddi-counter-viewModel/backend_laravel/vendor/laravel/framework/src/Illuminate/Database/Connection.php(421): PDO->prepare()
#1 D:/ANDROID/kabaddi-counter-viewModel/backend_laravel/vendor/laravel/framework/src/Illuminate/Database/Connection.php(830): Illuminate/Database/Connection->Illuminate/Database/{closure}()
#2 D:/ANDROID/kabaddi-counter-viewModel/backend_laravel/vendor/laravel/framework/src/Illuminate/Database/Connection.php(797): Illuminate/Database/Connection->runQueryCallback()
#3 D:/ANDROID/kabaddi-counter-viewModel/backend_laravel/vendor/laravel/framework/src/Illuminate/Database/Connection.php(412): Illuminate/Database/Connection->run()
#4 D:/ANDROID/kabaddi-counter-viewModel/backend_laravel/vendor/laravel/framework/src/Illuminate/Database/Query/Builder.php(3567): Illuminate/Database/Connection->select()
#5 D:/ANDROID/kabaddi-counter-viewModel/backend_laravel/vendor/laravel/framework/src/Illuminate/Database/Query/Builder.php(3551): Illuminate/Database/Query/Builder->runSelect()
#6 D:/ANDROID/kabaddi-counter-viewModel/backend_laravel/vendor/laravel/framework/src/Illuminate/Database/Eloquent/Builder.php(908): Illuminate/Database/Query/Builder->get()
#7 D:/ANDROID/kabaddi-counter-viewModel/backend_laravel/vendor/laravel/framework/src/Illuminate/Database/Eloquent/Builder.php(890): Illuminate/Database/Eloquent/Builder->getModels()
#8 D:/ANDROID/kabaddi-counter-viewModel/backend_laravel/vendor/laravel/framework/src/Illuminate/Database/Eloquent/Relations/HasMany.php(41): Illuminate/Database/Eloquent/Builder->get()
#9 D:/ANDROID/kabaddi-counter-viewModel/backend_laravel/vendor/laravel/framework/src/Illuminate/Database/Eloquent/Concerns/HasAttributes.php(651): Illuminate/Database/Eloquent/Relations/HasMany->getResults()
#10 D:/ANDROID/kabaddi-counter-viewModel/backend_laravel/vendor/laravel/framework/src/Illuminate/Database/Eloquent/Concerns/HasAttributes.php(587): Illuminate/Database/Eloquent/Model->getRelationshipFromMethod()
#11 D:/ANDROID/kabaddi-counter-viewModel/backend_laravel/vendor/laravel/framework/src/Illuminate/Database/Eloquent/Concerns/HasAttributes.php(506): Illuminate/Database/Eloquent/Model->getRelationValue()
#12 D:/ANDROID/kabaddi-counter-viewModel/backend_laravel/vendor/laravel/framework/src/Illuminate/Database/Eloquent/Model.php(2690): Illuminate/Database/Eloquent/Model->getAttribute()
#13 D:/ANDROID/kabaddi-counter-viewModel/backend_laravel/app/Http/Controllers/Api/MatchController.php(141): Illuminate/Database/Eloquent/Model->__get()
#14 D:/ANDROID/kabaddi-counter-viewModel/backend_laravel/vendor/laravel/framework/src/Illuminate/Routing/ControllerDispatcher.php(46): App/Http/Controllers/Api/MatchController->endMatch()
#15 D:/ANDROID/kabaddi-counter-viewModel/backend_laravel/vendor/laravel/framework/src/Illuminate/Routing/Route.php(269): Illuminate/Routing/ControllerDispatcher->dispatch()
#16 D:/ANDROID/kabaddi-counter-viewModel/backend_laravel/vendor/laravel/framework/src/Illuminate/Routing/Route.php(215): Illuminate/Routing/Route->runController()
#17 D:/ANDROID/kabaddi-counter-viewModel/backend_laravel/vendor/laravel/framework/src/Illuminate/Routing/Router.php(822): Illuminate/Routing/Route->run()
#18 D:/ANDROID/kabaddi-counter-viewModel/backend_laravel/vendor/laravel/framework/src/Illuminate/Pipeline/Pipeline.php(180): Illuminate/Routing/Router->Illuminate/Routing/{closure}()
#19 D:/ANDROID/kabaddi-counter-viewModel/backend_laravel/vendor/laravel/framework/src/Illuminate/Routing/Middleware/SubstituteBindings.php(52): Illuminate/Pipeline/Pipeline->Illuminate/Pipeline/{closure}()
#20 D:/ANDROID/kabaddi-counter-viewModel/backend_laravel/vendor/laravel/framework/src/Illuminate/Pipeline/Pipeline.php(219): Illuminate/Routing/Middleware/SubstituteBindings->handle()
#21 D:/ANDROID/kabaddi-counter-viewModel/backend_laravel/vendor/laravel/framework/src/Illuminate/Pipeline/Pipeline.php(137): Illuminate/Pipeline/Pipeline->Illuminate/Pipeline/{closure}()
#22 D:/ANDROID/kabaddi-counter-viewModel/backend_laravel/vendor/laravel/framework/src/Illuminate/Routing/Router.php(821): Illuminate/Pipeline/Pipeline->then()
#23 D:/ANDROID/kabaddi-counter-viewModel/backend_laravel/vendor/laravel/framework/src/Illuminate/Routing/Router.php(800): Illuminate/Routing/Router->runRouteWithinStack()
#24 D:/ANDROID/kabaddi-counter-viewModel/backend_laravel/vendor/laravel/framework/src/Illuminate/Routing/Router.php(764): Illuminate/Routing/Router->runRoute()
#25 D:/ANDROID/kabaddi-counter-viewModel/backend_laravel/vendor/laravel/framework/src/Illuminate/Routing/Router.php(753): Illuminate/Routing/Router->dispatchToRoute()
#26 D:/ANDROID/kabaddi-counter-viewModel/backend_laravel/vendor/laravel/framework/src/Illuminate/Foundation/Http/Kernel.php(200): Illuminate/Routing/Router->dispatch()
#27 D:/ANDROID/kabaddi-counter-viewModel/backend_laravel/vendor/laravel/framework/src/Illuminate/Pipeline/Pipeline.php(180): Illuminate/Foundation/Http/Kernel->Illuminate/Foundation/Http/{closure}()
#28 D:/ANDROID/kabaddi-counter-viewModel/backend_laravel/vendor/laravel/framework/src/Illuminate/Foundation/Http/Middleware/TransformsRequest.php(21): Illuminate/Pipeline/Pipeline->Illuminate/Pipeline/{closure}()
#29 D:/ANDROID/kabaddi-counter-viewModel/backend_laravel/vendor/laravel/framework/src/Illuminate/Foundation/Http/Middleware/ConvertEmptyStringsToNull.php(31): Illuminate/Foundation/Http/Middleware/TransformsRequest->handle()
#30 D:/ANDROID/kabaddi-counter-viewModel/backend_laravel/vendor/laravel/framework/src/Illuminate/Pipeline/Pipeline.php(219): Illuminate/Foundation/Http/Middleware/ConvertEmptyStringsToNull->handle()
#31 D:/ANDROID/kabaddi-counter-viewModel/backend_laravel/vendor/laravel/framework/src/Illuminate/Foundation/Http/Middleware/TransformsRequest.php(21): Illuminate/Pipeline/Pipeline->Illuminate/Pipeline/{closure}()
#32 D:/ANDROID/kabaddi-counter-viewModel/backend_laravel/vendor/laravel/framework/src/Illuminate/Foundation/Http/Middleware/TrimStrings.php(51): Illuminate/Foundation/Http/Middleware/TransformsRequest->handle()
#33 D:/ANDROID/kabaddi-counter-viewModel/backend_laravel/vendor/laravel/framework/src/Illuminate/Pipeline/Pipeline.php(219): Illuminate/Foundation/Http/Middleware/TrimStrings->handle()
#34 D:/ANDROID/kabaddi-counter-viewModel/backend_laravel/vendor/laravel/framework/src/Illuminate/Http/Middleware/ValidatePostSize.php(27): Illuminate/Pipeline/Pipeline->Illuminate/Pipeline/{closure}()
#35 D:/ANDROID/kabaddi-counter-viewModel/backend_laravel/vendor/laravel/framework/src/Illuminate/Pipeline/Pipeline.php(219): Illuminate/Http/Middleware/ValidatePostSize->handle()
#36 D:/ANDROID/kabaddi-counter-viewModel/backend_laravel/vendor/laravel/framework/src/Illuminate/Foundation/Http/Middleware/PreventRequestsDuringMaintenance.php(109): Illuminate/Pipeline/Pipeline->Illuminate/Pipeline/{closure}()
#37 D:/ANDROID/kabaddi-counter-viewModel/backend_laravel/vendor/laravel/framework/src/Illuminate/Pipeline/Pipeline.php(219): Illuminate/Foundation/Http/Middleware/PreventRequestsDuringMaintenance->handle()
#38 D:/ANDROID/kabaddi-counter-viewModel/backend_laravel/vendor/laravel/framework/src/Illuminate/Http/Middleware/HandleCors.php(74): Illuminate/Pipeline/Pipeline->Illuminate/Pipeline/{closure}()
#39 D:/ANDROID/kabaddi-counter-viewModel/backend_laravel/vendor/laravel/framework/src/Illuminate/Pipeline/Pipeline.php(219): Illuminate/Http/Middleware/HandleCors->handle()
#40 D:/ANDROID/kabaddi-counter-viewModel/backend_laravel/vendor/laravel/framework/src/Illuminate/Http/Middleware/TrustProxies.php(58): Illuminate/Pipeline/Pipeline->Illuminate/Pipeline/{closure}()
#41 D:/ANDROID/kabaddi-counter-viewModel/backend_laravel/vendor/laravel/framework/src/Illuminate/Pipeline/Pipeline.php(219): Illuminate/Http/Middleware/TrustProxies->handle()
#42 D:/ANDROID/kabaddi-counter-viewModel/backend_laravel/vendor/laravel/framework/src/Illuminate/Foundation/Http/Middleware/InvokeDeferredCallbacks.php(22): Illuminate/Pipeline/Pipeline->Illuminate/Pipeline/{closure}()
#43 D:/ANDROID/kabaddi-counter-viewModel/backend_laravel/vendor/laravel/framework/src/Illuminate/Pipeline/Pipeline.php(219): Illuminate/Foundation/Http/Middleware/InvokeDeferredCallbacks->handle()
#44 D:/ANDROID/kabaddi-counter-viewModel/backend_laravel/vendor/laravel/framework/src/Illuminate/Http/Middleware/ValidatePathEncoding.php(28): Illuminate/Pipeline/Pipeline->Illuminate/Pipeline/{closure}()
#45 D:/ANDROID/kabaddi-counter-viewModel/backend_laravel/vendor/laravel/framework/src/Illuminate/Pipeline/Pipeline.php(219): Illuminate/Http/Middleware/ValidatePathEncoding->handle()
#46 D:/ANDROID/kabaddi-counter-viewModel/backend_laravel/vendor/laravel/framework/src/Illuminate/Pipeline/Pipeline.php(137): Illuminate/Pipeline/Pipeline->Illuminate/Pipeline/{closure}()
#47 D:/ANDROID/kabaddi-counter-viewModel/backend_laravel/vendor/laravel/framework/src/Illuminate/Foundation/Http/Kernel.php(175): Illuminate/Pipeline/Pipeline->then()
#48 D:/ANDROID/kabaddi-counter-viewModel/backend_laravel/vendor/laravel/framework/src/Illuminate/Foundation/Http/Kernel.php(144): Illuminate/Foundation/Http/Kernel->sendRequestThroughRouter()
#49 D:/ANDROID/kabaddi-counter-viewModel/backend_laravel/vendor/laravel/framework/src/Illuminate/Foundation/Application.php(1220): Illuminate/Foundation/Http/Kernel->handle()
#50 D:/ANDROID/kabaddi-counter-viewModel/backend_laravel/public/index.php(20): Illuminate/Foundation/Application->handleRequest()
#51 D:/ANDROID/kabaddi-counter-viewModel/backend_laravel/vendor/laravel/framework/src/Illuminate/Foundation/resources/server.php(23): require_once('...')
#52 {main}
"} 
[2026-06-09 04:33:32] local.ERROR: SQLSTATE[42S22]: Column not found: 1054 Unknown column 'subscribers.matches_id' in 'where clause' (Connection: mysql, Host: 127.0.0.1, Port: 3306, Database: kabaddi_counter, SQL: select * from `subscribers` where `subscribers`.`matches_id` = 3 and `subscribers`.`matches_id` is not null) {"exception":"[object] (Illuminate\\Database\\QueryException(code: 42S22): SQLSTATE[42S22]: Column not found: 1054 Unknown column 'subscribers.matches_id' in 'where clause' (Connection: mysql, Host: 127.0.0.1, Port: 3306, Database: kabaddi_counter, SQL: select * from `subscribers` where `subscribers`.`matches_id` = 3 and `subscribers`.`matches_id` is not null) at D:/ANDROID/kabaddi-counter-viewModel/backend_laravel/vendor/laravel/framework/src/Illuminate/Database/Connection.php:841)
[stacktrace]
#0 D:/ANDROID/kabaddi-counter-viewModel/backend_laravel/vendor/laravel/framework/src/Illuminate/Database/Connection.php(797): Illuminate/Database/Connection->runQueryCallback()
#1 D:/ANDROID/kabaddi-counter-viewModel/backend_laravel/vendor/laravel/framework/src/Illuminate/Database/Connection.php(412): Illuminate/Database/Connection->run()
#2 D:/ANDROID/kabaddi-counter-viewModel/backend_laravel/vendor/laravel/framework/src/Illuminate/Database/Query/Builder.php(3567): Illuminate/Database/Connection->select()
#3 D:/ANDROID/kabaddi-counter-viewModel/backend_laravel/vendor/laravel/framework/src/Illuminate/Database/Query/Builder.php(3551): Illuminate/Database/Query/Builder->runSelect()
#4 D:/ANDROID/kabaddi-counter-viewModel/backend_laravel/vendor/laravel/framework/src/Illuminate/Database/Eloquent/Builder.php(908): Illuminate/Database/Query/Builder->get()
#5 D:/ANDROID/kabaddi-counter-viewModel/backend_laravel/vendor/laravel/framework/src/Illuminate/Database/Eloquent/Builder.php(890): Illuminate/Database/Eloquent/Builder->getModels()
#6 D:/ANDROID/kabaddi-counter-viewModel/backend_laravel/vendor/laravel/framework/src/Illuminate/Database/Eloquent/Relations/HasMany.php(41): Illuminate/Database/Eloquent/Builder->get()
#7 D:/ANDROID/kabaddi-counter-viewModel/backend_laravel/vendor/laravel/framework/src/Illuminate/Database/Eloquent/Concerns/HasAttributes.php(651): Illuminate/Database/Eloquent/Relations/HasMany->getResults()
#8 D:/ANDROID/kabaddi-counter-viewModel/backend_laravel/vendor/laravel/framework/src/Illuminate/Database/Eloquent/Concerns/HasAttributes.php(587): Illuminate/Database/Eloquent/Model->getRelationshipFromMethod()
#9 D:/ANDROID/kabaddi-counter-viewModel/backend_laravel/vendor/laravel/framework/src/Illuminate/Database/Eloquent/Concerns/HasAttributes.php(506): Illuminate/Database/Eloquent/Model->getRelationValue()
#10 D:/ANDROID/kabaddi-counter-viewModel/backend_laravel/vendor/laravel/framework/src/Illuminate/Database/Eloquent/Model.php(2690): Illuminate/Database/Eloquent/Model->getAttribute()
#11 D:/ANDROID/kabaddi-counter-viewModel/backend_laravel/app/Http/Controllers/Api/MatchController.php(141): Illuminate/Database/Eloquent/Model->__get()
#12 D:/ANDROID/kabaddi-counter-viewModel/backend_laravel/vendor/laravel/framework/src/Illuminate/Routing/ControllerDispatcher.php(46): App/Http/Controllers/Api/MatchController->endMatch()
#13 D:/ANDROID/kabaddi-counter-viewModel/backend_laravel/vendor/laravel/framework/src/Illuminate/Routing/Route.php(269): Illuminate/Routing/ControllerDispatcher->dispatch()
#14 D:/ANDROID/kabaddi-counter-viewModel/backend_laravel/vendor/laravel/framework/src/Illuminate/Routing/Route.php(215): Illuminate/Routing/Route->runController()
#15 D:/ANDROID/kabaddi-counter-viewModel/backend_laravel/vendor/laravel/framework/src/Illuminate/Routing/Router.php(822): Illuminate/Routing/Route->run()
#16 D:/ANDROID/kabaddi-counter-viewModel/backend_laravel/vendor/laravel/framework/src/Illuminate/Pipeline/Pipeline.php(180): Illuminate/Routing/Router->Illuminate/Routing/{closure}()
#17 D:/ANDROID/kabaddi-counter-viewModel/backend_laravel/vendor/laravel/framework/src/Illuminate/Routing/Middleware/SubstituteBindings.php(52): Illuminate/Pipeline/Pipeline->Illuminate/Pipeline/{closure}()
#18 D:/ANDROID/kabaddi-counter-viewModel/backend_laravel/vendor/laravel/framework/src/Illuminate/Pipeline/Pipeline.php(219): Illuminate/Routing/Middleware/SubstituteBindings->handle()
#19 D:/ANDROID/kabaddi-counter-viewModel/backend_laravel/vendor/laravel/framework/src/Illuminate/Pipeline/Pipeline.php(137): Illuminate/Pipeline/Pipeline->Illuminate/Pipeline/{closure}()
#20 D:/ANDROID/kabaddi-counter-viewModel/backend_laravel/vendor/laravel/framework/src/Illuminate/Routing/Router.php(821): Illuminate/Pipeline/Pipeline->then()
#21 D:/ANDROID/kabaddi-counter-viewModel/backend_laravel/vendor/laravel/framework/src/Illuminate/Routing/Router.php(800): Illuminate/Routing/Router->runRouteWithinStack()
#22 D:/ANDROID/kabaddi-counter-viewModel/backend_laravel/vendor/laravel/framework/src/Illuminate/Routing/Router.php(764): Illuminate/Routing/Router->runRoute()
#23 D:/ANDROID/kabaddi-counter-viewModel/backend_laravel/vendor/laravel/framework/src/Illuminate/Routing/Router.php(753): Illuminate/Routing/Router->dispatchToRoute()
#24 D:/ANDROID/kabaddi-counter-viewModel/backend_laravel/vendor/laravel/framework/src/Illuminate/Foundation/Http/Kernel.php(200): Illuminate/Routing/Router->dispatch()
#25 D:/ANDROID/kabaddi-counter-viewModel/backend_laravel/vendor/laravel/framework/src/Illuminate/Pipeline/Pipeline.php(180): Illuminate/Foundation/Http/Kernel->Illuminate/Foundation/Http/{closure}()
#26 D:/ANDROID/kabaddi-counter-viewModel/backend_laravel/vendor/laravel/framework/src/Illuminate/Foundation/Http/Middleware/TransformsRequest.php(21): Illuminate/Pipeline/Pipeline->Illuminate/Pipeline/{closure}()
#27 D:/ANDROID/kabaddi-counter-viewModel/backend_laravel/vendor/laravel/framework/src/Illuminate/Foundation/Http/Middleware/ConvertEmptyStringsToNull.php(31): Illuminate/Foundation/Http/Middleware/TransformsRequest->handle()
#28 D:/ANDROID/kabaddi-counter-viewModel/backend_laravel/vendor/laravel/framework/src/Illuminate/Pipeline/Pipeline.php(219): Illuminate/Foundation/Http/Middleware/ConvertEmptyStringsToNull->handle()
#29 D:/ANDROID/kabaddi-counter-viewModel/backend_laravel/vendor/laravel/framework/src/Illuminate/Foundation/Http/Middleware/TransformsRequest.php(21): Illuminate/Pipeline/Pipeline->Illuminate/Pipeline/{closure}()
#30 D:/ANDROID/kabaddi-counter-viewModel/backend_laravel/vendor/laravel/framework/src/Illuminate/Foundation/Http/Middleware/TrimStrings.php(51): Illuminate/Foundation/Http/Middleware/TransformsRequest->handle()
#31 D:/ANDROID/kabaddi-counter-viewModel/backend_laravel/vendor/laravel/framework/src/Illuminate/Pipeline/Pipeline.php(219): Illuminate/Foundation/Http/Middleware/TrimStrings->handle()
#32 D:/ANDROID/kabaddi-counter-viewModel/backend_laravel/vendor/laravel/framework/src/Illuminate/Http/Middleware/ValidatePostSize.php(27): Illuminate/Pipeline/Pipeline->Illuminate/Pipeline/{closure}()
#33 D:/ANDROID/kabaddi-counter-viewModel/backend_laravel/vendor/laravel/framework/src/Illuminate/Pipeline/Pipeline.php(219): Illuminate/Http/Middleware/ValidatePostSize->handle()
#34 D:/ANDROID/kabaddi-counter-viewModel/backend_laravel/vendor/laravel/framework/src/Illuminate/Foundation/Http/Middleware/PreventRequestsDuringMaintenance.php(109): Illuminate/Pipeline/Pipeline->Illuminate/Pipeline/{closure}()
#35 D:/ANDROID/kabaddi-counter-viewModel/backend_laravel/vendor/laravel/framework/src/Illuminate/Pipeline/Pipeline.php(219): Illuminate/Foundation/Http/Middleware/PreventRequestsDuringMaintenance->handle()
#36 D:/ANDROID/kabaddi-counter-viewModel/backend_laravel/vendor/laravel/framework/src/Illuminate/Http/Middleware/HandleCors.php(74): Illuminate/Pipeline/Pipeline->Illuminate/Pipeline/{closure}()
#37 D:/ANDROID/kabaddi-counter-viewModel/backend_laravel/vendor/laravel/framework/src/Illuminate/Pipeline/Pipeline.php(219): Illuminate/Http/Middleware/HandleCors->handle()
#38 D:/ANDROID/kabaddi-counter-viewModel/backend_laravel/vendor/laravel/framework/src/Illuminate/Http/Middleware/TrustProxies.php(58): Illuminate/Pipeline/Pipeline->Illuminate/Pipeline/{closure}()
#39 D:/ANDROID/kabaddi-counter-viewModel/backend_laravel/vendor/laravel/framework/src/Illuminate/Pipeline/Pipeline.php(219): Illuminate/Http/Middleware/TrustProxies->handle()
#40 D:/ANDROID/kabaddi-counter-viewModel/backend_laravel/vendor/laravel/framework/src/Illuminate/Foundation/Http/Middleware/InvokeDeferredCallbacks.php(22): Illuminate/Pipeline/Pipeline->Illuminate/Pipeline/{closure}()
#41 D:/ANDROID/kabaddi-counter-viewModel/backend_laravel/vendor/laravel/framework/src/Illuminate/Pipeline/Pipeline.php(219): Illuminate/Foundation/Http/Middleware/InvokeDeferredCallbacks->handle()
#42 D:/ANDROID/kabaddi-counter-viewModel/backend_laravel/vendor/laravel/framework/src/Illuminate/Http/Middleware/ValidatePathEncoding.php(28): Illuminate/Pipeline/Pipeline->Illuminate/Pipeline/{closure}()
#43 D:/ANDROID/kabaddi-counter-viewModel/backend_laravel/vendor/laravel/framework/src/Illuminate/Pipeline/Pipeline.php(219): Illuminate/Http/Middleware/ValidatePathEncoding->handle()
#44 D:/ANDROID/kabaddi-counter-viewModel/backend_laravel/vendor/laravel/framework/src/Illuminate/Pipeline/Pipeline.php(137): Illuminate/Pipeline/Pipeline->Illuminate/Pipeline/{closure}()
#45 D:/ANDROID/kabaddi-counter-viewModel/backend_laravel/vendor/laravel/framework/src/Illuminate/Foundation/Http/Kernel.php(175): Illuminate/Pipeline/Pipeline->then()
#46 D:/ANDROID/kabaddi-counter-viewModel/backend_laravel/vendor/laravel/framework/src/Illuminate/Foundation/Http/Kernel.php(144): Illuminate/Foundation/Http/Kernel->sendRequestThroughRouter()
#47 D:/ANDROID/kabaddi-counter-viewModel/backend_laravel/vendor/laravel/framework/src/Illuminate/Foundation/Application.php(1220): Illuminate/Foundation/Http/Kernel->handle()
#48 D:/ANDROID/kabaddi-counter-viewModel/backend_laravel/public/index.php(20): Illuminate/Foundation/Application->handleRequest()
#49 D:/ANDROID/kabaddi-counter-viewModel/backend_laravel/vendor/laravel/framework/src/Illuminate/Foundation/resources/server.php(23): require_once('...')
#50 {main}

[previous exception] [object] (PDOException(code: 42S22): SQLSTATE[42S22]: Column not found: 1054 Unknown column 'subscribers.matches_id' in 'where clause' at D:/ANDROID/kabaddi-counter-viewModel/backend_laravel/vendor/laravel/framework/src/Illuminate/Database/Connection.php:421)
[stacktrace]
#0 D:/ANDROID/kabaddi-counter-viewModel/backend_laravel/vendor/laravel/framework/src/Illuminate/Database/Connection.php(421): PDO->prepare()
#1 D:/ANDROID/kabaddi-counter-viewModel/backend_laravel/vendor/laravel/framework/src/Illuminate/Database/Connection.php(830): Illuminate/Database/Connection->Illuminate/Database/{closure}()
#2 D:/ANDROID/kabaddi-counter-viewModel/backend_laravel/vendor/laravel/framework/src/Illuminate/Database/Connection.php(797): Illuminate/Database/Connection->runQueryCallback()
#3 D:/ANDROID/kabaddi-counter-viewModel/backend_laravel/vendor/laravel/framework/src/Illuminate/Database/Connection.php(412): Illuminate/Database/Connection->run()
#4 D:/ANDROID/kabaddi-counter-viewModel/backend_laravel/vendor/laravel/framework/src/Illuminate/Database/Query/Builder.php(3567): Illuminate/Database/Connection->select()
#5 D:/ANDROID/kabaddi-counter-viewModel/backend_laravel/vendor/laravel/framework/src/Illuminate/Database/Query/Builder.php(3551): Illuminate/Database/Query/Builder->runSelect()
#6 D:/ANDROID/kabaddi-counter-viewModel/backend_laravel/vendor/laravel/framework/src/Illuminate/Database/Eloquent/Builder.php(908): Illuminate/Database/Query/Builder->get()
#7 D:/ANDROID/kabaddi-counter-viewModel/backend_laravel/vendor/laravel/framework/src/Illuminate/Database/Eloquent/Builder.php(890): Illuminate/Database/Eloquent/Builder->getModels()
#8 D:/ANDROID/kabaddi-counter-viewModel/backend_laravel/vendor/laravel/framework/src/Illuminate/Database/Eloquent/Relations/HasMany.php(41): Illuminate/Database/Eloquent/Builder->get()
#9 D:/ANDROID/kabaddi-counter-viewModel/backend_laravel/vendor/laravel/framework/src/Illuminate/Database/Eloquent/Concerns/HasAttributes.php(651): Illuminate/Database/Eloquent/Relations/HasMany->getResults()
#10 D:/ANDROID/kabaddi-counter-viewModel/backend_laravel/vendor/laravel/framework/src/Illuminate/Database/Eloquent/Concerns/HasAttributes.php(587): Illuminate/Database/Eloquent/Model->getRelationshipFromMethod()
#11 D:/ANDROID/kabaddi-counter-viewModel/backend_laravel/vendor/laravel/framework/src/Illuminate/Database/Eloquent/Concerns/HasAttributes.php(506): Illuminate/Database/Eloquent/Model->getRelationValue()
#12 D:/ANDROID/kabaddi-counter-viewModel/backend_laravel/vendor/laravel/framework/src/Illuminate/Database/Eloquent/Model.php(2690): Illuminate/Database/Eloquent/Model->getAttribute()
#13 D:/ANDROID/kabaddi-counter-viewModel/backend_laravel/app/Http/Controllers/Api/MatchController.php(141): Illuminate/Database/Eloquent/Model->__get()
#14 D:/ANDROID/kabaddi-counter-viewModel/backend_laravel/vendor/laravel/framework/src/Illuminate/Routing/ControllerDispatcher.php(46): App/Http/Controllers/Api/MatchController->endMatch()
#15 D:/ANDROID/kabaddi-counter-viewModel/backend_laravel/vendor/laravel/framework/src/Illuminate/Routing/Route.php(269): Illuminate/Routing/ControllerDispatcher->dispatch()
#16 D:/ANDROID/kabaddi-counter-viewModel/backend_laravel/vendor/laravel/framework/src/Illuminate/Routing/Route.php(215): Illuminate/Routing/Route->runController()
#17 D:/ANDROID/kabaddi-counter-viewModel/backend_laravel/vendor/laravel/framework/src/Illuminate/Routing/Router.php(822): Illuminate/Routing/Route->run()
#18 D:/ANDROID/kabaddi-counter-viewModel/backend_laravel/vendor/laravel/framework/src/Illuminate/Pipeline/Pipeline.php(180): Illuminate/Routing/Router->Illuminate/Routing/{closure}()
#19 D:/ANDROID/kabaddi-counter-viewModel/backend_laravel/vendor/laravel/framework/src/Illuminate/Routing/Middleware/SubstituteBindings.php(52): Illuminate/Pipeline/Pipeline->Illuminate/Pipeline/{closure}()
#20 D:/ANDROID/kabaddi-counter-viewModel/backend_laravel/vendor/laravel/framework/src/Illuminate/Pipeline/Pipeline.php(219): Illuminate/Routing/Middleware/SubstituteBindings->handle()
#21 D:/ANDROID/kabaddi-counter-viewModel/backend_laravel/vendor/laravel/framework/src/Illuminate/Pipeline/Pipeline.php(137): Illuminate/Pipeline/Pipeline->Illuminate/Pipeline/{closure}()
#22 D:/ANDROID/kabaddi-counter-viewModel/backend_laravel/vendor/laravel/framework/src/Illuminate/Routing/Router.php(821): Illuminate/Pipeline/Pipeline->then()
#23 D:/ANDROID/kabaddi-counter-viewModel/backend_laravel/vendor/laravel/framework/src/Illuminate/Routing/Router.php(800): Illuminate/Routing/Router->runRouteWithinStack()
#24 D:/ANDROID/kabaddi-counter-viewModel/backend_laravel/vendor/laravel/framework/src/Illuminate/Routing/Router.php(764): Illuminate/Routing/Router->runRoute()
#25 D:/ANDROID/kabaddi-counter-viewModel/backend_laravel/vendor/laravel/framework/src/Illuminate/Routing/Router.php(753): Illuminate/Routing/Router->dispatchToRoute()
#26 D:/ANDROID/kabaddi-counter-viewModel/backend_laravel/vendor/laravel/framework/src/Illuminate/Foundation/Http/Kernel.php(200): Illuminate/Routing/Router->dispatch()
#27 D:/ANDROID/kabaddi-counter-viewModel/backend_laravel/vendor/laravel/framework/src/Illuminate/Pipeline/Pipeline.php(180): Illuminate/Foundation/Http/Kernel->Illuminate/Foundation/Http/{closure}()
#28 D:/ANDROID/kabaddi-counter-viewModel/backend_laravel/vendor/laravel/framework/src/Illuminate/Foundation/Http/Middleware/TransformsRequest.php(21): Illuminate/Pipeline/Pipeline->Illuminate/Pipeline/{closure}()
#29 D:/ANDROID/kabaddi-counter-viewModel/backend_laravel/vendor/laravel/framework/src/Illuminate/Foundation/Http/Middleware/ConvertEmptyStringsToNull.php(31): Illuminate/Foundation/Http/Middleware/TransformsRequest->handle()
#30 D:/ANDROID/kabaddi-counter-viewModel/backend_laravel/vendor/laravel/framework/src/Illuminate/Pipeline/Pipeline.php(219): Illuminate/Foundation/Http/Middleware/ConvertEmptyStringsToNull->handle()
#31 D:/ANDROID/kabaddi-counter-viewModel/backend_laravel/vendor/laravel/framework/src/Illuminate/Foundation/Http/Middleware/TransformsRequest.php(21): Illuminate/Pipeline/Pipeline->Illuminate/Pipeline/{closure}()
#32 D:/ANDROID/kabaddi-counter-viewModel/backend_laravel/vendor/laravel/framework/src/Illuminate/Foundation/Http/Middleware/TrimStrings.php(51): Illuminate/Foundation/Http/Middleware/TransformsRequest->handle()
#33 D:/ANDROID/kabaddi-counter-viewModel/backend_laravel/vendor/laravel/framework/src/Illuminate/Pipeline/Pipeline.php(219): Illuminate/Foundation/Http/Middleware/TrimStrings->handle()
#34 D:/ANDROID/kabaddi-counter-viewModel/backend_laravel/vendor/laravel/framework/src/Illuminate/Http/Middleware/ValidatePostSize.php(27): Illuminate/Pipeline/Pipeline->Illuminate/Pipeline/{closure}()
#35 D:/ANDROID/kabaddi-counter-viewModel/backend_laravel/vendor/laravel/framework/src/Illuminate/Pipeline/Pipeline.php(219): Illuminate/Http/Middleware/ValidatePostSize->handle()
#36 D:/ANDROID/kabaddi-counter-viewModel/backend_laravel/vendor/laravel/framework/src/Illuminate/Foundation/Http/Middleware/PreventRequestsDuringMaintenance.php(109): Illuminate/Pipeline/Pipeline->Illuminate/Pipeline/{closure}()
#37 D:/ANDROID/kabaddi-counter-viewModel/backend_laravel/vendor/laravel/framework/src/Illuminate/Pipeline/Pipeline.php(219): Illuminate/Foundation/Http/Middleware/PreventRequestsDuringMaintenance->handle()
#38 D:/ANDROID/kabaddi-counter-viewModel/backend_laravel/vendor/laravel/framework/src/Illuminate/Http/Middleware/HandleCors.php(74): Illuminate/Pipeline/Pipeline->Illuminate/Pipeline/{closure}()
#39 D:/ANDROID/kabaddi-counter-viewModel/backend_laravel/vendor/laravel/framework/src/Illuminate/Pipeline/Pipeline.php(219): Illuminate/Http/Middleware/HandleCors->handle()
#40 D:/ANDROID/kabaddi-counter-viewModel/backend_laravel/vendor/laravel/framework/src/Illuminate/Http/Middleware/TrustProxies.php(58): Illuminate/Pipeline/Pipeline->Illuminate/Pipeline/{closure}()
#41 D:/ANDROID/kabaddi-counter-viewModel/backend_laravel/vendor/laravel/framework/src/Illuminate/Pipeline/Pipeline.php(219): Illuminate/Http/Middleware/TrustProxies->handle()
#42 D:/ANDROID/kabaddi-counter-viewModel/backend_laravel/vendor/laravel/framework/src/Illuminate/Foundation/Http/Middleware/InvokeDeferredCallbacks.php(22): Illuminate/Pipeline/Pipeline->Illuminate/Pipeline/{closure}()
#43 D:/ANDROID/kabaddi-counter-viewModel/backend_laravel/vendor/laravel/framework/src/Illuminate/Pipeline/Pipeline.php(219): Illuminate/Foundation/Http/Middleware/InvokeDeferredCallbacks->handle()
#44 D:/ANDROID/kabaddi-counter-viewModel/backend_laravel/vendor/laravel/framework/src/Illuminate/Http/Middleware/ValidatePathEncoding.php(28): Illuminate/Pipeline/Pipeline->Illuminate/Pipeline/{closure}()
#45 D:/ANDROID/kabaddi-counter-viewModel/backend_laravel/vendor/laravel/framework/src/Illuminate/Pipeline/Pipeline.php(219): Illuminate/Http/Middleware/ValidatePathEncoding->handle()
#46 D:/ANDROID/kabaddi-counter-viewModel/backend_laravel/vendor/laravel/framework/src/Illuminate/Pipeline/Pipeline.php(137): Illuminate/Pipeline/Pipeline->Illuminate/Pipeline/{closure}()
#47 D:/ANDROID/kabaddi-counter-viewModel/backend_laravel/vendor/laravel/framework/src/Illuminate/Foundation/Http/Kernel.php(175): Illuminate/Pipeline/Pipeline->then()
#48 D:/ANDROID/kabaddi-counter-viewModel/backend_laravel/vendor/laravel/framework/src/Illuminate/Foundation/Http/Kernel.php(144): Illuminate/Foundation/Http/Kernel->sendRequestThroughRouter()
#49 D:/ANDROID/kabaddi-counter-viewModel/backend_laravel/vendor/laravel/framework/src/Illuminate/Foundation/Application.php(1220): Illuminate/Foundation/Http/Kernel->handle()
#50 D:/ANDROID/kabaddi-counter-viewModel/backend_laravel/public/index.php(20): Illuminate/Foundation/Application->handleRequest()
#51 D:/ANDROID/kabaddi-counter-viewModel/backend_laravel/vendor/laravel/framework/src/Illuminate/Foundation/resources/server.php(23): require_once('...')
#52 {main}
"} 
[2026-06-09 04:36:17] local.ERROR: Call to undefined method Kreait\Firebase\Messaging\CloudMessage::withTarget() {"exception":"[object] (Error(code: 0): Call to undefined method Kreait\\Firebase\\Messaging\\CloudMessage::withTarget() at D:/ANDROID/kabaddi-counter-viewModel/backend_laravel/app/Http/Controllers/Api/MatchController.php:146)
[stacktrace]
#0 D:/ANDROID/kabaddi-counter-viewModel/backend_laravel/vendor/laravel/framework/src/Illuminate/Routing/ControllerDispatcher.php(46): App/Http/Controllers/Api/MatchController->endMatch()
#1 D:/ANDROID/kabaddi-counter-viewModel/backend_laravel/vendor/laravel/framework/src/Illuminate/Routing/Route.php(269): Illuminate/Routing/ControllerDispatcher->dispatch()
#2 D:/ANDROID/kabaddi-counter-viewModel/backend_laravel/vendor/laravel/framework/src/Illuminate/Routing/Route.php(215): Illuminate/Routing/Route->runController()
#3 D:/ANDROID/kabaddi-counter-viewModel/backend_laravel/vendor/laravel/framework/src/Illuminate/Routing/Router.php(822): Illuminate/Routing/Route->run()
#4 D:/ANDROID/kabaddi-counter-viewModel/backend_laravel/vendor/laravel/framework/src/Illuminate/Pipeline/Pipeline.php(180): Illuminate/Routing/Router->Illuminate/Routing/{closure}()
#5 D:/ANDROID/kabaddi-counter-viewModel/backend_laravel/vendor/laravel/framework/src/Illuminate/Routing/Middleware/SubstituteBindings.php(52): Illuminate/Pipeline/Pipeline->Illuminate/Pipeline/{closure}()
#6 D:/ANDROID/kabaddi-counter-viewModel/backend_laravel/vendor/laravel/framework/src/Illuminate/Pipeline/Pipeline.php(219): Illuminate/Routing/Middleware/SubstituteBindings->handle()
#7 D:/ANDROID/kabaddi-counter-viewModel/backend_laravel/vendor/laravel/framework/src/Illuminate/Pipeline/Pipeline.php(137): Illuminate/Pipeline/Pipeline->Illuminate/Pipeline/{closure}()
#8 D:/ANDROID/kabaddi-counter-viewModel/backend_laravel/vendor/laravel/framework/src/Illuminate/Routing/Router.php(821): Illuminate/Pipeline/Pipeline->then()
#9 D:/ANDROID/kabaddi-counter-viewModel/backend_laravel/vendor/laravel/framework/src/Illuminate/Routing/Router.php(800): Illuminate/Routing/Router->runRouteWithinStack()
#10 D:/ANDROID/kabaddi-counter-viewModel/backend_laravel/vendor/laravel/framework/src/Illuminate/Routing/Router.php(764): Illuminate/Routing/Router->runRoute()
#11 D:/ANDROID/kabaddi-counter-viewModel/backend_laravel/vendor/laravel/framework/src/Illuminate/Routing/Router.php(753): Illuminate/Routing/Router->dispatchToRoute()
#12 D:/ANDROID/kabaddi-counter-viewModel/backend_laravel/vendor/laravel/framework/src/Illuminate/Foundation/Http/Kernel.php(200): Illuminate/Routing/Router->dispatch()
#13 D:/ANDROID/kabaddi-counter-viewModel/backend_laravel/vendor/laravel/framework/src/Illuminate/Pipeline/Pipeline.php(180): Illuminate/Foundation/Http/Kernel->Illuminate/Foundation/Http/{closure}()
#14 D:/ANDROID/kabaddi-counter-viewModel/backend_laravel/vendor/laravel/framework/src/Illuminate/Foundation/Http/Middleware/TransformsRequest.php(21): Illuminate/Pipeline/Pipeline->Illuminate/Pipeline/{closure}()
#15 D:/ANDROID/kabaddi-counter-viewModel/backend_laravel/vendor/laravel/framework/src/Illuminate/Foundation/Http/Middleware/ConvertEmptyStringsToNull.php(31): Illuminate/Foundation/Http/Middleware/TransformsRequest->handle()
#16 D:/ANDROID/kabaddi-counter-viewModel/backend_laravel/vendor/laravel/framework/src/Illuminate/Pipeline/Pipeline.php(219): Illuminate/Foundation/Http/Middleware/ConvertEmptyStringsToNull->handle()
#17 D:/ANDROID/kabaddi-counter-viewModel/backend_laravel/vendor/laravel/framework/src/Illuminate/Foundation/Http/Middleware/TransformsRequest.php(21): Illuminate/Pipeline/Pipeline->Illuminate/Pipeline/{closure}()
#18 D:/ANDROID/kabaddi-counter-viewModel/backend_laravel/vendor/laravel/framework/src/Illuminate/Foundation/Http/Middleware/TrimStrings.php(51): Illuminate/Foundation/Http/Middleware/TransformsRequest->handle()
#19 D:/ANDROID/kabaddi-counter-viewModel/backend_laravel/vendor/laravel/framework/src/Illuminate/Pipeline/Pipeline.php(219): Illuminate/Foundation/Http/Middleware/TrimStrings->handle()
#20 D:/ANDROID/kabaddi-counter-viewModel/backend_laravel/vendor/laravel/framework/src/Illuminate/Http/Middleware/ValidatePostSize.php(27): Illuminate/Pipeline/Pipeline->Illuminate/Pipeline/{closure}()
#21 D:/ANDROID/kabaddi-counter-viewModel/backend_laravel/vendor/laravel/framework/src/Illuminate/Pipeline/Pipeline.php(219): Illuminate/Http/Middleware/ValidatePostSize->handle()
#22 D:/ANDROID/kabaddi-counter-viewModel/backend_laravel/vendor/laravel/framework/src/Illuminate/Foundation/Http/Middleware/PreventRequestsDuringMaintenance.php(109): Illuminate/Pipeline/Pipeline->Illuminate/Pipeline/{closure}()
#23 D:/ANDROID/kabaddi-counter-viewModel/backend_laravel/vendor/laravel/framework/src/Illuminate/Pipeline/Pipeline.php(219): Illuminate/Foundation/Http/Middleware/PreventRequestsDuringMaintenance->handle()
#24 D:/ANDROID/kabaddi-counter-viewModel/backend_laravel/vendor/laravel/framework/src/Illuminate/Http/Middleware/HandleCors.php(74): Illuminate/Pipeline/Pipeline->Illuminate/Pipeline/{closure}()
#25 D:/ANDROID/kabaddi-counter-viewModel/backend_laravel/vendor/laravel/framework/src/Illuminate/Pipeline/Pipeline.php(219): Illuminate/Http/Middleware/HandleCors->handle()
#26 D:/ANDROID/kabaddi-counter-viewModel/backend_laravel/vendor/laravel/framework/src/Illuminate/Http/Middleware/TrustProxies.php(58): Illuminate/Pipeline/Pipeline->Illuminate/Pipeline/{closure}()
#27 D:/ANDROID/kabaddi-counter-viewModel/backend_laravel/vendor/laravel/framework/src/Illuminate/Pipeline/Pipeline.php(219): Illuminate/Http/Middleware/TrustProxies->handle()
#28 D:/ANDROID/kabaddi-counter-viewModel/backend_laravel/vendor/laravel/framework/src/Illuminate/Foundation/Http/Middleware/InvokeDeferredCallbacks.php(22): Illuminate/Pipeline/Pipeline->Illuminate/Pipeline/{closure}()
#29 D:/ANDROID/kabaddi-counter-viewModel/backend_laravel/vendor/laravel/framework/src/Illuminate/Pipeline/Pipeline.php(219): Illuminate/Foundation/Http/Middleware/InvokeDeferredCallbacks->handle()
#30 D:/ANDROID/kabaddi-counter-viewModel/backend_laravel/vendor/laravel/framework/src/Illuminate/Http/Middleware/ValidatePathEncoding.php(28): Illuminate/Pipeline/Pipeline->Illuminate/Pipeline/{closure}()
#31 D:/ANDROID/kabaddi-counter-viewModel/backend_laravel/vendor/laravel/framework/src/Illuminate/Pipeline/Pipeline.php(219): Illuminate/Http/Middleware/ValidatePathEncoding->handle()
#32 D:/ANDROID/kabaddi-counter-viewModel/backend_laravel/vendor/laravel/framework/src/Illuminate/Pipeline/Pipeline.php(137): Illuminate/Pipeline/Pipeline->Illuminate/Pipeline/{closure}()
#33 D:/ANDROID/kabaddi-counter-viewModel/backend_laravel/vendor/laravel/framework/src/Illuminate/Foundation/Http/Kernel.php(175): Illuminate/Pipeline/Pipeline->then()
#34 D:/ANDROID/kabaddi-counter-viewModel/backend_laravel/vendor/laravel/framework/src/Illuminate/Foundation/Http/Kernel.php(144): Illuminate/Foundation/Http/Kernel->sendRequestThroughRouter()
#35 D:/ANDROID/kabaddi-counter-viewModel/backend_laravel/vendor/laravel/framework/src/Illuminate/Foundation/Application.php(1220): Illuminate/Foundation/Http/Kernel->handle()
#36 D:/ANDROID/kabaddi-counter-viewModel/backend_laravel/public/index.php(20): Illuminate/Foundation/Application->handleRequest()
#37 D:/ANDROID/kabaddi-counter-viewModel/backend_laravel/vendor/laravel/framework/src/Illuminate/Foundation/resources/server.php(23): require_once('...')
#38 {main}
"} 
